Date,HomeTeam,AwayTeam,HomeTeam_Wins_Last5,AwayTeam_Wins_Last5,HomeTeam_GoalsScored_Last5,HomeTeam_GoalsConceded_Last5,AwayTeam_GoalsScored_Last5,AwayTeam_GoalsConceded_Last5,HomeTeam_H2H_WinPct,AwayTeam_H2H_WinPct,HomeTeam_Points_Last5,AwayTeam_Points_Last5,FTR,FTHG,FTAG
19/08/2000,Charlton,Man City,0,0,0,0,0,0,0.0,0.0,0,0,H,4,0
19/08/2000,Chelsea,West Ham,0,0,0,0,0,0,0.0,0.0,0,0,H,4,2
19/08/2000,Coventry,Middlesbrough,0,0,0,0,0,0,0.0,0.0,0,0,A,1,3
19/08/2000,Derby,Southampton,0,0,0,0,0,0,0.0,0.0,0,0,D,2,2
19/08/2000,Leeds,Everton,0,0,0,0,0,0,0.0,0.0,0,0,H,2,0
19/08/2000,Leicester,Aston Villa,0,0,0,0,0,0,0.0,0.0,0,0,D,0,0
19/08/2000,Liverpool,Bradford,0,0,0,0,0,0,0.0,0.0,0,0,H,1,0
19/08/2000,Sunderland,Arsenal,0,0,0,0,0,0,0.0,0.0,0,0,H,1,0
19/08/2000,Tottenham,Ipswich,0,0,0,0,0,0,0.0,0.0,0,0,H,3,1
20/08/2000,Man Utd,Newcastle,0,0,0,0,0,0,0.0,0.0,0,0,H,2,0
21/08/2000,Arsenal,Liverpool,0,0,0,1,1,0,0.0,0.0,0,3,H,2,0
22/08/2000,Bradford,Chelsea,0,0,0,1,4,2,0.0,0.0,0,3,H,2,0
22/08/2000,Ipswich,Man Utd,0,0,1,3,2,0,0.0,0.0,0,3,D,1,1
22/08/2000,Middlesbrough,Tottenham,0,0,3,1,3,1,0.0,0.0,3,3,D,1,1
23/08/2000,Man City,Sunderland,0,0,0,4,1,0,0.0,0.0,0,3,H,4,2
23/08/2000,Southampton,Coventry,0,0,2,2,1,3,0.0,0.0,1,0,A,1,2
23/08/2000,Everton,Charlton,0,0,0,2,4,0,0.0,0.0,0,3,H,3,0
23/08/2000,West Ham,Leicester,0,0,2,4,0,0,0.0,0.0,0,1,A,0,1
23/08/2000,Newcastle,Derby,0,0,0,2,2,2,0.0,0.0,0,1,H,3,2
26/08/2000,Newcastle,Tottenham,1,0,3,4,4,2,0.0,0.0,3,4,H,2,0
26/08/2000,Southampton,Liverpool,0,0,3,4,1,2,0.0,0.0,1,3,D,3,3
26/08/2000,Arsenal,Charlton,1,0,2,1,4,3,0.0,0.0,3,3,H,5,3
26/08/2000,Bradford,Leicester,1,1,2,1,1,0,0.0,0.0,3,4,D,0,0
26/08/2000,Everton,Derby,1,0,3,2,4,5,0.0,0.0,3,1,D,2,2
26/08/2000,Ipswich,Sunderland,0,0,2,4,3,4,0.0,0.0,1,3,H,1,0
26/08/2000,Man City,Coventry,1,1,4,6,3,4,0.0,0.0,3,3,A,1,2
26/08/2000,Middlesbrough,Leeds,0,0,4,2,2,0,0.0,0.0,4,3,A,1,2
26/08/2000,West Ham,Man Utd,0,0,2,5,3,1,0.0,0.0,0,4,D,2,2
27/08/2000,Aston Villa,Chelsea,0,0,0,0,4,4,0.0,0.0,1,3,D,1,1
05/09/2000,Leeds,Man City,1,0,4,1,5,8,0.0,0.0,6,3,A,1,2
05/09/2000,Man Utd,Bradford,1,0,5,3,2,1,0.0,0.0,5,4,H,6,0
05/09/2000,Sunderland,West Ham,1,0,3,5,4,7,0.0,0.0,3,1,D,1,1
05/09/2000,Tottenham,Everton,1,0,4,4,5,4,0.0,0.0,4,4,H,3,2
06/09/2000,Chelsea,Arsenal,1,0,5,5,7,4,0.0,0.0,4,6,D,2,2
06/09/2000,Charlton,Southampton,1,0,7,8,6,7,0.0,0.0,3,2,D,1,1
06/09/2000,Coventry,Newcastle,0,0,5,5,5,4,0.0,0.0,6,6,A,0,2
06/09/2000,Derby,Middlesbrough,0,1,6,7,5,4,0.0,0.0,2,4,D,3,3
06/09/2000,Liverpool,Aston Villa,1,0,4,5,1,1,0.0,0.0,4,2,H,3,1
06/09/2000,Leicester,Ipswich,0,0,1,0,3,4,0.0,0.0,5,4,H,2,1
09/09/2000,Bradford,Arsenal,1,0,2,7,9,6,0.0,0.0,4,7,D,1,1
09/09/2000,Coventry,Leeds,0,1,5,7,5,3,0.0,0.0,6,6,D,0,0
09/09/2000,Ipswich,Aston Villa,1,0,4,6,2,4,0.0,0.0,4,2,A,1,2
09/09/2000,Leicester,Southampton,1,0,3,1,7,8,0.0,0.0,8,3,H,1,0
09/09/2000,Liverpool,Man City,2,1,7,6,7,9,0.0,0.0,7,6,H,3,2
09/09/2000,Man Utd,Sunderland,2,0,11,3,4,6,0.0,0.0,8,4,H,3,0
09/09/2000,Middlesbrough,Everton,0,0,8,7,7,7,0.0,0.0,5,4,A,1,2
09/09/2000,Newcastle,Chelsea,2,0,7,4,7,7,0.0,0.0,9,5,D,0,0
10/09/2000,Derby,Charlton,0,0,9,10,8,9,0.0,0.0,3,4,D,2,2
11/09/2000,Tottenham,West Ham,2,0,7,6,5,8,0.0,0.0,7,2,H,1,0
16/09/2000,Charlton,Tottenham,1,0,10,11,8,6,0.0,0.0,5,10,H,1,0
16/09/2000,Aston Villa,Bradford,0,0,4,5,3,8,0.0,0.0,5,5,H,2,0
16/09/2000,Southampton,Newcastle,0,1,7,9,7,4,0.0,0.0,3,10,H,2,0
16/09/2000,Arsenal,Coventry,2,2,10,7,5,7,0.0,0.0,8,7,H,2,1
16/09/2000,Leeds,Ipswich,1,0,5,3,5,8,0.0,0.0,7,4,A,1,2
16/09/2000,Sunderland,Derby,1,0,4,9,11,12,0.0,0.0,4,4,H,2,1
16/09/2000,Everton,Man Utd,1,0,9,8,14,3,0.0,0.0,7,11,A,1,3
17/09/2000,Chelsea,Leicester,1,1,7,7,4,1,0.0,0.0,6,11,A,0,2
17/09/2000,Man City,Middlesbrough,1,1,9,12,9,9,0.0,0.0,6,5,D,1,1
17/09/2000,West Ham,Liverpool,0,0,5,9,10,8,0.0,0.0,2,10,D,1,1
23/09/2000,Liverpool,Sunderland,3,0,10,9,5,10,0.0,0.0,8,4,D,1,1
23/09/2000,Bradford,Southampton,1,0,3,9,7,7,0.0,0.0,5,5,A,0,1
23/09/2000,Coventry,West Ham,0,0,5,6,4,6,0.0,0.0,7,3,A,0,3
23/09/2000,Derby,Leeds,0,1,10,12,6,5,0.0,0.0,3,7,D,1,1
23/09/2000,Man Utd,Chelsea,3,0,15,4,3,7,0.0,0.0,11,3,D,3,3
23/09/2000,Middlesbrough,Aston Villa,0,1,7,9,6,5,0.0,0.0,3,8,D,1,1
23/09/2000,Newcastle,Charlton,2,0,7,4,7,11,0.0,0.0,10,5,A,0,1
23/09/2000,Tottenham,Man City,3,1,5,6,10,9,0.0,0.0,7,7,D,0,0
23/09/2000,Ipswich,Arsenal,1,0,6,6,12,7,0.0,0.0,7,11,D,1,1
24/09/2000,Leicester,Everton,2,1,6,1,10,9,0.0,0.0,13,7,D,1,1
30/09/2000,Charlton,Coventry,2,2,8,8,3,8,0.0,0.0,8,4,D,2,2
30/09/2000,Aston Villa,Derby,1,0,7,6,9,10,0.0,0.0,8,4,H,4,1
30/09/2000,Leeds,Tottenham,1,0,5,6,4,5,0.0,0.0,5,7,H,4,3
30/09/2000,West Ham,Bradford,0,0,7,5,1,10,0.0,0.0,6,2,D,1,1
30/09/2000,Man City,Newcastle,1,1,6,7,4,3,0.0,0.0,5,7,A,0,1
30/09/2000,Southampton,Middlesbrough,1,1,7,5,7,9,0.0,0.0,8,3,A,1,3
30/09/2000,Everton,Ipswich,1,1,8,10,6,6,0.0,0.0,5,7,A,0,3
01/10/2000,Arsenal,Man Utd,3,1,11,8,17,6,0.0,0.0,9,11,H,1,0
01/10/2000,Chelsea,Liverpool,1,0,6,8,11,8,0.0,0.0,4,9,H,3,0
01/10/2000,Sunderland,Leicester,2,2,4,7,6,2,0.0,0.0,5,11,D,0,0
14/10/2000,Arsenal,Aston Villa,4,1,7,5,10,6,0.0,0.0,9,10,H,1,0
14/10/2000,Coventry,Tottenham,0,0,3,9,7,7,0.0,0.0,2,7,H,2,1
14/10/2000,Ipswich,West Ham,1,1,8,6,6,4,0.0,0.0,7,6,D,1,1
14/10/2000,Everton,Southampton,1,1,6,11,5,5,0.0,0.0,4,7,D,1,1
14/10/2000,Leicester,Man Utd,2,1,6,2,15,5,0.0,0.0,11,10,A,0,3
14/10/2000,Man City,Bradford,1,0,5,6,2,11,0.0,0.0,5,2,H,2,0
14/10/2000,Sunderland,Chelsea,2,0,4,6,8,7,0.0,0.0,6,6,H,1,0
14/10/2000,Leeds,Charlton,2,1,7,8,7,5,0.0,0.0,5,9,H,3,1
15/10/2000,Derby,Liverpool,0,0,8,12,8,8,0.0,0.0,3,8,A,0,4
16/10/2000,Middlesbrough,Newcastle,0,2,9,8,3,3,0.0,0.0,6,7,A,1,3
21/10/2000,Chelsea,Coventry,2,2,6,6,5,8,0.0,0.0,5,5,H,6,1
21/10/2000,Liverpool,Leicester,3,2,9,7,4,4,0.0,0.0,8,8,H,1,0
21/10/2000,Bradford,Ipswich,1,2,2,7,8,5,0.0,0.0,2,8,A,0,2
21/10/2000,Charlton,Middlesbrough,2,2,7,7,7,8,0.0,0.0,8,5,H,1,0
21/10/2000,Newcastle,Everton,2,1,4,4,5,9,0.0,0.0,7,5,A,0,1
21/10/2000,West Ham,Arsenal,0,0,6,4,6,3,0.0,0.0,6,11,A,1,2
21/10/2000,Man Utd,Leeds,3,1,12,5,9,7,0.0,0.0,10,8,H,3,0
21/10/2000,Tottenham,Derby,3,0,5,7,5,13,0.0,0.0,4,2,H,3,1
22/10/2000,Aston Villa,Sunderland,2,0,9,4,4,5,0.0,0.0,10,8,D,0,0
23/10/2000,Southampton,Man City,1,1,5,5,5,5,0.0,0.0,7,5,A,0,2
28/10/2000,West Ham,Newcastle,0,3,7,5,4,5,0.0,0.0,6,6,H,1,0
28/10/2000,Arsenal,Man City,5,2,7,3,5,2,0.0,0.0,13,8,H,5,0
28/10/2000,Aston Villa,Charlton,2,1,7,3,6,5,0.0,0.0,8,10,H,2,1
28/10/2000,Chelsea,Tottenham,3,0,12,7,7,8,0.0,0.0,7,4,H,3,0
28/10/2000,Ipswich,Middlesbrough,1,2,9,3,6,7,0.0,0.0,11,5,H,2,1
28/10/2000,Leicester,Derby,2,0,3,5,4,14,0.0,0.0,5,1,H,2,1
28/10/2000,Man Utd,Southampton,4,1,12,5,5,6,0.0,0.0,10,7,H,5,0
28/10/2000,Sunderland,Coventry,3,2,4,2,6,14,0.0,0.0,9,4,H,1,0
29/10/2000,Bradford,Leeds,1,1,1,8,9,10,0.0,0.0,1,7,D,1,1
29/10/2000,Liverpool,Everton,4,2,7,5,4,8,0.0,0.0,8,5,H,3,1
04/11/2000,Charlton,Bradford,3,0,6,7,2,7,0.0,0.0,7,2,H,2,0
04/11/2000,Coventry,Man Utd,1,2,5,13,14,4,0.0,0.0,4,10,A,1,2
04/11/2000,Leeds,Liverpool,3,1,9,9,9,5,0.0,0.0,8,10,H,4,3
04/11/2000,Man City,Leicester,2,2,4,6,3,6,0.0,0.0,7,5,A,0,1
04/11/2000,Middlesbrough,Arsenal,0,1,6,8,10,2,0.0,0.0,4,13,A,0,1
04/11/2000,Newcastle,Ipswich,2,3,4,4,9,3,0.0,0.0,6,11,H,2,1
04/11/2000,Southampton,Chelsea,1,0,3,11,15,5,0.0,0.0,4,10,H,3,2
04/11/2000,Tottenham,Sunderland,4,0,7,10,3,1,0.0,0.0,4,9,H,2,1
05/11/2000,Everton,Aston Villa,1,1,4,8,7,4,0.0,0.0,5,8,A,0,1
06/11/2000,Derby,West Ham,0,1,4,14,7,4,0.0,0.0,1,8,D,0,0
11/11/2000,Ipswich,Charlton,2,1,9,4,7,7,0.0,0.0,10,7,H,2,0
11/11/2000,Aston Villa,Tottenham,3,0,7,3,9,11,0.0,0.0,10,6,H,2,0
11/11/2000,Bradford,Everton,0,2,2,8,3,8,0.0,0.0,2,4,A,0,1
11/11/2000,Arsenal,Derby,5,0,10,1,3,13,0.0,0.0,15,1,D,0,0
11/11/2000,Leicester,Newcastle,3,3,3,5,6,4,0.0,0.0,7,9,D,1,1
11/11/2000,Sunderland,Southampton,3,1,3,2,5,13,0.0,0.0,8,4,D,2,2
11/11/2000,West Ham,Man City,1,2,4,4,4,7,0.0,0.0,6,6,H,4,1
11/11/2000,Man Utd,Middlesbrough,4,1,13,2,5,8,0.0,0.0,12,3,H,2,1
12/11/2000,Chelsea,Leeds,3,1,14,5,12,11,0.0,0.0,9,10,D,1,1
12/11/2000,Liverpool,Coventry,4,1,11,8,6,12,0.0,0.0,9,4,H,4,1
18/11/2000,Leeds,West Ham,3,1,9,9,7,4,0.0,0.0,8,8,A,0,1
18/11/2000,Charlton,Chelsea,3,0,5,7,12,6,0.0,0.0,6,7,H,2,0
18/11/2000,Derby,Bradford,0,0,2,9,1,8,0.0,0.0,2,1,H,2,0
18/11/2000,Everton,Arsenal,0,2,4,5,9,1,0.0,0.0,7,13,H,2,0
18/11/2000,Man City,Man Utd,1,3,5,10,15,2,0.0,0.0,6,15,A,0,1
18/11/2000,Newcastle,Sunderland,2,0,6,5,5,4,0.0,0.0,7,8,A,1,2
18/11/2000,Southampton,Aston Villa,2,2,6,12,5,2,0.0,0.0,5,10,H,2,0
18/11/2000,Middlesbrough,Leicester,0,2,3,9,4,6,0.0,0.0,0,7,A,0,3
19/11/2000,Tottenham,Liverpool,4,1,6,9,15,6,0.0,0.0,6,12,H,2,1
20/11/2000,Coventry,Ipswich,1,3,5,14,8,4,0.0,0.0,3,10,A,0,1
25/11/2000,Coventry,Aston Villa,1,2,3,14,5,3,0.0,0.0,0,10,D,1,1
25/11/2000,Charlton,Sunderland,4,1,6,4,6,5,0.0,0.0,9,8,A,0,1
25/11/2000,Everton,Chelsea,1,0,5,4,12,7,0.0,0.0,9,7,H,2,1
25/11/2000,Derby,Man Utd,1,4,4,5,13,2,0.0,0.0,5,15,A,0,3
25/11/2000,Tottenham,Leicester,4,3,7,8,7,3,0.0,0.0,9,10,H,3,0
25/11/2000,Man City,Ipswich,1,4,3,11,8,3,0.0,0.0,3,12,A,2,3
25/11/2000,Middlesbrough,Bradford,0,0,2,9,1,8,0.0,0.0,0,1,D,2,2
25/11/2000,Southampton,West Ham,3,2,7,11,7,3,0.0,0.0,7,10,A,2,3
26/11/2000,Leeds,Arsenal,3,2,6,9,8,3,0.0,0.0,5,10,H,1,0
26/11/2000,Newcastle,Liverpool,1,1,4,6,12,8,0.0,0.0,4,9,H,2,1
02/12/2000,Ipswich,Derby,2,0,9,5,3,5,0.0,0.0,12,5,A,0,1
02/12/2000,Arsenal,Southampton,4,1,6,3,9,12,0.0,0.0,7,7,H,1,0
02/12/2000,Aston Villa,Newcastle,4,2,6,4,6,6,0.0,0.0,10,7,D,1,1
02/12/2000,Bradford,Coventry,0,0,3,8,3,9,0.0,0.0,2,1,H,2,1
02/12/2000,Leicester,Leeds,2,0,7,5,7,6,0.0,0.0,10,8,H,3,1
02/12/2000,Liverpool,Charlton,4,1,12,10,5,5,0.0,0.0,6,6,H,3,0
02/12/2000,Man Utd,Tottenham,4,0,13,2,7,7,0.0,0.0,15,9,H,2,0
02/12/2000,West Ham,Middlesbrough,2,1,9,3,4,10,0.0,0.0,13,1,H,1,0
03/12/2000,Chelsea,Man City,3,1,7,8,3,14,0.0,0.0,4,0,H,2,1
04/12/2000,Sunderland,Everton,3,3,7,5,6,5,0.0,0.0,10,9,H,2,0
09/12/2000,Chelsea,Derby,4,1,6,9,3,3,0.0,0.0,4,8,H,4,1
09/12/2000,Arsenal,Newcastle,4,2,2,3,7,6,0.0,0.0,7,8,H,5,0
09/12/2000,Charlton,Man Utd,3,4,4,6,10,2,0.0,0.0,6,15,D,3,3
09/12/2000,Bradford,Tottenham,1,0,4,8,7,6,0.0,0.0,4,9,D,3,3
09/12/2000,Sunderland,Middlesbrough,3,1,8,5,3,9,0.0,0.0,10,1,H,1,0
09/12/2000,West Ham,Aston Villa,3,1,9,3,5,4,0.0,0.0,13,8,D,1,1
09/12/2000,Southampton,Leeds,2,0,9,8,7,8,0.0,0.0,7,7,H,1,0
09/12/2000,Man City,Everton,1,2,4,11,5,4,0.0,0.0,0,9,H,5,0
10/12/2000,Coventry,Leicester,1,2,4,10,8,5,0.0,0.0,1,10,H,1,0
10/12/2000,Liverpool,Ipswich,4,4,12,9,7,5,0.0,0.0,6,9,A,0,1
16/12/2000,Ipswich,Southampton,2,1,7,3,7,6,0.0,0.0,12,7,H,3,1
16/12/2000,Middlesbrough,Chelsea,0,0,3,9,8,7,0.0,0.0,1,7,H,1,0
16/12/2000,Leicester,Charlton,2,1,7,6,5,9,0.0,0.0,7,4,H,3,1
16/12/2000,Leeds,Sunderland,4,2,3,6,8,3,0.0,0.0,4,13,H,2,0
16/12/2000,Derby,Coventry,1,0,4,7,4,8,0.0,0.0,7,4,H,1,0
16/12/2000,Aston Villa,Man City,3,1,5,5,9,10,0.0,0.0,6,3,D,2,2
16/12/2000,Newcastle,Bradford,2,0,5,10,7,9,0.0,0.0,5,5,H,2,1
16/12/2000,Everton,West Ham,2,3,5,8,10,4,0.0,0.0,9,13,D,1,1
17/12/2000,Man Utd,Liverpool,4,1,11,4,9,6,0.0,0.0,13,6,A,0,1
18/12/2000,Tottenham,Arsenal,4,2,8,8,6,3,0.0,0.0,7,7,D,1,1
22/12/2000,Coventry,Southampton,2,0,3,5,6,7,1.0,0.0,4,6,D,1,1
23/12/2000,Sunderland,Man City,4,1,6,3,10,8,0.0,1.0,12,4,H,1,0
23/12/2000,Man Utd,Ipswich,4,4,9,4,8,4,0.0,0.0,10,12,H,2,0
23/12/2000,Tottenham,Middlesbrough,4,0,9,7,3,7,0.0,0.0,8,4,D,0,0
23/12/2000,Liverpool,Arsenal,4,2,6,5,7,4,0.0,1.0,6,7,H,4,0
23/12/2000,Charlton,Everton,3,2,6,10,5,9,0.0,1.0,4,7,H,1,0
23/12/2000,Leeds,Aston Villa,4,1,4,5,5,7,0.0,0.0,6,4,A,1,2
23/12/2000,Chelsea,Bradford,4,0,7,7,8,10,0.0,1.0,6,5,H,3,0
23/12/2000,Leicester,West Ham,3,2,9,6,7,4,1.0,0.0,9,11,H,2,1
23/12/2000,Derby,Newcastle,2,1,5,7,6,10,0.0,1.0,9,7,H,2,0
26/12/2000,West Ham,Charlton,3,0,7,6,5,10,0.0,0.0,8,4,H,5,0
26/12/2000,Middlesbrough,Liverpool,1,2,3,4,9,3,0.0,0.0,5,9,H,1,0
26/12/2000,Man City,Derby,2,1,10,8,5,7,0.0,0.0,4,9,D,0,0
26/12/2000,Ipswich,Chelsea,3,0,7,6,10,5,0.0,0.0,9,9,D,2,2
26/12/2000,Bradford,Sunderland,1,2,8,11,5,2,0.0,0.0,5,12,A,1,4
26/12/2000,Aston Villa,Man Utd,2,4,7,6,10,4,0.0,0.0,7,10,A,0,1
26/12/2000,Arsenal,Leicester,4,2,7,6,8,7,0.0,0.0,7,9,H,6,1
26/12/2000,Everton,Coventry,2,0,3,10,4,5,0.0,0.0,4,5,A,1,2
26/12/2000,Newcastle,Leeds,3,0,5,10,5,6,0.0,0.0,7,6,H,2,1
27/12/2000,Southampton,Tottenham,3,0,5,8,7,6,0.0,0.0,4,6,H,2,0
30/12/2000,Man City,Charlton,1,0,8,5,5,14,0.0,1.0,5,4,A,1,4
30/12/2000,Ipswich,Tottenham,3,0,6,6,4,8,0.0,1.0,7,3,H,3,0
30/12/2000,Arsenal,Sunderland,4,3,13,6,8,3,0.0,1.0,10,12,D,2,2
30/12/2000,Newcastle,Man Utd,4,4,5,10,8,4,0.0,1.0,7,10,D,1,1
30/12/2000,Southampton,Derby,4,1,5,5,5,4,0.0,0.0,7,10,H,1,0
30/12/2000,Middlesbrough,Coventry,2,1,2,2,5,5,1.0,0.0,7,7,D,1,1
01/01/2001,Man Utd,West Ham,4,2,7,5,9,4,0.0,0.0,8,8,H,3,1
01/01/2001,Charlton,Arsenal,3,1,9,12,14,8,0.0,1.0,7,8,H,1,0
01/01/2001,Chelsea,Aston Villa,4,2,11,5,6,6,0.0,0.0,10,6,H,1,0
01/01/2001,Coventry,Man City,1,0,5,4,8,7,1.0,0.0,8,5,D,1,1
01/01/2001,Derby,Everton,3,1,4,5,2,11,0.0,0.0,7,1,H,1,0
01/01/2001,Leeds,Middlesbrough,3,0,5,8,3,2,1.0,0.0,3,8,D,1,1
01/01/2001,Leicester,Bradford,4,0,9,10,7,13,0.0,0.0,9,4,A,1,2
01/01/2001,Liverpool,Southampton,4,0,8,2,6,4,0.0,0.0,9,10,H,2,1
01/01/2001,Sunderland,Ipswich,4,3,8,5,9,5,0.0,1.0,10,10,H,4,1
02/01/2001,Tottenham,Newcastle,3,0,4,9,5,10,0.0,1.0,3,7,H,4,2
13/01/2001,Newcastle,Coventry,3,1,7,9,5,5,1.0,0.0,7,6,H,3,1
13/01/2001,West Ham,Sunderland,4,3,9,7,11,6,0.0,0.0,5,10,A,0,2
13/01/2001,Southampton,Charlton,4,1,6,6,7,9,0.0,0.0,7,9,D,0,0
13/01/2001,Middlesbrough,Derby,2,1,4,2,4,1,0.0,0.0,9,10,H,4,0
13/01/2001,Arsenal,Chelsea,3,0,9,9,10,4,0.0,0.0,5,10,D,1,1
13/01/2001,Everton,Tottenham,2,0,2,10,5,8,0.0,1.0,1,5,D,0,0
13/01/2001,Bradford,Man Utd,1,3,7,13,7,3,0.0,1.0,4,10,A,0,3
13/01/2001,Aston Villa,Liverpool,2,1,5,6,7,3,0.0,1.0,5,9,A,0,3
13/01/2001,Man City,Leeds,1,0,4,8,5,6,1.0,0.0,3,4,A,0,4
14/01/2001,Ipswich,Leicester,3,2,9,9,7,11,0.0,1.0,7,6,H,2,0
20/01/2001,Leeds,Newcastle,2,0,9,5,8,9,0.0,1.0,7,7,A,1,3
20/01/2001,Chelsea,Ipswich,4,3,7,4,8,8,0.0,0.0,8,7,H,4,1
20/01/2001,Coventry,Everton,1,1,6,7,2,5,1.0,0.0,6,2,A,1,3
20/01/2001,Derby,Man City,4,0,3,5,2,10,0.0,0.0,7,2,D,1,1
20/01/2001,Man Utd,Aston Villa,4,1,10,2,4,8,1.0,0.0,13,4,H,2,0
20/01/2001,Leicester,Arsenal,3,0,7,12,9,9,0.0,1.0,6,5,D,0,0
20/01/2001,Liverpool,Middlesbrough,4,0,10,2,7,2,0.0,1.0,12,9,D,0,0
20/01/2001,Tottenham,Southampton,3,0,4,7,5,3,0.0,1.0,5,8,D,0,0
21/01/2001,Sunderland,Bradford,4,1,13,4,4,13,1.0,0.0,13,3,D,0,0
22/01/2001,Charlton,West Ham,3,2,6,6,8,8,0.0,1.0,10,4,D,1,1
24/01/2001,Aston Villa,Leeds,1,1,2,8,8,8,1.0,0.0,3,4,A,1,2
30/01/2001,Charlton,Derby,2,1,6,7,2,6,0.0,0.0,8,5,H,2,1
30/01/2001,Arsenal,Bradford,3,1,9,5,3,11,0.0,0.0,6,4,H,2,0
31/01/2001,West Ham,Tottenham,3,0,8,8,4,7,0.0,1.0,4,5,D,0,0
31/01/2001,Sunderland,Man Utd,4,3,12,4,10,2,0.0,1.0,11,13,A,0,1
31/01/2001,Southampton,Leicester,3,1,4,2,4,11,0.0,1.0,8,4,H,1,0
31/01/2001,Chelsea,Newcastle,5,1,11,4,11,8,0.0,0.0,11,10,H,3,1
31/01/2001,Leeds,Coventry,2,1,9,7,6,9,0.0,0.0,7,5,H,1,0
31/01/2001,Everton,Middlesbrough,2,0,4,5,7,2,1.0,0.0,4,9,D,2,2
31/01/2001,Man City,Liverpool,1,2,3,10,9,2,0.0,1.0,3,10,D,1,1
03/02/2001,Man Utd,Everton,4,1,10,2,6,6,1.0,0.0,13,5,H,1,0
03/02/2001,Tottenham,Charlton,2,1,4,5,8,3,0.0,1.0,6,11,D,0,0
03/02/2001,Middlesbrough,Man City,3,0,8,4,4,11,0.0,0.0,7,3,D,1,1
03/02/2001,Liverpool,West Ham,3,1,6,3,7,6,0.0,0.0,8,5,H,3,0
03/02/2001,Leicester,Chelsea,3,0,2,11,11,5,1.0,0.0,1,11,H,2,1
03/02/2001,Ipswich,Leeds,3,2,9,10,9,5,1.0,0.0,7,10,A,1,2
03/02/2001,Derby,Sunderland,3,3,3,8,8,4,0.0,1.0,4,8,H,1,0
03/02/2001,Coventry,Arsenal,1,0,4,9,5,4,0.0,1.0,2,6,A,0,1
03/02/2001,Bradford,Aston Villa,1,1,3,10,1,9,0.0,1.0,4,0,A,0,3
07/02/2001,Everton,Leeds,1,3,5,5,10,5,0.0,1.0,5,12,D,2,2
10/02/2001,Sunderland,Liverpool,3,2,6,3,9,2,0.0,0.0,7,11,D,1,1
10/02/2001,Southampton,Bradford,4,1,3,2,2,9,1.0,0.0,8,4,H,2,0
10/02/2001,Man City,Tottenham,1,0,4,8,4,2,0.0,0.0,4,7,A,0,1
10/02/2001,Leeds,Derby,2,0,8,7,4,7,0.0,0.0,10,7,D,0,0
10/02/2001,Chelsea,Man Utd,5,3,10,5,10,1,0.0,0.0,10,15,D,1,1
10/02/2001,Aston Villa,Middlesbrough,0,0,4,8,8,4,0.0,0.0,3,7,D,1,1
10/02/2001,Arsenal,Ipswich,3,2,4,2,8,10,0.0,0.0,8,6,H,1,0
10/02/2001,Everton,Leicester,0,0,7,6,3,6,0.0,0.0,6,4,H,2,1
11/02/2001,Charlton,Newcastle,3,1,4,2,10,10,1.0,0.0,9,7,H,2,0
12/02/2001,West Ham,Coventry,2,1,2,9,3,9,1.0,0.0,2,1,D,1,1
24/02/2001,Ipswich,Everton,3,1,5,11,9,7,1.0,0.0,3,8,H,2,0
24/02/2001,Coventry,Charlton,1,1,3,9,5,2,0.0,0.0,1,9,D,2,2
24/02/2001,Derby,Aston Villa,4,2,3,7,5,8,0.0,1.0,5,4,H,1,0
24/02/2001,Bradford,West Ham,1,0,0,10,2,7,0.0,0.0,1,3,A,1,2
24/02/2001,Newcastle,Man City,4,0,9,11,3,8,1.0,0.0,6,3,A,0,1
24/02/2001,Tottenham,Leeds,1,3,1,0,7,4,0.0,1.0,7,11,A,1,2
24/02/2001,Middlesbrough,Southampton,3,0,8,4,4,2,1.0,0.0,7,8,A,0,1
24/02/2001,Leicester,Sunderland,3,2,3,6,3,3,0.0,0.0,4,5,H,2,0
25/02/2001,Man Utd,Arsenal,4,1,8,1,5,1,0.0,1.0,13,11,H,6,1
03/03/2001,Middlesbrough,Charlton,2,1,4,5,7,4,0.0,1.0,4,9,D,0,0
03/03/2001,Man City,Southampton,0,1,4,4,4,0,1.0,0.0,6,11,A,0,1
03/03/2001,Leicester,Liverpool,3,2,5,4,8,2,0.0,1.0,7,9,H,2,0
03/03/2001,Leeds,Man Utd,1,3,7,4,11,2,0.0,1.0,11,13,D,1,1
03/03/2001,Derby,Tottenham,4,1,4,3,2,2,0.0,1.0,8,6,H,2,1
03/03/2001,Coventry,Chelsea,0,0,4,8,10,6,0.0,1.0,2,8,D,0,0
03/03/2001,Arsenal,West Ham,3,1,5,6,4,6,1.0,0.0,10,6,H,3,0
03/03/2001,Everton,Newcastle,1,1,6,8,7,8,1.0,0.0,5,6,D,1,1
04/03/2001,Ipswich,Bradford,3,1,6,7,1,9,1.0,0.0,6,1,H,3,1
05/03/2001,Sunderland,Aston Villa,2,2,1,5,5,6,0.0,0.0,2,4,D,1,1
07/03/2001,West Ham,Chelsea,1,0,3,8,9,5,0.0,1.0,5,8,A,0,2
10/03/2001,Aston Villa,Ipswich,0,1,6,5,7,8,1.0,0.0,5,6,H,2,1
17/03/2001,Tottenham,Coventry,1,1,3,4,3,5,0.0,1.0,5,3,H,3,0
17/03/2001,West Ham,Ipswich,1,0,3,10,7,6,0.0,0.0,4,6,A,0,1
17/03/2001,Southampton,Everton,4,1,5,0,5,7,0.0,0.0,13,5,H,1,0
17/03/2001,Newcastle,Middlesbrough,3,0,5,8,4,5,1.0,0.0,4,4,A,1,2
17/03/2001,Man Utd,Leicester,5,0,10,3,7,4,1.0,0.0,11,9,H,2,0
17/03/2001,Chelsea,Sunderland,4,2,7,4,2,6,0.0,1.0,8,2,A,2,4
17/03/2001,Charlton,Leeds,4,4,6,3,7,5,0.0,1.0,9,9,A,1,2
17/03/2001,Bradford,Man City,0,1,2,12,3,4,0.0,1.0,0,5,D,2,2
18/03/2001,Liverpool,Derby,3,0,5,4,5,3,1.0,0.0,6,10,D,1,1
18/03/2001,Aston Villa,Arsenal,1,1,7,4,8,6,0.0,1.0,8,12,D,0,0
31/03/2001,Arsenal,Tottenham,3,1,6,6,6,4,0.0,0.0,10,7,H,2,0
31/03/2001,Bradford,Newcastle,0,1,4,12,3,9,0.0,1.0,1,1,D,2,2
31/03/2001,Chelsea,Middlesbrough,3,1,6,7,4,4,0.0,1.0,5,6,H,2,1
31/03/2001,Coventry,Derby,0,0,3,7,5,2,0.0,1.0,3,11,H,2,0
31/03/2001,Liverpool,Man Utd,3,2,6,5,11,3,1.0,0.0,6,11,H,2,0
31/03/2001,Man City,Aston Villa,0,1,4,5,4,4,0.0,0.0,5,6,A,1,3
31/03/2001,Sunderland,Leeds,1,4,6,7,7,5,0.0,1.0,5,9,A,0,2
31/03/2001,West Ham,Everton,0,1,3,8,5,7,0.0,0.0,4,5,A,0,2
01/04/2001,Charlton,Leicester,3,0,5,4,7,5,0.0,1.0,6,9,H,2,0
02/04/2001,Southampton,Ipswich,4,1,6,0,7,4,0.0,1.0,15,9,A,0,3
04/04/2001,Aston Villa,Leicester,1,0,6,4,5,6,0.0,0.0,8,6,H,2,1
07/04/2001,Aston Villa,West Ham,2,1,8,4,2,9,0.0,0.0,11,3,D,2,2
07/04/2001,Derby,Chelsea,4,1,4,4,7,6,0.0,1.0,8,8,A,0,4
07/04/2001,Leeds,Southampton,1,2,7,3,5,3,0.0,1.0,11,12,H,2,0
07/04/2001,Leicester,Coventry,3,0,5,6,5,6,0.0,1.0,6,6,A,1,3
08/04/2001,Everton,Man City,1,1,5,5,4,7,0.0,1.0,7,4,H,3,1
09/04/2001,Middlesbrough,Sunderland,1,2,4,5,6,8,0.0,1.0,5,5,D,0,0
10/04/2001,Tottenham,Bradford,2,1,6,6,6,11,0.0,0.0,6,2,H,2,1
10/04/2001,Ipswich,Liverpool,4,1,10,3,7,4,1.0,0.0,12,8,D,1,1
10/04/2001,Man Utd,Charlton,5,1,10,5,7,4,0.0,0.0,8,8,H,2,1
11/04/2001,Man City,Arsenal,0,1,5,9,7,6,0.0,1.0,4,10,A,0,4
13/04/2001,Bradford,Charlton,0,0,7,11,6,6,0.0,1.0,2,5,H,2,0
13/04/2001,Liverpool,Leeds,3,4,5,5,9,3,0.0,1.0,6,13,A,1,2
14/04/2001,Arsenal,Middlesbrough,4,1,10,6,3,4,1.0,0.0,10,5,A,0,3
14/04/2001,Aston Villa,Everton,2,2,9,5,6,5,1.0,0.0,11,7,H,2,1
14/04/2001,Ipswich,Newcastle,3,1,9,4,4,8,0.0,1.0,10,2,H,1,0
14/04/2001,Chelsea,Southampton,3,2,10,5,3,5,0.0,1.0,10,9,H,1,0
14/04/2001,Sunderland,Tottenham,0,1,5,7,7,7,0.0,1.0,5,6,A,2,3
14/04/2001,West Ham,Derby,0,0,2,10,4,8,0.0,0.0,1,7,H,3,1
14/04/2001,Man Utd,Coventry,5,1,11,5,7,6,1.0,0.0,10,8,H,4,2
14/04/2001,Leicester,Man City,3,1,4,9,4,13,1.0,0.0,3,1,A,1,2
16/04/2001,Coventry,Sunderland,1,2,7,8,7,8,0.0,1.0,7,5,H,1,0
16/04/2001,Derby,Leicester,3,0,4,11,3,11,0.0,1.0,4,0,H,2,0
16/04/2001,Everton,Liverpool,2,1,7,5,5,6,0.0,1.0,7,5,A,2,3
16/04/2001,Middlesbrough,Ipswich,1,2,6,3,7,3,0.0,1.0,8,10,A,1,2
16/04/2001,Newcastle,West Ham,2,1,4,7,5,8,0.0,1.0,2,4,H,2,1
17/04/2001,Charlton,Aston Villa,3,2,4,6,9,5,0.0,1.0,4,11,D,3,3
17/04/2001,Tottenham,Chelsea,2,2,9,7,11,5,0.0,1.0,9,12,A,0,3
21/04/2001,Chelsea,Charlton,3,0,12,5,7,9,0.0,1.0,12,4,A,0,1
21/04/2001,Aston Villa,Southampton,3,2,12,8,2,6,0.0,1.0,11,6,D,0,0
21/04/2001,Bradford,Derby,1,0,8,9,4,10,0.0,1.0,5,4,H,2,0
21/04/2001,Sunderland,Newcastle,0,0,6,8,6,7,1.0,0.0,4,5,D,1,1
21/04/2001,Arsenal,Everton,4,1,9,3,8,7,0.0,1.0,10,6,H,4,1
21/04/2001,Leicester,Middlesbrough,3,2,3,11,7,5,1.0,0.0,0,7,A,0,3
21/04/2001,Man Utd,Man City,5,2,9,6,6,13,1.0,0.0,10,4,D,1,1
21/04/2001,West Ham,Leeds,1,4,6,8,9,3,1.0,0.0,4,13,A,0,2
21/04/2001,Ipswich,Coventry,3,1,8,2,8,8,1.0,0.0,13,9,H,2,0
22/04/2001,Liverpool,Tottenham,2,2,8,6,8,8,0.0,1.0,8,9,H,3,1
28/04/2001,Leeds,Chelsea,2,3,10,2,10,2,0.0,0.0,15,12,H,2,0
28/04/2001,Coventry,Liverpool,2,1,8,7,10,6,0.0,1.0,9,10,A,0,2
28/04/2001,Derby,Arsenal,4,2,3,11,10,4,0.0,0.0,3,10,A,1,2
28/04/2001,Middlesbrough,Man Utd,0,2,8,4,9,6,0.0,1.0,7,10,A,0,2
28/04/2001,Everton,Bradford,2,0,9,10,9,6,1.0,0.0,6,8,H,2,1
28/04/2001,Newcastle,Leicester,2,0,6,7,3,12,0.0,0.0,5,0,H,1,0
28/04/2001,Southampton,Sunderland,3,1,1,6,3,7,0.0,0.0,4,2,A,0,1
28/04/2001,Tottenham,Aston Villa,2,2,6,11,9,7,0.0,1.0,6,9,D,0,0
28/04/2001,Man City,West Ham,0,1,5,12,6,9,0.0,1.0,4,4,H,1,0
30/04/2001,Charlton,Ipswich,3,3,7,7,9,2,0.0,1.0,7,13,H,2,1
01/05/2001,Bradford,Liverpool,2,2,8,6,10,6,0.0,1.0,7,10,A,0,2
01/05/2001,Newcastle,Southampton,3,2,6,5,0,7,0.0,1.0,8,1,D,1,1
05/05/2001,Chelsea,Everton,2,1,8,3,9,11,0.0,1.0,9,6,H,2,1
05/05/2001,Leicester,Tottenham,2,2,2,11,6,9,0.0,1.0,0,7,H,4,2
05/05/2001,Aston Villa,Coventry,2,1,7,6,6,9,0.0,0.0,7,6,H,3,2
05/05/2001,Arsenal,Leeds,4,5,12,5,10,1,0.0,1.0,12,15,H,2,1
05/05/2001,Bradford,Middlesbrough,2,3,6,6,7,4,0.0,0.0,6,7,D,1,1
05/05/2001,Sunderland,Charlton,0,1,4,5,7,8,1.0,0.0,5,7,H,3,2
05/05/2001,Man Utd,Derby,4,0,9,6,4,11,1.0,0.0,10,3,A,0,1
05/05/2001,Liverpool,Newcastle,3,0,11,5,5,4,0.0,1.0,12,8,H,3,0
05/05/2001,West Ham,Southampton,1,1,6,8,1,5,1.0,0.0,4,2,H,3,0
07/05/2001,Ipswich,Man City,4,2,7,4,5,9,1.0,0.0,10,7,H,2,1
08/05/2001,Liverpool,Chelsea,3,3,13,3,6,4,0.0,1.0,15,9,D,2,2
13/05/2001,Leeds,Bradford,3,0,9,3,6,5,0.0,0.0,12,7,H,6,1
13/05/2001,Southampton,Man Utd,3,2,1,6,9,5,0.0,1.0,2,10,H,2,1
15/05/2001,Newcastle,Arsenal,2,3,5,6,12,6,0.0,1.0,8,12,D,0,0
19/05/2001,Leeds,Leicester,3,0,13,4,5,10,0.0,1.0,12,3,H,3,1
19/05/2001,Charlton,Liverpool,3,3,8,9,12,3,0.0,1.0,7,13,A,0,4
19/05/2001,Coventry,Bradford,2,0,5,11,5,11,0.0,1.0,3,4,D,0,0
19/05/2001,Derby,Ipswich,3,3,5,7,8,4,1.0,0.0,6,12,D,1,1
19/05/2001,Everton,Sunderland,3,2,7,12,7,7,0.0,1.0,3,7,D,2,2
19/05/2001,Man City,Chelsea,1,3,5,8,7,6,0.0,1.0,7,7,A,1,2
19/05/2001,Newcastle,Aston Villa,2,1,3,5,8,6,0.0,0.0,6,9,H,3,0
19/05/2001,Southampton,Arsenal,3,2,3,6,8,6,0.0,1.0,5,10,H,3,2
19/05/2001,Tottenham,Man Utd,2,1,6,12,8,6,0.0,1.0,4,7,H,3,1
19/05/2001,Middlesbrough,West Ham,0,1,8,5,7,6,0.0,1.0,7,6,H,2,1
18/08/2001,Derby,Blackburn,2,0,5,5,0,0,0.0,0.0,7,0,H,2,1
18/08/2001,Leeds,Southampton,4,0,14,4,6,8,0.5,0.5,12,7,H,2,0
18/08/2001,Charlton,Everton,2,1,8,11,8,12,0.5,0.5,7,4,A,1,2
18/08/2001,Leicester,Bolton,2,0,5,11,0,0,0.0,0.0,3,0,A,0,5
18/08/2001,Sunderland,Ipswich,1,3,7,6,8,5,0.5,0.5,8,10,H,1,0
18/08/2001,Middlesbrough,Arsenal,1,2,7,6,10,6,0.5,0.5,7,10,A,0,4
18/08/2001,Tottenham,Aston Villa,3,1,6,11,6,8,0.0,0.5,4,6,D,0,0
18/08/2001,Liverpool,West Ham,3,0,13,2,5,7,0.5,0.0,13,3,H,2,1
19/08/2001,Chelsea,Newcastle,3,0,6,7,5,4,0.5,0.0,7,8,D,1,1
19/08/2001,Man Utd,Fulham,3,0,5,7,0,0,0.0,0.0,4,0,H,3,2
20/08/2001,Everton,Tottenham,2,1,8,10,6,8,0.0,0.5,7,5,D,1,1
21/08/2001,Bolton,Middlesbrough,0,3,5,0,6,8,0.0,0.0,3,7,H,1,0
21/08/2001,Ipswich,Derby,4,1,6,5,5,6,0.0,0.5,7,7,H,3,1
21/08/2001,Arsenal,Leeds,4,4,10,5,14,4,0.5,0.5,10,12,A,1,2
22/08/2001,Blackburn,Man Utd,0,1,1,2,7,8,0.0,0.0,0,6,D,2,2
22/08/2001,Fulham,Sunderland,0,2,2,3,8,5,0.0,0.0,0,11,H,2,0
25/08/2001,Blackburn,Tottenham,0,1,3,4,6,6,0.0,0.0,1,6,H,2,1
25/08/2001,Arsenal,Leicester,3,0,9,6,5,14,0.5,0.0,7,3,H,4,0
25/08/2001,Everton,Middlesbrough,2,2,8,7,3,9,0.5,0.0,8,4,H,2,0
25/08/2001,Fulham,Derby,1,1,4,3,6,7,0.0,0.0,3,7,D,0,0
25/08/2001,Ipswich,Charlton,4,1,7,6,6,10,0.5,0.5,7,6,A,0,1
25/08/2001,West Ham,Leeds,2,4,5,7,14,5,0.5,0.5,3,12,D,0,0
25/08/2001,Southampton,Chelsea,3,3,6,9,7,7,0.5,0.5,7,8,A,0,2
26/08/2001,Aston Villa,Man Utd,3,1,3,5,7,10,0.0,1.0,6,4,D,1,1
26/08/2001,Newcastle,Sunderland,3,1,5,5,7,6,0.0,0.5,6,10,D,1,1
27/08/2001,Bolton,Liverpool,1,4,6,0,13,3,0.0,0.0,6,13,H,2,1
08/09/2001,Liverpool,Aston Villa,3,1,12,5,4,6,1.0,0.0,10,6,A,1,3
08/09/2001,Chelsea,Arsenal,3,3,9,5,11,5,0.0,0.0,11,7,D,1,1
08/09/2001,Leeds,Bolton,5,1,13,3,8,1,0.0,0.0,13,9,D,0,0
08/09/2001,Derby,West Ham,2,0,5,5,5,5,0.0,0.5,8,4,D,0,0
08/09/2001,Leicester,Ipswich,1,2,5,15,6,5,0.5,0.5,3,7,D,1,1
08/09/2001,Sunderland,Blackburn,2,0,7,7,5,5,0.0,0.0,8,4,H,1,0
08/09/2001,Man Utd,Everton,3,2,8,10,8,6,1.0,0.0,5,8,H,4,1
08/09/2001,Middlesbrough,Newcastle,1,0,3,9,5,5,0.5,0.5,4,6,A,1,4
09/09/2001,Charlton,Fulham,2,0,6,10,4,3,0.0,0.0,6,4,D,1,1
09/09/2001,Tottenham,Southampton,2,0,7,8,5,10,0.0,0.5,5,6,H,2,0
15/09/2001,Middlesbrough,West Ham,1,0,3,12,5,4,0.5,0.5,3,5,H,2,0
15/09/2001,Fulham,Arsenal,1,2,5,4,12,6,0.0,0.0,5,7,A,1,3
15/09/2001,Everton,Liverpool,2,4,8,8,10,8,0.0,1.0,8,7,A,1,3
15/09/2001,Bolton,Southampton,2,0,8,1,5,9,0.0,0.0,10,6,A,0,1
15/09/2001,Newcastle,Man Utd,2,1,9,3,11,9,0.0,0.5,9,8,H,4,3
15/09/2001,Derby,Leicester,2,0,4,5,6,15,0.5,0.5,6,4,A,2,3
16/09/2001,Ipswich,Blackburn,4,0,5,5,5,6,0.0,0.0,5,4,D,1,1
16/09/2001,Tottenham,Chelsea,2,3,7,4,8,5,0.0,1.0,8,9,A,2,3
16/09/2001,Aston Villa,Sunderland,2,1,7,7,5,5,0.0,0.0,8,8,D,0,0
16/09/2001,Charlton,Leeds,1,3,5,10,7,2,0.0,1.0,4,11,A,0,2
17/09/2001,Leicester,Middlesbrough,1,2,5,15,3,11,0.5,0.5,4,3,A,1,2
19/09/2001,Sunderland,Tottenham,3,1,3,3,6,6,0.0,1.0,8,5,A,1,2
19/09/2001,Blackburn,Bolton,1,1,6,7,8,2,0.0,0.0,5,10,D,1,1
22/09/2001,Sunderland,Charlton,3,2,3,5,3,9,1.0,0.0,5,4,D,2,2
22/09/2001,Arsenal,Bolton,3,1,13,4,4,3,0.0,0.0,10,8,D,1,1
22/09/2001,Blackburn,Everton,1,1,6,6,7,9,0.0,0.0,6,7,H,1,0
22/09/2001,Leicester,Fulham,1,0,5,14,6,7,0.0,0.0,4,5,D,0,0
22/09/2001,Liverpool,Tottenham,3,1,11,7,8,7,0.5,0.5,9,7,H,1,0
22/09/2001,Man Utd,Ipswich,3,1,13,10,5,5,0.5,0.0,8,5,H,4,0
23/09/2001,West Ham,Newcastle,2,1,2,6,13,6,0.5,0.5,2,11,H,3,0
23/09/2001,Chelsea,Middlesbrough,2,2,9,5,5,8,0.5,0.5,11,6,D,2,2
23/09/2001,Leeds,Derby,4,1,6,1,5,7,0.0,0.0,11,5,H,3,0
24/09/2001,Southampton,Aston Villa,2,1,4,8,4,5,0.5,0.0,6,6,A,1,3
26/09/2001,Newcastle,Leicester,2,1,10,9,5,9,0.5,0.0,8,5,H,1,0
29/09/2001,Tottenham,Man Utd,2,0,7,7,14,8,0.5,0.5,6,8,A,3,5
29/09/2001,Everton,West Ham,2,0,5,9,4,4,0.5,0.0,4,5,H,5,0
29/09/2001,Middlesbrough,Southampton,2,1,7,9,2,9,0.5,0.5,7,3,A,1,3
29/09/2001,Charlton,Leicester,1,1,5,7,5,6,0.5,0.5,5,5,H,2,0
29/09/2001,Bolton,Sunderland,2,1,4,4,5,5,0.0,0.0,6,6,A,0,2
29/09/2001,Derby,Arsenal,1,2,3,9,10,5,0.0,0.5,2,8,A,0,2
30/09/2001,Aston Villa,Blackburn,2,0,7,3,5,4,0.0,0.0,9,8,H,2,0
30/09/2001,Fulham,Chelsea,1,3,4,4,9,6,0.0,0.0,6,9,D,1,1
30/09/2001,Ipswich,Leeds,3,3,5,8,7,1,0.5,0.5,5,11,A,1,2
30/09/2001,Newcastle,Liverpool,3,4,10,8,8,7,0.5,0.5,10,9,A,0,2
13/10/2001,Ipswich,Everton,2,1,3,9,9,8,1.0,0.0,2,6,D,0,0
13/10/2001,Bolton,Newcastle,2,1,2,5,9,9,0.0,0.0,3,9,A,0,4
13/10/2001,Charlton,Middlesbrough,1,1,6,5,8,10,0.5,0.0,8,7,D,0,0
13/10/2001,Chelsea,Leicester,1,1,9,6,4,7,0.0,1.0,9,4,H,2,0
13/10/2001,Liverpool,Leeds,3,3,8,6,7,1,0.0,1.0,9,11,D,1,1
13/10/2001,Southampton,Arsenal,2,3,5,8,11,3,0.5,0.5,6,11,A,0,2
13/10/2001,Sunderland,Man Utd,3,1,6,4,17,9,0.0,1.0,8,10,A,1,3
14/10/2001,Aston Villa,Fulham,2,0,9,3,3,5,0.0,0.0,11,4,H,2,0
14/10/2001,Blackburn,West Ham,2,0,3,5,3,7,0.0,0.0,5,5,H,7,1
15/10/2001,Tottenham,Derby,2,1,9,10,2,8,0.5,0.5,6,2,H,3,1
20/10/2001,Everton,Aston Villa,2,2,7,8,10,2,0.0,1.0,4,13,H,3,2
20/10/2001,Arsenal,Blackburn,3,0,9,3,10,5,0.0,0.0,11,8,D,3,3
20/10/2001,Derby,Charlton,1,2,3,11,5,5,0.0,0.5,1,6,D,1,1
20/10/2001,Leicester,Liverpool,1,4,1,7,8,5,0.5,0.5,1,10,A,1,4
20/10/2001,Man Utd,Bolton,3,1,19,9,2,9,0.0,0.0,12,2,A,1,2
20/10/2001,West Ham,Southampton,3,2,4,14,5,8,1.0,0.0,4,6,H,2,0
21/10/2001,Fulham,Ipswich,1,0,3,7,3,8,0.0,0.0,3,3,D,1,1
21/10/2001,Leeds,Chelsea,4,3,8,2,9,6,0.5,0.0,11,9,D,0,0
21/10/2001,Newcastle,Tottenham,3,1,9,8,10,11,0.5,0.5,9,6,A,0,2
22/10/2001,Middlesbrough,Sunderland,2,1,7,6,6,7,0.0,0.5,8,5,H,2,0
24/10/2001,West Ham,Chelsea,3,3,6,14,8,5,0.0,1.0,6,9,H,2,1
24/10/2001,Aston Villa,Charlton,3,2,9,4,5,5,0.5,0.0,10,6,H,1,0
24/10/2001,Southampton,Ipswich,2,0,5,8,3,8,0.0,1.0,6,3,D,3,3
27/10/2001,Man Utd,Leeds,3,3,16,10,8,2,0.5,0.0,9,11,D,1,1
27/10/2001,Fulham,Southampton,1,2,3,7,7,11,0.0,0.0,3,4,H,2,1
27/10/2001,Sunderland,Arsenal,2,4,6,9,11,5,0.5,0.0,4,11,D,1,1
27/10/2001,Charlton,Liverpool,1,4,5,4,11,3,0.0,1.0,6,13,A,0,2
27/10/2001,Aston Villa,Bolton,3,2,10,4,4,9,0.0,0.0,12,5,H,3,2
27/10/2001,Everton,Newcastle,3,2,9,6,5,7,0.5,0.0,7,6,A,1,3
27/10/2001,Tottenham,Middlesbrough,2,1,10,8,7,6,0.0,0.0,9,8,H,2,1
28/10/2001,Ipswich,West Ham,1,0,5,10,8,13,0.5,0.0,3,9,A,2,3
28/10/2001,Derby,Chelsea,1,2,4,12,6,5,0.0,1.0,1,6,D,1,1
29/10/2001,Blackburn,Leicester,3,1,12,7,1,9,0.0,0.0,8,1,D,0,0
03/11/2001,Southampton,Blackburn,1,0,7,10,11,6,0.0,0.0,4,8,A,1,2
03/11/2001,West Ham,Fulham,4,0,8,15,4,5,0.0,0.0,9,6,A,0,2
03/11/2001,Newcastle,Aston Villa,2,2,8,5,10,5,0.5,0.0,9,12,H,3,0
03/11/2001,Middlesbrough,Derby,2,1,6,7,3,10,0.5,0.0,5,2,H,5,1
03/11/2001,Leicester,Sunderland,0,1,1,9,6,8,0.5,0.0,1,5,H,1,0
03/11/2001,Bolton,Everton,2,1,5,11,9,6,0.0,0.0,4,7,D,2,2
04/11/2001,Arsenal,Charlton,2,1,9,5,3,4,0.5,0.5,9,5,A,2,4
04/11/2001,Chelsea,Ipswich,2,0,5,4,7,9,0.5,0.0,6,3,H,2,1
04/11/2001,Leeds,Tottenham,3,2,7,3,10,8,1.0,0.0,9,9,H,2,1
04/11/2001,Liverpool,Man Utd,2,2,10,2,14,7,1.0,0.0,13,10,H,3,1
17/11/2001,Man Utd,Leicester,3,1,11,10,2,8,1.0,0.0,7,4,H,2,0
17/11/2001,Fulham,Newcastle,1,3,6,5,10,5,0.0,0.0,8,9,H,3,1
17/11/2001,Tottenham,Arsenal,3,3,11,9,10,8,0.0,0.5,9,8,D,1,1
17/11/2001,Blackburn,Liverpool,3,4,12,7,12,3,0.0,0.0,8,13,D,1,1
17/11/2001,Aston Villa,Middlesbrough,4,1,8,8,9,6,0.0,0.0,9,7,D,0,0
17/11/2001,Derby,Southampton,0,2,4,12,5,11,0.0,0.5,2,1,H,1,0
18/11/2001,Everton,Chelsea,3,1,11,7,6,4,0.5,0.5,8,8,D,0,0
18/11/2001,Ipswich,Bolton,0,1,7,9,6,12,0.0,0.0,3,4,A,1,2
18/11/2001,Sunderland,Leeds,1,2,4,7,6,4,0.0,1.0,4,9,H,2,0
19/11/2001,Charlton,West Ham,1,1,5,6,8,12,0.0,0.5,5,9,D,4,4
24/11/2001,Southampton,Charlton,0,2,5,10,9,10,0.0,0.0,1,5,H,1,0
24/11/2001,West Ham,Tottenham,3,2,11,9,9,5,0.0,0.5,10,10,A,0,1
24/11/2001,Newcastle,Derby,3,0,11,6,5,10,0.5,0.5,9,5,H,1,0
24/11/2001,Chelsea,Blackburn,2,1,4,4,13,6,0.0,0.0,6,9,D,0,0
24/11/2001,Leicester,Everton,1,1,2,8,6,7,0.0,0.5,4,6,D,0,0
24/11/2001,Bolton,Fulham,1,1,8,11,8,5,0.0,0.0,7,10,D,0,0
25/11/2001,Arsenal,Man Utd,1,2,9,9,8,7,0.5,0.5,6,7,H,3,1
25/11/2001,Leeds,Aston Villa,3,2,4,5,6,8,0.5,0.5,6,7,D,1,1
25/11/2001,Liverpool,Sunderland,3,1,11,4,4,7,0.0,0.0,11,4,H,1,0
25/11/2001,Middlesbrough,Ipswich,3,0,8,3,8,11,0.0,1.0,8,2,D,0,0
01/12/2001,Aston Villa,Leicester,4,0,5,6,2,6,0.5,0.0,8,5,A,0,2
01/12/2001,Blackburn,Middlesbrough,2,1,6,5,8,3,0.0,0.0,7,8,A,0,1
01/12/2001,Charlton,Newcastle,1,3,8,10,8,6,1.0,0.0,4,9,D,1,1
01/12/2001,Man Utd,Chelsea,3,0,6,9,4,4,0.0,0.0,4,6,A,0,3
01/12/2001,Sunderland,West Ham,1,1,3,5,9,10,0.5,0.0,4,7,H,1,0
01/12/2001,Derby,Liverpool,1,4,4,8,11,3,0.0,0.5,5,13,A,0,1
01/12/2001,Ipswich,Arsenal,0,3,7,10,10,10,0.0,0.5,2,6,A,0,2
02/12/2001,Everton,Southampton,2,2,6,7,6,8,0.0,0.5,6,4,H,2,0
02/12/2001,Fulham,Leeds,2,2,8,3,4,5,0.0,0.0,11,6,D,0,0
03/12/2001,Tottenham,Bolton,2,2,7,4,8,7,0.0,0.0,10,8,H,3,2
05/12/2001,West Ham,Aston Villa,3,2,7,10,4,8,0.0,0.0,4,5,D,1,1
05/12/2001,Chelsea,Charlton,2,1,6,2,9,10,0.0,1.0,9,5,A,0,1
08/12/2001,Charlton,Tottenham,1,3,10,8,8,6,0.5,0.0,8,10,H,3,1
08/12/2001,Derby,Bolton,1,2,3,8,8,9,0.0,0.0,4,5,H,1,0
08/12/2001,Fulham,Everton,2,0,7,2,5,5,0.0,0.0,11,6,H,2,0
08/12/2001,Leicester,Southampton,1,1,3,2,3,7,0.5,0.5,8,3,A,0,4
08/12/2001,Liverpool,Middlesbrough,3,1,8,2,7,3,0.0,0.5,13,8,H,2,0
08/12/2001,Man Utd,West Ham,2,1,5,10,5,9,0.5,0.0,4,2,A,0,1
09/12/2001,Sunderland,Chelsea,2,1,4,3,5,2,1.0,0.0,7,8,D,0,0
09/12/2001,Ipswich,Newcastle,0,2,4,9,9,5,0.5,0.5,1,10,A,0,1
09/12/2001,Arsenal,Aston Villa,2,1,9,7,2,7,0.5,0.0,8,3,H,3,2
09/12/2001,Blackburn,Leeds,2,1,3,3,4,5,0.0,0.0,6,6,A,1,2
12/12/2001,Liverpool,Fulham,4,1,8,2,7,1,0.0,0.0,13,11,D,0,0
12/12/2001,Man Utd,Derby,1,0,4,10,3,7,0.5,0.5,3,6,H,5,0
15/12/2001,Tottenham,Fulham,3,1,7,8,5,1,0.0,0.0,7,9,H,4,0
15/12/2001,Middlesbrough,Man Utd,3,2,6,3,8,7,0.0,1.0,8,6,A,0,1
15/12/2001,West Ham,Arsenal,2,3,6,7,11,8,0.0,1.0,5,10,D,1,1
15/12/2001,Southampton,Sunderland,1,1,6,5,3,2,0.0,0.5,6,7,H,2,0
15/12/2001,Bolton,Charlton,0,2,6,7,9,7,0.0,0.0,5,8,D,0,0
15/12/2001,Everton,Derby,3,0,4,4,2,7,0.0,0.5,6,6,H,1,0
15/12/2001,Newcastle,Blackburn,3,1,7,4,4,5,0.0,0.0,10,5,H,2,1
16/12/2001,Chelsea,Liverpool,2,4,3,1,5,1,0.5,0.0,6,11,H,4,0
16/12/2001,Leeds,Leicester,2,1,5,5,3,6,0.5,0.5,8,7,D,2,2
17/12/2001,Aston Villa,Ipswich,3,0,4,7,2,7,1.0,0.0,3,1,H,2,1
18/12/2001,Arsenal,Newcastle,2,3,10,5,6,5,0.5,0.0,11,10,A,1,3
19/12/2001,Leeds,Everton,2,0,5,6,3,2,0.5,0.0,6,8,H,3,2
22/12/2001,Sunderland,Everton,2,0,3,3,5,5,0.5,0.0,7,7,H,1,0
22/12/2001,Man Utd,Southampton,2,1,7,7,7,3,0.5,0.5,6,9,H,6,1
22/12/2001,Leicester,West Ham,1,2,4,8,3,4,1.0,0.0,5,5,D,1,1
22/12/2001,Tottenham,Ipswich,4,0,10,6,2,7,0.5,0.5,10,1,A,1,2
22/12/2001,Derby,Aston Villa,2,0,1,8,6,8,0.5,0.5,3,5,H,3,1
22/12/2001,Charlton,Blackburn,1,1,5,3,3,6,0.0,0.0,8,2,A,0,2
22/12/2001,Leeds,Newcastle,2,3,8,6,8,3,0.0,1.0,9,13,A,3,4
23/12/2001,Chelsea,Bolton,3,2,7,1,4,5,0.0,0.0,8,5,H,5,1
23/12/2001,Liverpool,Arsenal,3,2,4,4,10,7,0.5,0.5,10,10,A,1,2
26/12/2001,Everton,Man Utd,3,3,5,6,12,5,0.0,1.0,6,9,A,0,2
26/12/2001,Newcastle,Middlesbrough,3,1,11,6,1,3,0.67,0.33,13,5,H,3,0
26/12/2001,Ipswich,Leicester,0,1,3,6,5,7,0.33,0.33,4,6,H,2,0
26/12/2001,Southampton,Tottenham,2,2,8,8,10,7,0.33,0.33,9,9,H,1,0
26/12/2001,Fulham,Charlton,3,2,2,4,5,4,0.0,0.0,6,8,D,0,0
26/12/2001,West Ham,Derby,1,0,4,4,4,8,0.33,0.0,6,6,H,4,0
26/12/2001,Bolton,Leeds,0,1,3,9,10,9,0.0,0.0,2,8,A,0,3
26/12/2001,Blackburn,Sunderland,1,1,4,5,2,3,0.0,1.0,4,7,A,0,3
26/12/2001,Aston Villa,Liverpool,3,3,6,10,4,6,0.33,0.67,4,7,A,1,2
26/12/2001,Arsenal,Chelsea,2,1,9,7,12,2,0.0,0.0,10,10,H,2,1
29/12/2001,Arsenal,Middlesbrough,3,1,9,8,1,6,0.67,0.33,10,4,H,2,1
29/12/2001,Blackburn,Derby,0,0,4,8,4,11,0.0,1.0,3,6,A,0,1
29/12/2001,Bolton,Leicester,0,1,3,12,5,9,1.0,0.0,1,5,D,2,2
29/12/2001,West Ham,Liverpool,1,3,8,3,5,7,0.0,0.67,9,7,D,1,1
29/12/2001,Aston Villa,Tottenham,2,2,7,10,9,8,0.33,0.0,4,6,D,1,1
29/12/2001,Southampton,Leeds,3,2,8,8,13,9,0.33,0.67,9,10,A,0,1
29/12/2001,Ipswich,Sunderland,1,1,5,6,5,2,0.33,0.67,6,10,H,5,0
29/12/2001,Newcastle,Chelsea,4,1,13,5,10,4,0.0,0.33,15,7,A,1,2
29/12/2001,Everton,Charlton,2,2,3,8,4,3,0.67,0.33,3,8,A,0,3
30/12/2001,Fulham,Man Utd,3,3,2,4,14,2,0.0,1.0,6,12,A,2,3
01/01/2002,Sunderland,Aston Villa,3,0,4,7,7,10,0.0,0.0,7,4,D,1,1
01/01/2002,Tottenham,Blackburn,3,2,7,7,4,8,0.0,1.0,4,3,H,1,0
01/01/2002,Liverpool,Bolton,3,1,4,8,3,11,0.0,1.0,5,2,D,1,1
01/01/2002,Middlesbrough,Everton,2,0,2,8,3,9,0.0,0.67,3,3,H,1,0
01/01/2002,Leeds,West Ham,2,2,12,8,8,3,0.33,0.33,10,9,H,3,0
01/01/2002,Chelsea,Southampton,3,1,12,4,8,7,0.67,0.33,10,9,A,2,4
01/01/2002,Charlton,Ipswich,1,1,6,3,10,4,0.67,0.33,8,9,H,3,2
02/01/2002,Derby,Fulham,3,1,4,11,4,7,0.0,0.0,6,5,A,0,1
02/01/2002,Man Utd,Newcastle,3,3,17,3,13,7,0.33,0.33,15,12,H,3,1
09/01/2002,Southampton,Liverpool,3,2,8,9,5,9,0.0,0.5,9,5,H,2,0
12/01/2002,Everton,Sunderland,2,1,2,10,5,8,0.0,0.67,0,7,H,1,0
12/01/2002,Aston Villa,Derby,1,1,6,8,4,7,0.33,0.67,5,6,H,2,1
12/01/2002,Blackburn,Charlton,0,2,3,7,6,4,1.0,0.0,3,8,H,4,1
12/01/2002,Bolton,Chelsea,0,2,4,11,14,8,0.0,1.0,3,9,D,2,2
12/01/2002,Ipswich,Tottenham,2,1,12,6,7,4,0.67,0.33,9,7,H,2,1
12/01/2002,Fulham,Middlesbrough,2,1,3,7,2,8,0.0,0.0,5,3,H,2,1
12/01/2002,Newcastle,Leeds,4,3,12,9,13,6,1.0,0.0,9,12,H,3,1
12/01/2002,West Ham,Leicester,1,1,7,6,5,11,0.0,0.67,6,3,H,1,0
13/01/2002,Arsenal,Liverpool,4,2,8,7,5,7,0.67,0.33,10,5,D,1,1
13/01/2002,Southampton,Man Utd,4,3,8,9,15,4,0.33,0.67,9,15,A,1,3
19/01/2002,Liverpool,Southampton,2,2,5,6,8,6,0.33,0.33,6,9,D,1,1
19/01/2002,Derby,Ipswich,3,1,5,8,13,5,0.33,0.33,6,12,A,1,3
19/01/2002,Leicester,Newcastle,1,3,5,8,12,9,0.0,0.67,3,9,D,0,0
19/01/2002,Tottenham,Everton,3,0,4,6,1,7,0.33,0.0,4,3,D,1,1
19/01/2002,Middlesbrough,Bolton,3,1,3,8,6,13,0.0,1.0,3,3,D,1,1
19/01/2002,Sunderland,Fulham,3,2,5,7,5,8,0.0,1.0,7,7,D,1,1
19/01/2002,Man Utd,Blackburn,3,2,17,5,6,6,0.0,0.0,15,6,H,2,1
20/01/2002,Chelsea,West Ham,2,1,12,10,7,5,0.67,0.33,7,8,H,5,1
20/01/2002,Leeds,Arsenal,2,2,11,7,8,7,0.67,0.33,9,10,D,1,1
21/01/2002,Charlton,Aston Villa,2,0,7,8,6,8,0.0,0.67,7,5,A,1,2
22/01/2002,Man Utd,Liverpool,4,1,13,5,4,6,0.0,1.0,15,4,A,0,1
23/01/2002,Leicester,Arsenal,1,2,3,6,8,5,0.0,0.67,3,11,A,1,3
29/01/2002,Sunderland,Middlesbrough,2,1,5,8,4,8,0.33,0.33,5,4,A,0,1
29/01/2002,Charlton,Derby,2,1,8,8,3,10,0.33,0.0,7,3,H,1,0
29/01/2002,Bolton,Man Utd,0,4,6,9,11,6,1.0,0.0,4,12,A,0,4
30/01/2002,Southampton,West Ham,3,1,8,7,7,9,0.0,1.0,7,7,H,2,0
30/01/2002,Tottenham,Newcastle,3,3,4,5,8,6,0.67,0.33,5,7,A,1,3
30/01/2002,Liverpool,Leicester,1,1,4,5,3,8,0.67,0.33,6,2,H,1,0
30/01/2002,Ipswich,Fulham,3,1,14,5,6,5,0.0,0.0,12,8,H,1,0
30/01/2002,Chelsea,Leeds,3,3,12,10,9,4,0.0,0.33,7,10,H,2,0
30/01/2002,Blackburn,Arsenal,1,3,5,8,9,5,0.0,0.0,3,11,A,2,3
30/01/2002,Aston Villa,Everton,2,0,7,6,2,7,0.67,0.33,8,4,D,0,0
02/02/2002,Arsenal,Southampton,3,2,10,6,10,6,0.67,0.33,11,10,D,1,1
02/02/2002,Derby,Tottenham,2,1,3,7,5,7,0.33,0.67,3,5,H,1,0
02/02/2002,Everton,Ipswich,3,2,2,5,13,5,0.0,0.67,5,12,A,1,2
02/02/2002,Fulham,Aston Villa,2,1,6,6,6,4,0.0,1.0,7,9,D,0,0
02/02/2002,Leicester,Chelsea,0,2,3,7,13,8,0.67,0.33,2,10,A,2,3
02/02/2002,Man Utd,Sunderland,4,1,12,4,2,9,1.0,0.0,12,2,H,4,1
02/02/2002,Newcastle,Bolton,4,0,8,7,6,10,1.0,0.0,7,4,H,3,2
02/02/2002,West Ham,Blackburn,2,1,3,11,7,8,0.0,1.0,4,3,H,2,0
03/02/2002,Middlesbrough,Charlton,2,2,5,5,9,8,0.0,0.33,7,9,D,0,0
03/02/2002,Leeds,Liverpool,2,2,6,6,4,4,0.67,0.0,7,8,A,0,4
09/02/2002,Newcastle,Southampton,4,2,10,7,7,5,0.0,0.5,10,8,H,3,1
09/02/2002,Middlesbrough,Leeds,1,3,4,3,5,10,0.0,0.5,8,4,D,2,2
09/02/2002,Ipswich,Liverpool,4,2,10,6,8,2,0.5,0.0,12,11,A,0,6
09/02/2002,Fulham,Blackburn,2,1,4,3,7,9,0.0,0.0,8,3,H,2,0
09/02/2002,Bolton,West Ham,0,1,6,11,4,10,0.0,0.0,3,6,H,1,0
09/02/2002,Aston Villa,Chelsea,2,2,5,3,14,9,0.0,0.5,9,10,D,1,1
09/02/2002,Tottenham,Leicester,2,0,4,7,3,8,0.5,0.5,4,1,H,2,1
09/02/2002,Derby,Sunderland,3,1,3,7,3,8,0.5,0.5,3,2,A,0,1
10/02/2002,Charlton,Man Utd,3,5,6,8,13,4,0.0,0.5,7,12,A,0,2
10/02/2002,Everton,Arsenal,2,3,3,4,9,6,0.5,0.5,5,9,A,0,1
19/02/2002,Middlesbrough,Fulham,1,1,5,5,5,3,0.0,1.0,6,8,H,2,1
23/02/2002,Liverpool,Everton,1,0,13,1,3,4,1.0,0.0,13,5,D,1,1
23/02/2002,Man Utd,Aston Villa,4,1,12,3,5,3,0.67,0.0,12,9,H,1,0
23/02/2002,Southampton,Bolton,3,0,6,8,6,10,1.0,0.0,5,5,D,0,0
23/02/2002,Arsenal,Fulham,2,1,9,5,4,4,1.0,0.0,11,5,H,4,1
23/02/2002,Leicester,Derby,0,1,4,9,3,7,0.67,0.33,1,3,A,0,3
23/02/2002,West Ham,Middlesbrough,3,1,4,8,6,4,0.33,0.67,6,9,H,1,0
24/02/2002,Sunderland,Newcastle,1,3,3,7,12,5,0.33,0.0,4,13,A,0,1
24/02/2002,Leeds,Charlton,2,1,4,12,3,8,1.0,0.0,2,4,D,0,0
02/03/2002,Bolton,Blackburn,1,1,4,8,7,10,0.0,0.0,5,3,D,1,1
02/03/2002,Fulham,Liverpool,2,3,4,7,13,1,0.0,0.0,4,13,A,0,2
02/03/2002,Charlton,Chelsea,2,2,2,4,13,6,1.0,0.0,5,11,H,2,1
02/03/2002,Aston Villa,West Ham,1,0,3,3,4,8,0.0,0.0,6,6,H,2,1
02/03/2002,Ipswich,Southampton,4,1,8,9,5,5,0.67,0.0,12,6,A,1,3
02/03/2002,Middlesbrough,Leicester,2,0,5,4,4,12,0.67,0.33,8,0,H,1,0
02/03/2002,Tottenham,Sunderland,2,2,5,8,3,7,1.0,0.0,4,4,H,2,1
02/03/2002,Newcastle,Arsenal,4,4,10,4,12,5,0.33,0.33,13,13,A,0,2
03/03/2002,Derby,Man Utd,2,5,5,5,11,2,0.33,0.67,6,12,D,2,2
03/03/2002,Everton,Leeds,1,2,3,5,3,9,0.0,0.67,3,3,D,0,0
05/03/2002,Arsenal,Derby,3,2,11,4,6,4,0.67,0.0,13,7,H,1,0
05/03/2002,Blackburn,Aston Villa,1,1,4,10,3,3,0.0,1.0,1,6,H,3,0
05/03/2002,Sunderland,Bolton,1,0,3,8,4,8,1.0,0.0,3,5,H,1,0
06/03/2002,Chelsea,Fulham,4,1,12,6,4,8,0.0,0.0,10,4,H,3,2
06/03/2002,Leeds,Ipswich,1,3,2,8,7,11,0.67,0.33,3,9,H,2,0
06/03/2002,Liverpool,Newcastle,1,3,14,1,10,6,0.67,0.33,13,12,H,3,0
06/03/2002,West Ham,Everton,4,0,4,5,2,4,0.0,0.67,6,3,H,1,0
06/03/2002,Southampton,Middlesbrough,2,1,7,5,5,4,0.67,0.33,8,8,D,1,1
06/03/2002,Man Utd,Tottenham,4,0,13,3,6,7,0.67,0.33,13,7,H,4,0
09/03/2002,Leicester,Charlton,0,1,3,10,3,3,0.33,0.67,0,8,D,1,1
13/03/2002,Blackburn,Ipswich,2,3,6,8,4,12,0.0,0.0,4,6,H,2,1
13/03/2002,Chelsea,Tottenham,4,0,10,7,5,10,1.0,0.0,10,6,H,4,0
16/03/2002,Southampton,Leicester,2,0,6,6,4,10,0.67,0.33,6,1,D,2,2
16/03/2002,West Ham,Man Utd,4,4,5,3,13,3,0.33,0.33,9,13,A,3,5
16/03/2002,Newcastle,Ipswich,3,2,7,8,4,14,0.67,0.33,9,3,D,2,2
16/03/2002,Everton,Fulham,1,0,2,5,6,11,0.0,1.0,2,3,H,2,1
16/03/2002,Chelsea,Sunderland,4,1,12,7,4,7,0.0,0.67,10,6,H,4,0
16/03/2002,Bolton,Derby,1,2,4,5,6,4,0.0,1.0,5,7,A,1,3
16/03/2002,Middlesbrough,Liverpool,2,4,6,5,16,1,0.33,0.33,8,13,A,1,2
17/03/2002,Aston Villa,Arsenal,2,4,3,6,9,2,0.0,0.67,5,13,A,1,2
17/03/2002,Leeds,Blackburn,2,0,4,6,6,6,1.0,0.0,6,7,H,3,1
18/03/2002,Tottenham,Charlton,3,1,4,11,3,4,0.0,0.67,6,6,A,0,1
23/03/2002,Charlton,Bolton,3,0,4,4,3,5,0.0,0.0,8,5,A,1,2
23/03/2002,Derby,Everton,1,0,8,5,3,4,0.33,0.33,7,5,A,3,4
23/03/2002,Sunderland,Southampton,1,2,3,7,7,7,0.33,0.33,6,6,D,1,1
23/03/2002,Man Utd,Middlesbrough,4,1,14,5,5,5,1.0,0.0,13,7,A,0,1
23/03/2002,Ipswich,Aston Villa,3,1,4,15,4,8,0.0,1.0,1,4,D,0,0
23/03/2002,Leicester,Leeds,0,1,4,9,7,3,0.33,0.33,2,9,A,0,2
24/03/2002,Fulham,Tottenham,2,0,5,13,4,11,0.0,1.0,0,6,A,0,2
24/03/2002,Liverpool,Chelsea,2,2,14,2,13,5,0.0,0.67,13,10,H,1,0
29/03/2002,Newcastle,Everton,3,1,6,8,7,6,0.33,0.33,7,8,H,6,2
30/03/2002,Arsenal,Sunderland,3,1,10,2,3,8,0.0,0.33,15,4,H,3,0
30/03/2002,Bolton,Aston Villa,1,1,4,6,3,7,0.0,1.0,5,4,H,3,2
30/03/2002,Leicester,Blackburn,0,0,3,9,7,7,0.0,0.0,2,7,H,2,1
30/03/2002,Chelsea,Derby,5,2,12,5,11,8,0.67,0.0,9,7,H,2,1
30/03/2002,West Ham,Ipswich,4,2,6,8,4,9,0.33,0.33,6,2,H,3,1
30/03/2002,Liverpool,Charlton,3,1,9,2,5,4,1.0,0.0,13,8,H,2,0
30/03/2002,Middlesbrough,Tottenham,2,1,4,4,4,10,0.0,0.33,7,6,D,1,1
30/03/2002,Southampton,Fulham,1,0,7,5,4,13,0.0,1.0,7,0,D,1,1
30/03/2002,Leeds,Man Utd,2,4,7,1,12,6,0.0,0.33,11,10,A,3,4
01/04/2002,Ipswich,Chelsea,2,1,4,9,13,4,0.0,0.67,2,12,D,0,0
01/04/2002,Tottenham,Leeds,2,1,3,10,10,5,0.0,1.0,4,10,H,2,1
01/04/2002,Sunderland,Leicester,1,0,3,10,5,7,0.0,0.67,4,5,H,2,1
01/04/2002,Fulham,West Ham,2,0,4,10,9,8,1.0,0.0,1,9,A,0,1
01/04/2002,Blackburn,Southampton,3,1,8,7,8,6,1.0,0.0,7,7,H,2,0
01/04/2002,Derby,Middlesbrough,1,2,9,10,5,4,0.0,0.67,4,8,A,0,1
01/04/2002,Charlton,Arsenal,2,5,5,6,12,2,0.67,0.33,7,15,A,0,3
01/04/2002,Everton,Bolton,2,1,8,11,7,8,0.0,0.0,7,7,H,3,1
02/04/2002,Aston Villa,Newcastle,2,2,5,9,9,9,0.0,0.67,4,7,D,1,1
06/04/2002,West Ham,Charlton,4,1,9,8,3,8,0.33,0.0,9,4,H,2,0
06/04/2002,Middlesbrough,Aston Villa,2,0,5,4,4,9,0.0,0.0,8,2,H,2,1
06/04/2002,Leicester,Man Utd,1,4,6,8,15,9,0.0,1.0,5,10,A,0,1
06/04/2002,Chelsea,Everton,5,1,10,2,11,12,0.33,0.33,10,9,H,3,0
06/04/2002,Arsenal,Tottenham,3,1,11,1,5,7,0.33,0.0,15,7,H,2,1
06/04/2002,Southampton,Derby,1,2,5,7,7,9,0.33,0.33,4,3,H,2,0
06/04/2002,Bolton,Ipswich,2,1,7,10,4,7,1.0,0.0,6,3,H,4,1
07/04/2002,Leeds,Sunderland,2,1,11,7,4,9,0.67,0.33,9,7,H,2,0
08/04/2002,Newcastle,Fulham,3,0,9,10,4,9,0.0,1.0,5,1,D,1,1
10/04/2002,Blackburn,Chelsea,4,1,9,6,9,2,0.0,0.0,9,10,D,0,0
13/04/2002,Derby,Newcastle,1,2,7,10,10,9,0.33,0.67,3,6,A,2,3
13/04/2002,Charlton,Southampton,2,1,2,9,6,6,0.0,0.33,3,6,D,1,1
13/04/2002,Aston Villa,Leeds,1,1,5,8,11,7,0.33,0.33,2,9,A,0,1
13/04/2002,Everton,Leicester,2,0,11,14,5,8,0.33,0.0,9,4,D,2,2
13/04/2002,Sunderland,Liverpool,2,5,3,11,10,1,0.0,0.33,4,15,A,0,1
13/04/2002,Tottenham,West Ham,3,1,6,5,10,6,0.67,0.0,7,12,D,1,1
20/04/2002,Middlesbrough,Blackburn,3,0,6,4,6,6,1.0,0.0,10,7,A,1,3
20/04/2002,West Ham,Sunderland,4,1,10,7,3,8,0.0,0.67,10,4,H,3,0
20/04/2002,Southampton,Everton,1,1,5,5,11,15,0.33,0.33,6,7,A,0,1
20/04/2002,Newcastle,Charlton,2,1,13,8,2,10,0.0,0.67,9,1,H,3,0
20/04/2002,Liverpool,Derby,4,2,9,1,6,12,0.67,0.0,15,0,H,2,0
20/04/2002,Chelsea,Man Utd,5,4,5,2,14,7,0.33,0.0,8,12,A,0,3
20/04/2002,Leeds,Fulham,3,0,9,6,3,7,0.0,0.0,9,2,A,0,1
20/04/2002,Leicester,Aston Villa,1,0,5,8,4,7,0.33,0.33,4,2,D,2,2
20/04/2002,Bolton,Tottenham,3,1,11,10,7,5,0.0,1.0,9,8,D,1,1
21/04/2002,Arsenal,Ipswich,4,0,11,2,4,9,0.67,0.0,15,3,H,2,0
23/04/2002,Blackburn,Newcastle,3,3,7,6,14,6,0.0,1.0,7,11,D,2,2
23/04/2002,Fulham,Bolton,1,1,3,5,11,8,0.0,0.0,5,10,H,3,0
24/04/2002,Ipswich,Middlesbrough,1,3,2,9,6,5,0.67,0.0,2,10,H,1,0
24/04/2002,Arsenal,West Ham,5,1,12,2,10,2,0.67,0.0,15,13,H,2,0
27/04/2002,Tottenham,Liverpool,3,5,6,6,8,1,0.33,0.67,6,15,H,1,0
27/04/2002,Newcastle,West Ham,2,1,10,6,7,3,0.33,0.67,9,10,H,3,1
27/04/2002,Middlesbrough,Chelsea,2,0,5,6,5,4,0.33,0.33,7,8,A,0,2
27/04/2002,Ipswich,Man Utd,1,4,3,9,13,7,0.0,0.67,4,12,A,0,1
27/04/2002,Aston Villa,Southampton,1,1,6,9,4,5,0.33,0.33,2,5,H,2,1
27/04/2002,Derby,Leeds,0,2,3,10,7,7,0.0,0.33,0,6,A,0,1
27/04/2002,Charlton,Sunderland,1,0,1,11,2,10,0.0,0.67,1,3,D,2,2
27/04/2002,Fulham,Leicester,2,0,6,3,7,8,0.0,0.0,8,5,D,0,0
28/04/2002,Everton,Blackburn,2,1,8,12,8,5,0.0,1.0,7,8,A,1,2
29/04/2002,Bolton,Arsenal,2,5,9,10,12,1,0.0,0.0,7,15,A,0,2
08/05/2002,Liverpool,Blackburn,4,2,6,1,9,4,0.0,0.0,12,11,H,4,3
08/05/2002,Man Utd,Arsenal,3,5,9,4,11,1,0.33,0.67,12,15,A,0,1
11/05/2002,West Ham,Bolton,4,1,7,6,6,10,0.0,1.0,7,4,H,2,1
11/05/2002,Sunderland,Derby,2,1,4,9,2,9,0.67,0.33,4,0,D,1,1
11/05/2002,Southampton,Newcastle,1,2,4,6,12,6,0.33,0.33,4,11,H,3,1
11/05/2002,Man Utd,Charlton,3,1,9,4,3,11,0.67,0.0,12,2,D,0,0
11/05/2002,Liverpool,Ipswich,5,0,9,4,2,7,0.33,0.33,12,4,H,5,0
11/05/2002,Leeds,Middlesbrough,3,2,5,3,4,7,0.33,0.0,9,6,H,1,0
11/05/2002,Chelsea,Aston Villa,4,0,5,3,6,7,0.33,0.0,8,5,A,1,3
11/05/2002,Blackburn,Fulham,3,1,10,8,5,2,0.0,1.0,8,8,H,3,0
11/05/2002,Arsenal,Everton,5,2,9,1,7,8,0.67,0.33,15,7,H,4,3
11/05/2002,Leicester,Tottenham,1,1,5,7,6,5,0.33,0.67,3,8,H,2,1
17/08/2002,Everton,Tottenham,2,1,7,11,5,6,0.0,0.25,4,5,D,2,2
17/08/2002,Blackburn,Sunderland,3,0,13,8,3,9,0.0,1.0,10,2,D,0,0
17/08/2002,Charlton,Chelsea,1,1,3,8,6,6,1.0,0.0,3,7,A,2,3
17/08/2002,Leeds,Man City,3,1,5,1,6,6,0.5,0.5,12,7,H,3,0
17/08/2002,Fulham,Bolton,1,1,5,4,6,9,0.5,0.0,8,4,H,4,1
17/08/2002,Man Utd,West Brom,2,0,5,1,0,0,0.0,0.0,10,0,H,1,0
17/08/2002,Southampton,Middlesbrough,2,2,7,5,3,8,0.5,0.25,7,3,D,0,0
18/08/2002,Arsenal,Birmingham,5,0,11,3,0,0,0.0,0.0,15,0,H,2,0
18/08/2002,Aston Villa,Liverpool,2,4,8,7,12,4,0.25,0.75,7,12,A,0,1
19/08/2002,Newcastle,West Ham,3,1,12,8,7,7,0.5,0.5,10,7,H,4,0
23/08/2002,Chelsea,Man Utd,3,5,6,8,5,1,0.25,0.25,7,10,D,2,2
24/08/2002,Birmingham,Blackburn,0,2,0,2,10,7,0.0,0.0,0,8,A,0,1
24/08/2002,Liverpool,Southampton,5,1,12,4,5,5,0.25,0.25,12,5,H,3,0
24/08/2002,Man City,Newcastle,1,1,4,8,13,6,0.5,0.5,4,10,H,1,0
24/08/2002,Bolton,Charlton,2,1,3,12,5,9,0.5,0.0,1,3,A,1,2
24/08/2002,West Brom,Leeds,0,3,0,1,6,1,0.0,0.0,0,12,A,1,3
24/08/2002,West Ham,Arsenal,4,5,6,10,11,3,0.0,0.75,6,15,D,2,2
24/08/2002,Middlesbrough,Fulham,1,1,1,7,8,4,0.5,0.5,1,10,D,2,2
24/08/2002,Tottenham,Aston Villa,3,1,6,6,7,6,0.0,0.25,6,7,H,1,0
24/08/2002,Sunderland,Everton,2,2,3,7,9,10,0.5,0.25,3,5,A,0,1
27/08/2002,Charlton,Tottenham,0,0,6,9,6,5,0.75,0.0,5,8,A,0,1
27/08/2002,Arsenal,West Brom,5,0,11,5,1,4,0.0,0.0,13,0,H,5,2
28/08/2002,Aston Villa,Man City,1,1,7,6,4,7,0.5,0.0,7,6,H,1,0
28/08/2002,Blackburn,Liverpool,2,4,9,5,13,4,0.0,0.5,10,12,D,2,2
28/08/2002,Everton,Birmingham,2,0,8,8,0,3,0.0,0.0,7,0,D,1,1
28/08/2002,Leeds,Sunderland,3,0,8,2,3,7,0.75,0.25,12,3,A,0,1
28/08/2002,Southampton,Chelsea,2,2,4,7,8,10,0.5,0.5,4,7,D,1,1
31/08/2002,West Ham,Charlton,4,1,5,12,6,7,0.5,0.0,4,5,A,0,2
31/08/2002,West Brom,Fulham,0,1,3,9,9,6,0.0,0.0,0,8,H,1,0
31/08/2002,Sunderland,Man Utd,1,4,4,4,4,3,0.0,1.0,6,8,D,1,1
31/08/2002,Tottenham,Southampton,3,0,6,4,5,7,0.25,0.5,10,5,H,2,1
31/08/2002,Man City,Everton,2,2,3,8,8,9,0.5,0.5,3,5,H,3,1
31/08/2002,Birmingham,Leeds,0,4,1,4,8,2,0.0,0.0,1,12,H,2,1
31/08/2002,Middlesbrough,Blackburn,1,3,2,6,9,6,0.5,0.5,2,8,H,1,0
01/09/2002,Bolton,Aston Villa,2,1,3,13,6,4,0.5,0.5,0,9,H,1,0
01/09/2002,Chelsea,Arsenal,2,4,9,8,14,7,0.0,0.25,8,13,D,1,1
02/09/2002,Liverpool,Newcastle,5,1,15,5,10,7,0.75,0.25,13,7,D,2,2
03/09/2002,Man Utd,Middlesbrough,2,2,4,4,3,5,0.75,0.25,6,5,H,1,0
10/09/2002,Middlesbrough,Sunderland,2,1,3,4,3,3,0.5,0.25,5,6,H,3,0
10/09/2002,Arsenal,Man City,5,1,14,8,5,7,1.0,0.0,11,6,H,2,1
11/09/2002,Aston Villa,Charlton,2,2,4,4,6,5,0.75,0.0,6,7,H,2,0
11/09/2002,Blackburn,Chelsea,1,2,6,3,8,9,0.0,0.0,8,6,A,2,3
11/09/2002,Fulham,Tottenham,2,1,6,7,7,5,0.0,1.0,5,10,H,3,2
11/09/2002,Liverpool,Birmingham,4,0,13,4,3,5,0.0,0.0,11,4,D,2,2
11/09/2002,Man Utd,Bolton,2,1,5,3,4,10,0.5,0.5,9,3,A,0,1
11/09/2002,Newcastle,Leeds,4,3,10,7,8,4,1.0,0.0,7,9,A,0,2
11/09/2002,Southampton,Everton,2,2,5,7,8,10,0.25,0.5,5,5,H,1,0
11/09/2002,West Ham,West Brom,3,0,5,12,4,9,0.0,0.0,4,3,A,0,1
14/09/2002,Chelsea,Newcastle,1,1,10,8,7,8,0.5,0.0,9,4,H,3,0
14/09/2002,Sunderland,Fulham,1,1,2,5,9,9,0.0,0.5,5,7,A,0,3
14/09/2002,Leeds,Man Utd,3,3,9,4,5,4,0.0,0.5,9,8,H,1,0
14/09/2002,Everton,Middlesbrough,1,1,5,7,6,3,0.5,0.25,5,8,H,2,1
14/09/2002,West Brom,Southampton,1,0,5,9,3,6,0.0,0.0,6,5,H,1,0
14/09/2002,Charlton,Arsenal,0,3,6,7,12,6,0.5,0.5,6,11,A,0,3
14/09/2002,Bolton,Liverpool,2,3,5,8,10,6,0.5,0.0,6,9,A,2,3
15/09/2002,Tottenham,West Ham,4,1,8,6,4,10,0.5,0.0,10,4,H,3,2
15/09/2002,Man City,Blackburn,3,3,5,7,5,6,0.0,0.0,6,5,D,2,2
16/09/2002,Birmingham,Aston Villa,1,1,5,7,3,3,0.0,0.0,5,6,H,3,0
21/09/2002,Southampton,Charlton,2,2,3,7,4,7,0.25,0.0,4,6,D,0,0
21/09/2002,Arsenal,Bolton,5,1,13,6,6,9,0.5,0.0,11,6,H,2,1
21/09/2002,Liverpool,West Brom,3,1,12,8,6,8,0.0,0.0,9,9,H,2,0
21/09/2002,Man Utd,Tottenham,2,1,4,5,9,6,0.75,0.25,5,12,H,1,0
21/09/2002,Middlesbrough,Birmingham,2,0,7,5,8,5,0.0,0.0,7,8,H,1,0
21/09/2002,Newcastle,Sunderland,3,1,6,8,2,8,0.25,0.25,4,4,H,2,0
21/09/2002,West Ham,Man City,2,0,4,12,7,6,0.5,0.5,1,7,D,0,0
22/09/2002,Blackburn,Leeds,1,4,7,8,7,4,0.0,1.0,5,9,H,1,0
22/09/2002,Aston Villa,Everton,3,2,3,5,5,6,0.5,0.25,6,7,H,3,2
23/09/2002,Fulham,Chelsea,3,3,12,6,10,6,0.0,0.5,10,9,D,0,0
28/09/2002,Man City,Liverpool,3,3,6,6,11,8,0.0,0.5,5,9,A,0,3
28/09/2002,Leeds,Arsenal,3,3,4,4,13,5,0.5,0.25,6,13,A,1,4
28/09/2002,Tottenham,Middlesbrough,4,0,8,7,6,3,0.25,0.0,9,9,A,0,3
28/09/2002,Chelsea,West Ham,1,0,8,4,4,8,0.75,0.25,9,2,A,2,3
28/09/2002,Everton,Fulham,1,2,6,9,8,5,0.5,0.5,4,8,H,2,0
28/09/2002,Bolton,Southampton,1,0,6,7,3,4,0.0,0.5,6,5,D,1,1
28/09/2002,Birmingham,Newcastle,2,0,8,5,4,8,0.0,0.0,8,4,A,0,2
28/09/2002,Sunderland,Aston Villa,0,1,2,9,6,6,0.0,0.0,4,9,H,1,0
28/09/2002,Charlton,Man Utd,0,2,2,6,3,3,0.0,0.5,4,7,A,1,3
30/09/2002,West Brom,Blackburn,2,2,5,7,7,8,0.0,0.0,9,5,A,0,2
05/10/2002,Middlesbrough,Bolton,3,1,8,3,6,6,0.0,0.5,9,7,H,2,0
05/10/2002,Newcastle,West Brom,4,1,6,7,3,4,0.0,0.0,7,9,H,2,1
05/10/2002,Southampton,Man City,2,0,3,4,6,8,0.5,0.5,5,5,H,2,0
05/10/2002,West Ham,Birmingham,1,0,5,8,7,6,0.0,0.0,4,7,A,1,2
06/10/2002,Aston Villa,Leeds,4,3,5,7,5,7,0.25,0.5,6,6,D,0,0
06/10/2002,Liverpool,Chelsea,3,3,12,6,9,6,0.25,0.5,11,8,H,1,0
06/10/2002,Fulham,Charlton,3,2,6,5,3,8,0.0,0.0,7,4,H,1,0
06/10/2002,Arsenal,Sunderland,5,1,12,4,2,9,0.25,0.25,13,4,H,3,1
06/10/2002,Blackburn,Tottenham,2,1,7,6,7,10,0.5,0.5,7,6,A,1,2
07/10/2002,Man Utd,Everton,3,1,5,3,7,8,1.0,0.0,9,6,H,3,0
19/10/2002,Sunderland,West Ham,1,1,2,11,6,8,0.5,0.25,3,4,A,0,1
19/10/2002,Fulham,Man Utd,3,2,7,4,7,3,0.0,1.0,10,9,D,1,1
19/10/2002,West Brom,Birmingham,2,1,3,6,7,6,0.0,0.0,6,7,D,1,1
19/10/2002,Man City,Chelsea,2,2,3,9,8,6,0.0,1.0,2,7,A,0,3
19/10/2002,Everton,Arsenal,2,3,6,8,14,4,0.25,0.75,6,15,H,2,1
19/10/2002,Blackburn,Newcastle,1,1,8,7,6,6,0.0,0.5,7,9,H,5,2
19/10/2002,Leeds,Liverpool,3,3,4,5,11,4,0.5,0.25,7,13,A,0,1
20/10/2002,Charlton,Middlesbrough,0,1,1,9,10,2,0.25,0.0,1,12,H,1,0
20/10/2002,Tottenham,Bolton,4,1,7,10,5,8,0.5,0.0,6,4,H,3,1
21/10/2002,Aston Villa,Southampton,3,0,5,6,4,2,0.5,0.25,7,8,A,0,1
23/10/2002,Fulham,West Ham,3,2,5,3,7,7,0.5,0.5,8,7,A,0,1
26/10/2002,Arsenal,Blackburn,5,2,13,5,11,6,0.5,0.0,12,10,A,1,2
26/10/2002,Man Utd,Aston Villa,4,1,8,3,3,7,0.75,0.0,10,4,D,1,1
26/10/2002,Middlesbrough,Leeds,4,2,7,3,2,6,0.0,0.5,9,4,D,2,2
26/10/2002,Newcastle,Charlton,4,2,8,9,2,7,0.25,0.5,9,4,H,2,1
26/10/2002,Liverpool,Tottenham,3,2,10,2,8,8,0.5,0.5,15,9,H,2,1
26/10/2002,Birmingham,Man City,2,0,6,5,2,10,0.0,0.0,7,2,A,0,2
26/10/2002,Chelsea,West Brom,1,1,8,4,3,7,0.0,0.0,7,4,H,2,0
27/10/2002,Southampton,Fulham,2,1,4,2,2,4,0.0,0.5,8,5,H,4,2
27/10/2002,West Ham,Everton,0,1,6,4,8,8,0.25,0.5,10,9,A,0,1
28/10/2002,Bolton,Sunderland,1,1,5,11,2,9,0.0,1.0,1,3,D,1,1
02/11/2002,Liverpool,West Ham,3,3,9,1,6,5,0.5,0.0,15,9,H,2,0
02/11/2002,Birmingham,Bolton,2,1,3,7,4,9,0.0,0.0,4,2,H,3,1
02/11/2002,Man Utd,Southampton,3,1,9,3,8,3,0.75,0.25,11,11,H,2,1
02/11/2002,West Brom,Man City,2,1,2,9,2,8,0.0,0.0,1,4,A,1,2
03/11/2002,Tottenham,Chelsea,4,2,6,8,7,4,0.0,1.0,6,7,D,0,0
03/11/2002,Leeds,Everton,2,1,3,8,7,7,0.5,0.0,2,9,A,0,1
03/11/2002,Blackburn,Aston Villa,2,0,11,5,4,5,0.5,0.5,12,5,D,0,0
03/11/2002,Charlton,Sunderland,1,1,3,6,3,7,0.0,0.5,4,4,D,1,1
03/11/2002,Fulham,Arsenal,2,2,4,8,11,7,0.0,1.0,4,9,A,0,1
04/11/2002,Newcastle,Middlesbrough,4,1,10,7,8,3,0.75,0.25,12,10,H,2,0
09/11/2002,Man City,Man Utd,2,1,4,9,10,4,0.0,0.5,6,11,H,3,1
09/11/2002,Southampton,Blackburn,3,3,9,5,10,5,0.0,1.0,10,10,D,1,1
09/11/2002,Middlesbrough,Liverpool,4,4,7,5,9,1,0.25,0.5,7,15,H,1,0
09/11/2002,Everton,Charlton,3,1,6,4,4,7,0.5,0.5,12,4,H,1,0
09/11/2002,Arsenal,Newcastle,4,1,10,6,10,7,0.5,0.25,9,12,H,1,0
09/11/2002,Bolton,West Brom,1,1,4,10,3,9,0.0,0.0,2,1,D,1,1
09/11/2002,Aston Villa,Fulham,3,1,1,3,4,7,0.5,0.0,3,4,H,3,1
09/11/2002,Chelsea,Birmingham,2,1,7,4,6,7,0.0,0.0,7,7,H,3,0
10/11/2002,Sunderland,Tottenham,1,2,4,6,6,7,0.0,1.0,5,7,H,2,0
10/11/2002,West Ham,Leeds,0,1,3,5,3,8,0.25,0.5,6,2,A,3,4
16/11/2002,Newcastle,Southampton,4,1,8,8,9,5,0.25,0.5,9,10,H,2,1
16/11/2002,Man City,Charlton,2,0,7,7,3,5,0.0,1.0,9,4,A,0,1
16/11/2002,West Brom,Aston Villa,2,0,4,8,4,3,0.0,0.0,2,6,D,0,0
16/11/2002,Arsenal,Tottenham,4,1,7,5,6,6,0.5,0.0,9,7,H,3,0
16/11/2002,Chelsea,Middlesbrough,3,1,8,1,5,5,0.5,0.25,10,7,H,1,0
17/11/2002,West Ham,Man Utd,0,1,5,7,8,6,0.25,0.5,6,8,D,1,1
17/11/2002,Liverpool,Sunderland,4,0,6,2,5,6,0.5,0.0,12,5,D,0,0
17/11/2002,Leeds,Bolton,1,1,6,7,4,10,0.5,0.0,5,2,A,2,4
17/11/2002,Blackburn,Everton,2,2,9,6,5,4,1.0,0.0,8,12,A,0,1
17/11/2002,Birmingham,Fulham,3,1,6,8,4,10,0.0,0.0,7,1,D,0,0
23/11/2002,Sunderland,Birmingham,2,1,4,3,4,7,0.0,0.0,6,5,A,0,1
23/11/2002,Southampton,Arsenal,3,3,8,7,7,4,0.25,0.5,7,9,H,3,2
23/11/2002,Middlesbrough,Man City,4,2,3,6,7,6,0.0,0.0,4,9,H,3,1
23/11/2002,Man Utd,Newcastle,3,1,6,7,8,8,0.5,0.25,6,9,H,5,3
23/11/2002,Everton,West Brom,4,1,6,1,3,6,0.0,0.0,15,3,H,1,0
23/11/2002,Bolton,Chelsea,1,2,8,10,9,0,0.0,0.5,5,13,D,1,1
23/11/2002,Aston Villa,West Ham,3,3,4,3,5,8,0.25,0.0,6,4,H,4,1
23/11/2002,Fulham,Liverpool,1,3,3,9,5,2,0.0,0.5,1,10,H,3,2
24/11/2002,Charlton,Blackburn,1,2,4,4,8,5,0.0,1.0,7,8,H,3,1
24/11/2002,Tottenham,Leeds,3,2,4,8,8,11,0.25,0.75,4,4,H,2,0
30/11/2002,Arsenal,Aston Villa,4,0,8,5,8,3,0.75,0.0,9,9,H,3,1
30/11/2002,Blackburn,Fulham,2,1,4,6,6,10,0.5,0.5,5,4,H,2,1
30/11/2002,Birmingham,Tottenham,2,1,4,6,3,7,0.0,0.0,7,4,D,1,1
30/11/2002,Man City,Bolton,1,1,8,6,8,8,0.0,0.0,9,6,H,2,0
30/11/2002,Chelsea,Sunderland,4,0,7,1,4,3,0.25,0.5,11,6,H,3,0
30/11/2002,West Brom,Middlesbrough,1,1,2,6,6,6,0.0,0.0,2,7,H,1,0
01/12/2002,Leeds,Charlton,1,1,8,12,6,5,0.75,0.0,4,7,A,1,2
01/12/2002,Liverpool,Man Utd,4,1,6,5,10,9,1.0,0.0,7,8,A,1,2
01/12/2002,Newcastle,Everton,5,3,9,8,5,0,0.5,0.25,9,15,H,2,1
02/12/2002,West Ham,Southampton,0,1,5,12,10,9,0.75,0.25,1,7,A,0,1
07/12/2002,Everton,Chelsea,5,1,5,2,8,1,0.25,0.5,12,11,A,1,3
07/12/2002,Aston Villa,Newcastle,3,1,8,5,9,8,0.0,0.5,8,9,A,0,1
07/12/2002,Bolton,Blackburn,0,2,7,9,4,6,0.0,0.0,5,5,D,1,1
07/12/2002,Charlton,Liverpool,2,3,7,4,5,6,0.0,1.0,10,4,H,2,0
07/12/2002,Fulham,Leeds,2,1,5,8,7,12,0.5,0.0,4,3,H,1,0
07/12/2002,Man Utd,Arsenal,4,3,11,9,10,4,0.25,0.75,10,12,H,2,0
07/12/2002,Middlesbrough,West Ham,4,3,4,5,5,12,0.5,0.5,6,1,D,2,2
07/12/2002,Southampton,Birmingham,3,2,7,7,5,5,0.0,0.0,7,8,H,2,0
08/12/2002,Tottenham,West Brom,3,0,3,6,3,4,0.0,0.0,5,5,H,3,1
09/12/2002,Sunderland,Man City,2,2,3,5,8,6,0.5,0.5,5,9,A,0,3
14/12/2002,Aston Villa,West Brom,2,0,8,6,3,5,0.0,0.0,7,5,H,2,1
14/12/2002,Everton,Blackburn,4,2,5,5,5,7,0.33,0.67,9,5,H,2,1
14/12/2002,Charlton,Man City,3,3,8,3,9,5,1.0,0.0,12,9,D,2,2
14/12/2002,Man Utd,West Ham,4,2,11,8,7,12,0.4,0.2,10,2,H,3,0
14/12/2002,Southampton,Newcastle,4,2,8,5,8,8,0.4,0.4,10,9,D,1,1
14/12/2002,Middlesbrough,Chelsea,3,2,6,5,11,2,0.2,0.6,7,13,D,1,1
15/12/2002,Fulham,Birmingham,2,2,6,7,2,6,0.0,0.0,7,5,A,0,1
15/12/2002,Sunderland,Liverpool,2,2,2,7,3,8,0.0,0.4,4,1,H,2,1
15/12/2002,Tottenham,Arsenal,3,2,6,7,9,6,0.0,0.6,7,9,D,1,1
16/12/2002,Bolton,Leeds,0,1,7,7,7,12,0.33,0.33,6,3,A,0,3
21/12/2002,West Ham,Bolton,0,1,4,11,6,9,0.5,0.5,2,5,D,1,1
21/12/2002,West Brom,Sunderland,1,0,3,6,2,8,0.0,0.0,4,4,D,2,2
21/12/2002,Newcastle,Fulham,5,0,9,8,5,5,0.0,0.5,10,7,H,2,0
21/12/2002,Leeds,Southampton,0,2,6,9,8,5,0.75,0.25,3,10,D,1,1
21/12/2002,Chelsea,Aston Villa,4,0,9,3,7,6,0.25,0.25,11,7,H,2,0
21/12/2002,Birmingham,Charlton,1,2,3,3,10,4,0.0,0.0,8,13,D,1,1
21/12/2002,Arsenal,Middlesbrough,4,1,9,7,6,6,0.75,0.25,7,5,H,2,0
22/12/2002,Blackburn,Man Utd,2,2,5,8,13,5,0.0,0.5,4,13,H,1,0
22/12/2002,Liverpool,Everton,3,3,4,9,6,6,0.75,0.0,1,9,D,0,0
23/12/2002,Man City,Tottenham,2,1,8,6,7,6,0.0,0.5,7,8,A,2,3
26/12/2002,West Ham,Fulham,0,0,4,11,5,7,0.67,0.33,2,6,D,1,1
26/12/2002,Bolton,Newcastle,0,1,3,8,9,7,0.0,1.0,3,10,H,4,3
26/12/2002,Chelsea,Southampton,5,2,10,3,8,4,0.4,0.4,11,11,D,0,0
26/12/2002,Liverpool,Blackburn,2,1,4,9,6,7,0.33,0.0,1,7,D,1,1
26/12/2002,Birmingham,Everton,1,3,4,4,5,6,0.0,0.0,8,7,D,1,1
26/12/2002,Man City,Aston Villa,2,0,10,8,7,8,0.0,0.67,7,6,H,3,1
26/12/2002,Sunderland,Leeds,2,2,4,10,5,6,0.4,0.6,4,4,A,1,2
26/12/2002,Tottenham,Charlton,3,2,10,5,10,5,0.2,0.6,11,11,D,2,2
26/12/2002,West Brom,Arsenal,1,1,5,8,8,7,0.0,1.0,4,7,A,1,2
26/12/2002,Middlesbrough,Man Utd,2,1,6,7,12,5,0.2,0.8,5,12,H,3,1
28/12/2002,Southampton,Sunderland,3,0,5,2,5,11,0.25,0.25,9,4,H,2,1
28/12/2002,Man Utd,Birmingham,4,2,8,5,4,5,0.0,0.0,9,6,H,2,0
28/12/2002,Aston Villa,Middlesbrough,3,0,4,10,6,7,0.0,0.25,3,5,H,1,0
28/12/2002,Blackburn,West Ham,3,1,6,5,4,8,0.5,0.5,8,3,D,2,2
28/12/2002,Charlton,West Brom,3,0,9,6,6,9,0.0,0.0,9,4,H,1,0
28/12/2002,Everton,Bolton,4,1,5,7,6,10,0.5,0.0,5,5,D,0,0
28/12/2002,Fulham,Man City,2,3,3,6,12,6,0.0,0.0,4,10,A,0,1
28/12/2002,Leeds,Chelsea,0,2,7,5,9,2,0.25,0.25,7,11,H,2,0
29/12/2002,Arsenal,Liverpool,4,1,8,5,3,7,0.5,0.25,10,2,D,1,1
29/12/2002,Newcastle,Tottenham,5,1,9,6,10,7,0.5,0.5,10,9,H,2,1
01/01/2003,Newcastle,Liverpool,5,0,9,6,3,6,0.2,0.6,10,3,H,1,0
01/01/2003,Man Utd,Sunderland,5,0,8,4,6,10,0.8,0.0,9,4,H,2,1
01/01/2003,Leeds,Birmingham,1,2,8,3,3,6,0.0,1.0,10,5,H,2,0
01/01/2003,Southampton,Tottenham,3,1,6,3,10,8,0.4,0.4,9,8,H,1,0
01/01/2003,Blackburn,Middlesbrough,2,0,6,6,6,7,0.33,0.67,6,5,H,1,0
01/01/2003,Aston Villa,Bolton,4,1,4,7,6,8,0.33,0.67,6,6,H,2,0
01/01/2003,Arsenal,Chelsea,4,1,6,5,6,4,0.2,0.0,8,8,H,3,2
01/01/2003,Everton,Man City,3,3,4,5,11,6,0.33,0.67,6,10,D,2,2
11/01/2003,Sunderland,Blackburn,2,0,7,9,6,5,0.67,0.0,4,8,D,0,0
11/01/2003,Middlesbrough,Southampton,3,1,4,6,5,3,0.2,0.4,4,9,D,2,2
11/01/2003,Man City,Leeds,3,3,10,8,10,2,0.33,0.67,8,13,H,2,1
11/01/2003,West Ham,Newcastle,0,1,6,9,9,6,0.4,0.6,4,10,D,2,2
11/01/2003,Chelsea,Charlton,4,2,5,6,8,5,0.2,0.8,5,9,H,4,1
11/01/2003,Bolton,Fulham,1,0,5,9,2,5,0.0,0.67,5,4,D,0,0
11/01/2003,West Brom,Man Utd,1,1,5,10,8,5,0.0,1.0,1,9,A,1,3
11/01/2003,Liverpool,Aston Villa,1,0,3,5,6,6,0.8,0.2,3,9,D,1,1
12/01/2003,Birmingham,Arsenal,1,2,3,6,9,5,0.0,1.0,5,11,A,0,4
12/01/2003,Tottenham,Everton,2,2,7,8,5,4,0.2,0.0,5,7,H,4,3
18/01/2003,Aston Villa,Tottenham,4,1,5,6,10,10,0.2,0.2,7,7,A,0,1
18/01/2003,Blackburn,Birmingham,3,2,5,3,2,10,1.0,0.0,9,2,D,1,1
18/01/2003,Charlton,Bolton,3,1,7,9,5,6,0.33,0.33,6,6,D,1,1
18/01/2003,Everton,Sunderland,2,0,6,7,5,8,0.4,0.4,4,2,H,2,1
18/01/2003,Leeds,West Brom,2,0,8,4,5,10,1.0,0.0,10,1,D,0,0
18/01/2003,Man Utd,Chelsea,5,1,8,6,8,6,0.2,0.2,9,7,H,2,1
18/01/2003,Newcastle,Man City,5,2,10,7,10,7,0.33,0.67,10,10,H,2,0
18/01/2003,Southampton,Liverpool,4,0,6,4,3,4,0.2,0.4,9,4,A,0,1
19/01/2003,Fulham,Middlesbrough,2,0,1,5,5,7,0.33,0.33,2,4,H,1,0
19/01/2003,Arsenal,West Ham,4,0,12,4,6,9,0.6,0.0,13,4,H,3,1
22/01/2003,Charlton,West Ham,3,0,6,8,7,9,0.2,0.4,6,4,H,4,2
22/01/2003,Newcastle,Bolton,5,0,10,7,5,6,0.67,0.33,10,6,H,1,0
28/01/2003,Bolton,Everton,1,1,1,4,8,8,0.0,0.33,3,6,A,1,2
28/01/2003,Chelsea,Leeds,4,2,7,8,7,3,0.2,0.4,4,10,H,3,2
28/01/2003,Middlesbrough,Aston Villa,2,0,5,6,5,5,0.2,0.2,4,7,A,2,5
28/01/2003,Sunderland,Southampton,1,1,4,8,5,4,0.2,0.4,1,8,A,0,1
29/01/2003,Man City,Fulham,3,0,8,6,2,4,1.0,0.0,10,5,H,4,1
29/01/2003,Liverpool,Arsenal,0,2,4,4,13,5,0.2,0.4,6,13,D,2,2
29/01/2003,Tottenham,Newcastle,3,1,8,8,8,3,0.4,0.6,7,13,A,0,1
29/01/2003,West Brom,Charlton,1,2,4,8,9,9,0.0,1.0,2,8,A,0,1
29/01/2003,West Ham,Blackburn,0,0,8,12,5,4,0.33,0.33,3,7,H,2,1
01/02/2003,Arsenal,Fulham,4,0,13,6,3,6,1.0,0.0,11,5,H,2,1
01/02/2003,Bolton,Birmingham,1,1,2,6,2,10,0.0,1.0,2,2,H,4,2
01/02/2003,Chelsea,Tottenham,4,2,10,10,6,7,0.8,0.0,6,6,D,1,1
01/02/2003,Everton,Leeds,2,2,9,8,7,5,0.2,0.4,8,7,H,2,0
01/02/2003,Man City,West Brom,4,0,9,6,2,7,1.0,0.0,10,1,A,1,2
01/02/2003,Southampton,Man Utd,3,2,6,4,10,6,0.2,0.8,10,12,A,0,2
01/02/2003,Sunderland,Charlton,1,2,3,7,8,7,0.4,0.0,1,10,A,1,3
02/02/2003,Aston Villa,Blackburn,3,0,9,4,5,5,0.33,0.33,10,6,H,3,0
02/02/2003,West Ham,Liverpool,1,1,9,12,5,5,0.0,0.6,5,6,A,0,3
04/02/2003,Birmingham,Man Utd,0,3,3,13,11,3,0.0,1.0,1,15,A,0,1
08/02/2003,Blackburn,Southampton,3,2,3,6,4,5,0.67,0.0,5,7,H,1,0
08/02/2003,Fulham,Aston Villa,3,1,3,7,11,4,0.0,0.67,4,10,H,2,1
08/02/2003,Birmingham,Chelsea,0,1,3,12,11,9,0.0,1.0,1,7,A,1,3
08/02/2003,Charlton,Everton,3,1,10,8,11,8,0.4,0.6,10,10,H,2,1
08/02/2003,West Brom,Bolton,1,0,3,6,6,6,0.0,0.0,4,5,D,1,1
08/02/2003,Leeds,West Ham,2,0,5,7,7,13,0.6,0.2,4,4,H,1,0
08/02/2003,Tottenham,Sunderland,2,0,6,6,3,8,0.8,0.2,7,1,H,4,1
08/02/2003,Liverpool,Middlesbrough,0,0,7,4,4,10,0.4,0.4,8,1,D,1,1
09/02/2003,Man Utd,Man City,5,2,10,3,9,8,0.33,0.33,15,7,D,1,1
09/02/2003,Newcastle,Arsenal,5,2,7,2,14,6,0.2,0.6,13,13,D,1,1
19/02/2003,Fulham,West Brom,3,1,5,7,4,6,0.0,1.0,7,5,H,3,0
22/02/2003,Everton,Southampton,3,1,10,8,3,6,0.4,0.4,9,4,H,2,1
22/02/2003,Bolton,Man Utd,2,3,7,7,9,3,0.67,0.33,5,13,D,1,1
22/02/2003,Charlton,Aston Villa,3,1,11,5,10,6,0.0,0.8,13,7,H,3,0
22/02/2003,Chelsea,Blackburn,3,0,12,7,3,6,0.33,0.0,10,5,A,1,2
22/02/2003,Leeds,Newcastle,3,2,4,7,7,3,0.2,0.8,4,11,A,0,3
22/02/2003,Man City,Arsenal,3,2,8,7,12,5,0.0,1.0,7,11,A,1,5
22/02/2003,Sunderland,Middlesbrough,1,0,3,10,5,10,0.2,0.6,1,2,A,1,3
23/02/2003,Birmingham,Liverpool,0,2,4,13,8,4,0.0,0.0,1,9,H,2,1
23/02/2003,West Brom,West Ham,0,0,3,6,5,12,1.0,0.0,5,3,A,1,2
24/02/2003,Tottenham,Fulham,2,0,10,6,8,7,0.67,0.33,10,9,D,1,1
01/03/2003,Middlesbrough,Everton,1,1,8,10,9,5,0.2,0.6,5,12,D,1,1
01/03/2003,Blackburn,Man City,3,1,5,7,7,11,0.0,0.0,7,4,H,1,0
01/03/2003,Fulham,Sunderland,3,0,8,8,4,13,0.67,0.0,7,0,H,1,0
01/03/2003,Southampton,West Brom,2,1,2,6,4,8,0.0,1.0,3,4,H,1,0
01/03/2003,West Ham,Tottenham,1,2,6,10,7,4,0.0,0.6,6,8,H,2,0
01/03/2003,Newcastle,Chelsea,4,1,8,1,9,8,0.0,0.6,13,7,H,2,1
02/03/2003,Arsenal,Charlton,4,2,13,6,13,4,0.6,0.4,11,15,H,2,0
03/03/2003,Aston Villa,Birmingham,4,1,9,8,6,10,0.0,1.0,6,4,A,0,2
05/03/2003,Man Utd,Leeds,4,2,7,3,3,8,0.4,0.2,11,4,H,2,1
05/03/2003,Middlesbrough,Newcastle,1,2,7,9,8,2,0.2,0.8,5,13,H,1,0
08/03/2003,Liverpool,Bolton,0,0,8,5,7,7,0.33,0.33,8,5,H,2,0
15/03/2003,Sunderland,Bolton,0,0,3,12,7,8,0.67,0.0,0,5,A,0,2
15/03/2003,Charlton,Newcastle,4,2,9,4,7,3,0.4,0.4,12,10,A,0,2
15/03/2003,Aston Villa,Man Utd,3,3,9,9,7,3,0.0,0.6,6,11,A,0,1
15/03/2003,Blackburn,Arsenal,3,3,5,6,12,5,0.33,0.33,9,11,H,2,0
15/03/2003,Everton,West Ham,3,1,8,5,6,6,0.6,0.2,10,9,D,0,0
15/03/2003,Fulham,Southampton,4,1,8,4,3,5,0.33,0.33,10,6,D,2,2
15/03/2003,Leeds,Middlesbrough,3,1,4,10,8,8,0.4,0.0,3,8,A,2,3
16/03/2003,Tottenham,Liverpool,2,2,6,6,9,5,0.4,0.6,5,8,A,2,3
16/03/2003,Man City,Birmingham,3,1,7,10,7,9,1.0,0.0,4,6,H,1,0
16/03/2003,West Brom,Chelsea,0,1,4,8,9,8,0.0,1.0,4,7,A,0,2
22/03/2003,West Ham,Sunderland,2,0,4,5,3,13,0.4,0.4,7,0,H,2,0
22/03/2003,Southampton,Aston Villa,3,1,4,7,4,8,0.4,0.4,4,3,D,2,2
22/03/2003,Newcastle,Blackburn,4,1,8,3,6,4,0.33,0.33,10,12,H,5,1
22/03/2003,Birmingham,West Brom,1,1,5,6,2,9,0.0,0.0,6,1,H,1,0
22/03/2003,Man Utd,Fulham,4,0,6,3,9,4,0.67,0.0,11,11,H,3,0
22/03/2003,Chelsea,Man City,2,1,8,6,4,9,1.0,0.0,7,4,H,5,0
22/03/2003,Middlesbrough,Charlton,2,2,9,5,8,6,0.0,0.4,11,9,D,1,1
23/03/2003,Arsenal,Everton,4,1,10,5,6,4,0.6,0.4,10,8,H,2,1
23/03/2003,Liverpool,Leeds,1,1,10,5,4,10,0.4,0.4,10,3,H,3,1
24/03/2003,Bolton,Tottenham,2,1,8,6,8,8,0.0,0.67,8,5,H,1,0
05/04/2003,Man Utd,Liverpool,4,3,8,3,10,6,0.2,0.8,11,10,H,4,0
05/04/2003,Bolton,Man City,2,0,5,4,3,12,0.0,1.0,8,4,H,2,0
05/04/2003,Charlton,Leeds,3,0,6,6,5,11,0.2,0.6,7,3,A,1,6
05/04/2003,Aston Villa,Arsenal,2,2,3,10,10,5,0.0,0.8,1,10,D,1,1
05/04/2003,Middlesbrough,West Brom,1,1,9,5,1,9,0.0,1.0,11,0,H,3,0
05/04/2003,Sunderland,Chelsea,0,2,2,12,12,5,0.4,0.4,0,9,A,1,2
05/04/2003,Southampton,West Ham,2,1,6,7,6,2,0.4,0.6,5,10,D,1,1
05/04/2003,Tottenham,Birmingham,2,1,7,8,6,5,0.0,0.0,4,9,H,2,1
06/04/2003,Everton,Newcastle,3,3,5,6,12,3,0.2,0.6,5,12,H,2,1
07/04/2003,Fulham,Blackburn,4,1,7,6,7,6,0.33,0.67,8,12,A,0,4
12/04/2003,West Ham,Aston Villa,3,1,7,2,3,9,0.0,0.4,11,2,D,2,2
12/04/2003,West Brom,Everton,0,1,1,9,6,5,0.0,1.0,0,8,A,1,2
12/04/2003,Newcastle,Man Utd,4,4,10,5,11,2,0.2,0.6,9,13,A,2,6
12/04/2003,Man City,Middlesbrough,3,2,2,13,9,4,0.0,0.33,3,11,D,0,0
12/04/2003,Liverpool,Fulham,2,0,9,9,4,10,0.33,0.33,9,5,H,2,0
12/04/2003,Chelsea,Bolton,3,1,11,5,6,3,0.33,0.0,9,10,H,1,0
12/04/2003,Blackburn,Charlton,4,2,10,6,5,11,0.67,0.33,12,4,H,1,0
12/04/2003,Birmingham,Sunderland,2,0,6,4,2,10,1.0,0.0,9,0,H,2,0
12/04/2003,Leeds,Tottenham,2,1,10,12,5,8,0.6,0.4,3,4,D,2,2
16/04/2003,Arsenal,Man Utd,5,4,10,5,16,3,0.6,0.4,10,15,D,2,2
18/04/2003,Tottenham,Man City,2,0,6,9,1,8,0.67,0.0,4,4,A,0,2
19/04/2003,Charlton,Birmingham,3,1,2,12,6,3,0.0,0.0,1,9,A,0,2
19/04/2003,Bolton,West Ham,3,1,5,3,7,3,0.33,0.33,9,9,H,1,0
19/04/2003,Aston Villa,Chelsea,1,3,5,8,11,3,0.2,0.4,3,12,H,2,1
19/04/2003,Everton,Liverpool,4,3,6,5,10,7,0.0,0.6,8,12,A,1,2
19/04/2003,Southampton,Leeds,1,1,7,7,12,11,0.2,0.6,6,4,H,3,2
19/04/2003,Man Utd,Blackburn,4,2,16,4,9,5,0.33,0.33,13,12,H,3,1
19/04/2003,Middlesbrough,Arsenal,2,1,8,3,7,6,0.2,0.8,11,8,A,0,2
19/04/2003,Sunderland,West Brom,0,1,1,9,1,9,0.0,0.0,0,0,A,1,2
19/04/2003,Fulham,Newcastle,3,3,3,11,10,10,0.33,0.33,4,6,H,2,1
21/04/2003,West Ham,Middlesbrough,3,2,5,4,7,5,0.4,0.4,6,8,H,1,0
21/04/2003,West Brom,Tottenham,0,1,3,9,6,9,0.0,1.0,3,4,A,2,3
21/04/2003,Newcastle,Aston Villa,3,1,11,11,7,7,0.6,0.0,6,6,D,1,1
21/04/2003,Man City,Sunderland,2,0,3,7,2,10,0.67,0.33,7,0,H,3,0
21/04/2003,Chelsea,Everton,3,2,11,3,6,6,0.6,0.2,12,7,H,4,1
21/04/2003,Blackburn,Bolton,4,1,9,8,6,1,0.0,0.0,9,12,D,0,0
21/04/2003,Birmingham,Southampton,3,1,6,3,9,7,0.0,1.0,9,9,H,3,2
21/04/2003,Liverpool,Charlton,3,2,10,8,2,12,0.8,0.2,12,1,H,2,1
22/04/2003,Leeds,Fulham,1,0,13,12,4,12,0.0,0.67,4,4,H,2,0
26/04/2003,Bolton,Arsenal,4,2,4,1,7,6,0.0,0.67,10,8,D,2,2
26/04/2003,Chelsea,Fulham,3,0,13,4,2,12,0.33,0.0,12,3,D,1,1
26/04/2003,Birmingham,Middlesbrough,4,2,9,4,4,4,0.0,1.0,12,5,H,3,0
26/04/2003,Charlton,Southampton,2,1,3,12,10,10,0.0,0.2,1,6,H,2,1
26/04/2003,Everton,Aston Villa,3,0,7,10,8,7,0.2,0.6,6,7,H,2,1
26/04/2003,Leeds,Blackburn,2,2,13,9,7,8,0.67,0.33,7,7,A,2,3
26/04/2003,Sunderland,Newcastle,0,2,2,11,10,12,0.2,0.4,0,4,A,0,1
26/04/2003,West Brom,Liverpool,0,3,5,10,9,7,0.0,1.0,3,12,A,0,6
27/04/2003,Man City,West Ham,2,1,5,7,6,4,0.33,0.33,7,8,A,0,1
27/04/2003,Tottenham,Man Utd,2,3,7,8,18,5,0.2,0.8,7,13,A,0,2
03/05/2003,Blackburn,West Brom,4,1,9,5,5,15,1.0,0.0,10,3,D,1,1
03/05/2003,West Ham,Chelsea,3,3,5,4,9,5,0.4,0.6,8,10,H,1,0
03/05/2003,Southampton,Bolton,2,1,9,10,5,3,0.33,0.0,5,8,D,0,0
03/05/2003,Newcastle,Birmingham,2,2,6,11,11,4,1.0,0.0,4,12,H,1,0
03/05/2003,Middlesbrough,Tottenham,2,1,3,6,7,9,0.2,0.2,4,7,H,5,1
03/05/2003,Man Utd,Charlton,4,1,17,5,4,12,0.6,0.0,13,3,H,4,1
03/05/2003,Liverpool,Man City,4,1,12,6,5,3,0.67,0.0,12,7,A,1,2
03/05/2003,Fulham,Everton,3,1,3,10,8,9,0.33,0.67,4,9,H,2,0
03/05/2003,Aston Villa,Sunderland,2,0,7,7,2,10,0.0,0.2,6,0,H,1,0
04/05/2003,Arsenal,Leeds,4,1,9,6,14,9,0.4,0.4,9,7,A,2,3
07/05/2003,Arsenal,Southampton,3,0,9,8,7,8,0.4,0.4,6,5,H,6,1
11/05/2003,Tottenham,Blackburn,1,3,6,13,6,6,0.67,0.33,4,8,A,0,4
11/05/2003,Sunderland,Arsenal,0,2,1,9,14,8,0.2,0.4,0,8,A,0,4
11/05/2003,West Brom,Newcastle,0,2,6,13,6,9,0.0,1.0,4,7,D,2,2
11/05/2003,Man City,Southampton,2,0,7,2,7,13,0.33,0.67,10,4,A,0,1
11/05/2003,Leeds,Aston Villa,1,0,11,10,7,6,0.4,0.2,7,8,H,3,1
11/05/2003,Charlton,Fulham,2,0,4,10,5,6,0.0,0.33,3,7,A,0,1
11/05/2003,Chelsea,Liverpool,3,3,7,5,13,4,0.4,0.4,7,12,H,2,1
11/05/2003,Bolton,Middlesbrough,3,2,3,3,5,7,0.33,0.33,6,4,H,2,1
11/05/2003,Birmingham,West Ham,5,2,10,3,5,3,1.0,0.0,12,10,D,2,2
11/05/2003,Everton,Man Utd,3,3,6,10,17,6,0.0,1.0,6,13,A,1,2
16/08/2003,Blackburn,Wolves,3,0,9,6,0,0,0.0,0.0,8,0,H,5,1
16/08/2003,Birmingham,Tottenham,4,1,10,5,4,15,0.0,0.5,10,3,H,1,0
16/08/2003,Leicester,Southampton,2,1,6,6,5,11,0.25,0.5,6,4,D,2,2
16/08/2003,Arsenal,Everton,3,1,16,6,5,11,0.67,0.33,10,3,H,2,1
16/08/2003,Man Utd,Bolton,5,1,13,5,5,3,0.25,0.5,13,9,H,4,0
16/08/2003,Portsmouth,Aston Villa,0,0,0,0,6,7,0.0,0.0,0,7,H,2,1
16/08/2003,Fulham,Middlesbrough,3,1,6,4,6,9,0.5,0.25,10,3,H,3,2
17/08/2003,Charlton,Man City,1,2,4,10,7,3,0.75,0.0,3,9,A,0,3
17/08/2003,Leeds,Newcastle,2,2,12,9,6,5,0.17,0.83,9,8,D,2,2
17/08/2003,Liverpool,Chelsea,4,2,12,6,8,6,0.33,0.5,9,7,A,1,2
23/08/2003,Chelsea,Leicester,4,0,9,5,8,7,0.5,0.5,10,7,H,2,1
23/08/2003,Man City,Portsmouth,2,0,8,3,2,1,0.0,0.0,9,3,D,1,1
23/08/2003,Bolton,Blackburn,4,3,4,7,13,4,0.0,0.0,6,11,D,2,2
23/08/2003,Everton,Fulham,2,1,5,11,7,5,0.5,0.5,3,10,H,3,1
23/08/2003,Newcastle,Man Utd,3,4,7,5,15,3,0.17,0.67,9,15,A,1,2
23/08/2003,Wolves,Charlton,0,0,1,5,4,11,0.0,0.0,0,3,A,0,4
23/08/2003,Tottenham,Leeds,1,2,4,14,12,8,0.33,0.5,3,10,H,2,1
23/08/2003,Southampton,Birmingham,2,2,5,10,9,5,0.5,0.5,5,10,D,0,0
24/08/2003,Aston Villa,Liverpool,2,3,5,8,11,7,0.17,0.67,4,6,D,0,0
24/08/2003,Middlesbrough,Arsenal,3,2,8,10,16,7,0.17,0.83,3,10,A,0,4
25/08/2003,Blackburn,Man City,3,3,15,6,6,4,0.5,0.0,11,7,A,2,3
26/08/2003,Leicester,Middlesbrough,2,0,7,7,8,13,0.25,0.75,6,3,D,0,0
26/08/2003,Portsmouth,Bolton,1,1,3,2,6,9,0.0,0.0,4,6,H,4,0
26/08/2003,Charlton,Everton,1,1,7,9,7,8,0.5,0.5,6,6,D,2,2
26/08/2003,Leeds,Southampton,2,1,11,10,4,8,0.5,0.33,7,6,D,0,0
27/08/2003,Man Utd,Wolves,5,0,14,3,1,9,0.0,0.0,15,0,H,1,0
27/08/2003,Arsenal,Aston Villa,3,0,18,5,4,7,0.67,0.0,12,4,H,2,0
27/08/2003,Liverpool,Tottenham,3,1,9,6,3,13,0.67,0.33,4,3,D,0,0
30/08/2003,Wolves,Portsmouth,0,0,1,10,7,2,0.0,0.0,0,7,D,0,0
30/08/2003,Newcastle,Birmingham,2,1,7,6,6,3,1.0,0.0,8,8,A,0,1
30/08/2003,Middlesbrough,Leeds,2,2,8,10,9,7,0.17,0.33,4,8,A,2,3
30/08/2003,Tottenham,Fulham,2,1,3,11,8,6,0.5,0.25,4,10,A,0,3
30/08/2003,Chelsea,Blackburn,4,3,7,5,14,7,0.25,0.25,10,8,D,2,2
30/08/2003,Bolton,Charlton,3,1,4,11,7,10,0.25,0.25,5,4,D,0,0
30/08/2003,Aston Villa,Leicester,2,0,3,7,5,5,0.25,0.25,4,6,H,3,1
30/08/2003,Everton,Liverpool,3,2,7,9,3,6,0.0,0.67,4,2,A,0,3
31/08/2003,Man City,Arsenal,1,3,9,5,18,2,0.0,1.0,10,15,A,1,2
31/08/2003,Southampton,Man Utd,1,4,4,8,13,3,0.17,0.83,6,15,H,1,0
13/09/2003,Bolton,Middlesbrough,2,0,4,11,5,12,0.5,0.25,5,1,H,2,0
13/09/2003,Blackburn,Liverpool,2,3,15,8,5,4,0.0,0.25,8,5,A,1,3
13/09/2003,Charlton,Man Utd,1,3,6,6,9,3,0.0,0.67,5,12,A,0,2
13/09/2003,Arsenal,Portsmouth,3,0,14,2,7,2,0.0,0.0,15,8,D,1,1
13/09/2003,Everton,Newcastle,2,1,7,10,6,7,0.33,0.5,4,5,D,2,2
13/09/2003,Southampton,Wolves,2,0,4,2,1,10,0.0,0.0,9,1,H,2,0
13/09/2003,Chelsea,Tottenham,3,1,8,6,2,9,0.67,0.0,10,4,H,4,2
14/09/2003,Birmingham,Fulham,4,2,4,3,10,5,0.5,0.0,8,12,D,2,2
14/09/2003,Man City,Aston Villa,1,0,8,6,5,8,0.25,0.5,7,4,H,4,1
15/09/2003,Leicester,Leeds,1,3,6,8,9,7,0.25,0.5,5,8,H,4,0
20/09/2003,Aston Villa,Charlton,3,1,5,9,6,7,0.67,0.17,4,5,H,2,1
20/09/2003,Fulham,Man City,3,4,10,7,12,6,0.0,1.0,10,10,D,2,2
20/09/2003,Leeds,Birmingham,2,2,6,10,6,4,0.5,0.5,5,9,A,0,2
20/09/2003,Liverpool,Leicester,2,0,7,3,8,7,0.75,0.25,8,5,H,2,1
20/09/2003,Newcastle,Bolton,1,0,7,9,4,10,0.75,0.25,3,5,D,0,0
20/09/2003,Wolves,Chelsea,0,3,1,12,12,7,0.0,0.0,1,13,A,0,5
20/09/2003,Portsmouth,Blackburn,2,2,8,3,12,11,0.0,0.0,9,5,A,1,2
20/09/2003,Tottenham,Southampton,1,1,4,9,5,2,0.33,0.5,4,9,A,1,3
21/09/2003,Man Utd,Arsenal,5,4,9,2,11,3,0.33,0.5,12,13,D,0,0
21/09/2003,Middlesbrough,Everton,2,1,4,12,8,10,0.17,0.5,1,5,H,1,0
26/09/2003,Arsenal,Newcastle,3,1,9,2,5,7,0.5,0.17,11,3,H,3,2
27/09/2003,Bolton,Wolves,2,0,4,6,0,12,0.0,0.0,6,1,D,1,1
27/09/2003,Leicester,Man Utd,2,4,7,7,5,2,0.0,1.0,4,10,A,1,4
27/09/2003,Birmingham,Portsmouth,3,0,6,2,7,4,0.0,0.0,11,6,H,2,0
27/09/2003,Southampton,Middlesbrough,3,0,6,1,3,9,0.33,0.17,11,4,A,0,1
27/09/2003,Chelsea,Aston Villa,3,0,15,6,6,8,0.33,0.33,13,7,H,1,0
28/09/2003,Blackburn,Fulham,1,2,9,11,11,9,0.75,0.25,5,8,A,0,2
28/09/2003,Charlton,Liverpool,1,3,7,6,8,2,0.17,0.83,5,11,H,3,2
28/09/2003,Everton,Leeds,2,2,7,9,4,10,0.33,0.33,5,4,H,4,0
28/09/2003,Man City,Tottenham,1,1,11,8,5,11,0.25,0.5,8,4,D,0,0
04/10/2003,Newcastle,Southampton,1,2,5,8,6,2,0.33,0.33,2,10,H,1,0
04/10/2003,Portsmouth,Charlton,2,1,6,5,6,8,0.0,0.0,5,5,A,1,2
04/10/2003,Wolves,Man City,0,4,1,9,10,7,0.0,0.0,2,8,H,1,0
04/10/2003,Tottenham,Everton,1,0,3,10,8,8,0.33,0.0,2,5,H,3,0
04/10/2003,Leeds,Blackburn,1,3,3,12,7,11,0.5,0.5,4,4,H,2,1
04/10/2003,Liverpool,Arsenal,2,3,10,5,8,4,0.17,0.33,10,11,A,1,2
04/10/2003,Fulham,Leicester,3,0,10,7,7,9,0.0,0.0,8,4,H,2,0
04/10/2003,Man Utd,Birmingham,4,3,7,2,7,2,1.0,0.0,10,11,H,3,0
05/10/2003,Middlesbrough,Chelsea,2,3,4,5,14,5,0.17,0.5,7,13,A,1,2
05/10/2003,Aston Villa,Bolton,4,0,6,9,3,5,0.5,0.5,6,6,D,1,1
14/10/2003,Birmingham,Chelsea,3,3,7,5,14,5,0.0,1.0,10,13,D,0,0
18/10/2003,Middlesbrough,Newcastle,2,1,5,7,5,6,0.33,0.67,6,5,A,0,1
18/10/2003,Man City,Bolton,1,0,7,6,4,2,0.5,0.5,5,7,H,6,2
18/10/2003,Leeds,Man Utd,2,4,5,13,9,2,0.17,0.5,6,10,A,0,1
18/10/2003,Portsmouth,Liverpool,2,2,3,7,11,7,0.0,0.0,2,9,H,1,0
18/10/2003,Arsenal,Chelsea,4,3,8,5,12,3,0.33,0.0,11,13,H,2,1
18/10/2003,Fulham,Wolves,4,0,11,4,2,8,0.0,0.0,11,5,D,0,0
19/10/2003,Everton,Southampton,2,2,6,9,6,3,0.5,0.33,4,9,D,0,0
19/10/2003,Leicester,Tottenham,2,0,7,11,6,10,0.5,0.5,3,4,A,1,2
19/10/2003,Birmingham,Aston Villa,2,0,6,5,7,8,1.0,0.0,8,7,D,0,0
20/10/2003,Blackburn,Charlton,1,2,6,10,6,7,0.75,0.25,4,7,A,0,1
21/10/2003,Fulham,Newcastle,3,1,8,4,6,5,0.5,0.25,9,8,A,2,3
25/10/2003,Man Utd,Fulham,4,3,10,1,8,5,0.75,0.0,13,8,A,1,3
25/10/2003,Newcastle,Portsmouth,2,0,7,5,4,7,0.0,0.0,10,4,H,3,0
25/10/2003,Liverpool,Leeds,1,2,8,8,2,12,0.5,0.33,6,3,H,3,1
25/10/2003,Southampton,Blackburn,2,2,5,3,4,9,0.0,0.75,7,3,H,2,0
25/10/2003,Bolton,Birmingham,2,2,6,8,4,3,0.5,0.5,6,8,A,0,1
25/10/2003,Aston Villa,Everton,3,0,4,7,6,6,0.5,0.33,5,5,D,0,0
25/10/2003,Chelsea,Man City,4,3,9,3,12,6,1.0,0.0,10,8,H,1,0
25/10/2003,Wolves,Leicester,1,0,2,8,7,10,0.0,0.0,5,3,H,4,3
26/10/2003,Tottenham,Middlesbrough,2,1,8,8,3,5,0.17,0.33,7,6,D,0,0
26/10/2003,Charlton,Arsenal,1,4,7,7,8,5,0.33,0.67,9,11,D,1,1
01/11/2003,Southampton,Man City,3,2,5,3,8,6,0.75,0.25,7,5,A,0,2
01/11/2003,Tottenham,Bolton,2,0,6,4,4,9,0.5,0.25,8,3,A,0,1
01/11/2003,Newcastle,Aston Villa,2,0,10,5,3,3,0.5,0.0,12,6,D,1,1
01/11/2003,Man Utd,Portsmouth,3,0,9,4,3,9,0.0,0.0,10,3,H,3,0
01/11/2003,Leeds,Arsenal,1,3,3,11,8,5,0.5,0.33,3,11,A,1,4
01/11/2003,Everton,Chelsea,2,3,4,4,5,3,0.17,0.67,5,10,A,0,1
01/11/2003,Middlesbrough,Wolves,1,0,3,3,6,9,0.0,0.0,7,8,H,2,0
02/11/2003,Fulham,Liverpool,2,2,9,4,8,8,0.25,0.5,10,6,A,1,2
02/11/2003,Leicester,Blackburn,1,1,6,14,3,8,0.5,0.0,0,3,H,2,0
03/11/2003,Birmingham,Charlton,2,3,3,3,8,6,0.5,0.0,8,10,A,1,2
08/11/2003,Wolves,Birmingham,2,3,6,6,2,5,0.0,0.0,8,5,D,1,1
08/11/2003,Charlton,Fulham,1,3,9,5,8,6,0.0,0.5,13,7,H,3,1
08/11/2003,Portsmouth,Leeds,3,1,2,10,4,13,0.0,0.0,3,3,H,6,1
08/11/2003,Aston Villa,Middlesbrough,2,1,2,3,4,3,0.33,0.17,4,7,A,0,2
08/11/2003,Arsenal,Tottenham,4,1,12,6,5,2,0.5,0.0,13,8,H,2,1
08/11/2003,Bolton,Southampton,1,1,5,9,2,4,0.0,0.25,5,4,D,0,0
09/11/2003,Liverpool,Man Utd,2,4,8,8,12,4,0.67,0.33,6,12,A,1,2
09/11/2003,Chelsea,Newcastle,4,2,5,3,9,3,0.5,0.17,10,13,H,5,0
09/11/2003,Man City,Leicester,2,0,8,4,7,12,0.5,0.5,7,3,A,0,3
10/11/2003,Blackburn,Everton,1,0,1,9,4,4,0.5,0.5,0,5,H,2,1
22/11/2003,Leicester,Charlton,2,3,9,8,9,4,0.25,0.5,6,13,D,1,1
22/11/2003,Birmingham,Arsenal,1,3,3,3,11,5,0.0,1.0,6,13,A,0,3
22/11/2003,Everton,Wolves,1,0,1,6,6,6,0.0,0.0,2,8,H,2,0
22/11/2003,Leeds,Bolton,1,1,5,15,4,8,0.5,0.25,3,5,A,0,2
22/11/2003,Middlesbrough,Liverpool,2,3,5,3,7,7,0.33,0.33,7,6,D,0,0
22/11/2003,Southampton,Chelsea,3,3,2,3,8,2,0.33,0.33,5,10,A,0,1
22/11/2003,Newcastle,Man City,2,2,8,8,8,7,0.5,0.5,10,6,H,3,0
22/11/2003,Man Utd,Blackburn,3,1,10,4,3,8,0.5,0.25,12,3,H,2,1
23/11/2003,Tottenham,Aston Villa,1,0,6,4,2,4,0.33,0.17,7,4,H,2,1
24/11/2003,Fulham,Portsmouth,1,0,7,9,8,9,0.0,0.0,4,6,H,2,0
29/11/2003,Wolves,Newcastle,2,2,5,8,10,8,0.0,0.0,5,10,D,1,1
29/11/2003,Portsmouth,Leicester,3,1,7,9,10,7,0.0,0.0,6,7,A,0,2
29/11/2003,Charlton,Leeds,2,1,8,4,3,16,0.17,0.67,11,0,A,0,1
29/11/2003,Blackburn,Tottenham,1,1,3,8,5,5,0.5,0.5,3,7,H,1,0
29/11/2003,Aston Villa,Southampton,2,1,2,5,2,3,0.33,0.33,3,5,H,1,0
29/11/2003,Bolton,Everton,1,0,5,7,3,3,0.0,0.5,7,5,H,2,0
30/11/2003,Man City,Middlesbrough,2,2,8,9,4,1,0.0,0.25,6,8,A,0,1
30/11/2003,Liverpool,Birmingham,2,3,6,5,3,6,0.0,0.5,7,5,H,3,1
30/11/2003,Arsenal,Fulham,4,3,12,4,9,9,1.0,0.0,13,6,D,0,0
30/11/2003,Chelsea,Man Utd,4,4,9,2,9,5,0.17,0.33,12,12,H,1,0
06/12/2003,Leeds,Chelsea,1,3,4,15,9,0,0.33,0.33,3,15,D,1,1
06/12/2003,Birmingham,Blackburn,1,1,4,9,4,7,0.0,0.5,4,6,A,0,4
06/12/2003,Fulham,Bolton,2,2,7,6,5,1,0.5,0.0,7,10,H,2,1
06/12/2003,Leicester,Arsenal,2,3,11,5,10,3,0.0,0.75,10,11,D,1,1
06/12/2003,Man Utd,Aston Villa,3,0,8,6,3,5,0.67,0.0,9,5,H,4,0
06/12/2003,Middlesbrough,Portsmouth,2,0,5,0,6,11,0.0,0.0,11,3,D,0,0
06/12/2003,Newcastle,Liverpool,3,2,8,7,9,5,0.33,0.5,8,10,D,1,1
06/12/2003,Tottenham,Wolves,2,0,3,5,6,9,0.0,0.0,4,5,H,5,2
07/12/2003,Southampton,Charlton,2,3,2,4,7,5,0.17,0.17,4,8,H,3,2
07/12/2003,Everton,Man City,2,1,3,5,2,8,0.25,0.5,4,3,D,0,0
13/12/2003,Liverpool,Southampton,3,1,7,5,3,6,0.5,0.17,8,4,A,1,2
13/12/2003,Chelsea,Bolton,5,2,9,1,6,2,0.5,0.0,13,10,A,1,2
13/12/2003,Leicester,Birmingham,1,2,9,2,3,13,0.0,0.0,11,1,A,0,2
13/12/2003,Middlesbrough,Charlton,1,3,5,0,8,7,0.0,0.33,11,7,D,0,0
13/12/2003,Man Utd,Man City,4,1,11,3,2,7,0.25,0.25,12,4,H,3,1
13/12/2003,Newcastle,Tottenham,3,1,6,8,8,7,0.67,0.33,6,6,H,4,0
13/12/2003,Portsmouth,Everton,2,0,6,8,3,5,0.0,0.0,4,4,A,1,2
14/12/2003,Aston Villa,Wolves,2,0,3,9,4,11,0.0,0.0,4,2,H,3,2
14/12/2003,Leeds,Fulham,1,2,4,13,6,6,0.25,0.5,4,7,H,3,2
14/12/2003,Arsenal,Blackburn,3,1,10,3,8,5,0.25,0.5,11,9,H,1,0
20/12/2003,Blackburn,Aston Villa,2,0,8,4,5,10,0.25,0.5,9,6,A,0,2
20/12/2003,Bolton,Arsenal,2,3,7,3,7,2,0.0,0.5,10,11,D,1,1
20/12/2003,Charlton,Newcastle,2,2,6,6,9,7,0.33,0.5,5,8,D,0,0
20/12/2003,Everton,Leicester,2,2,5,5,7,4,0.25,0.0,7,8,H,3,2
20/12/2003,Fulham,Chelsea,2,2,7,7,9,3,0.0,0.25,7,10,A,0,1
21/12/2003,Southampton,Portsmouth,2,0,5,5,7,7,0.0,0.0,7,4,H,3,0
21/12/2003,Tottenham,Man Utd,3,4,8,10,11,4,0.17,0.83,6,12,A,1,2
22/12/2003,Man City,Leeds,2,1,1,10,6,11,0.5,0.5,1,7,D,1,1
26/12/2003,Birmingham,Man City,0,1,4,11,2,8,0.0,1.0,4,2,H,2,1
26/12/2003,Blackburn,Middlesbrough,2,3,6,5,3,0,0.5,0.5,6,9,D,2,2
26/12/2003,Fulham,Southampton,2,1,6,5,8,5,0.25,0.25,7,9,H,2,0
26/12/2003,Arsenal,Wolves,4,0,6,2,6,12,0.0,0.0,9,2,H,3,0
26/12/2003,Charlton,Chelsea,2,3,3,5,5,3,0.67,0.33,3,10,H,4,2
26/12/2003,Leeds,Aston Villa,1,1,6,6,7,8,0.5,0.17,8,9,D,0,0
26/12/2003,Leicester,Newcastle,1,2,6,7,9,2,0.0,0.5,5,9,D,1,1
26/12/2003,Man Utd,Everton,4,1,11,4,7,5,1.0,0.0,12,10,H,3,2
26/12/2003,Portsmouth,Tottenham,2,1,1,9,8,10,0.0,0.0,1,6,H,2,0
26/12/2003,Liverpool,Bolton,2,3,6,6,8,4,0.5,0.25,5,10,H,3,1
28/12/2003,Man City,Liverpool,1,1,3,7,8,5,0.25,0.5,2,8,D,2,2
28/12/2003,Aston Villa,Fulham,2,2,6,6,6,5,0.5,0.25,10,7,H,3,0
28/12/2003,Bolton,Leicester,1,2,7,7,6,7,0.5,0.0,7,5,D,2,2
28/12/2003,Everton,Birmingham,2,2,7,8,5,11,0.0,0.0,7,6,H,1,0
28/12/2003,Chelsea,Portsmouth,4,0,6,7,3,7,0.0,0.0,7,4,H,3,0
28/12/2003,Newcastle,Blackburn,3,1,7,3,7,5,0.5,0.25,7,7,A,0,1
28/12/2003,Tottenham,Charlton,2,2,6,11,6,6,0.17,0.5,3,5,A,0,1
28/12/2003,Wolves,Leeds,2,1,5,14,6,4,0.0,0.0,1,9,H,3,1
28/12/2003,Middlesbrough,Man Utd,1,4,3,2,12,5,0.33,0.67,7,12,A,0,1
29/12/2003,Southampton,Arsenal,3,2,8,6,6,2,0.33,0.5,9,9,A,0,1
06/01/2004,Aston Villa,Portsmouth,3,0,8,6,3,8,0.0,1.0,10,4,H,2,1
07/01/2004,Everton,Arsenal,3,3,8,6,7,2,0.29,0.71,10,11,D,1,1
07/01/2004,Bolton,Man Utd,1,4,7,9,13,4,0.4,0.4,5,15,A,1,2
07/01/2004,Chelsea,Liverpool,4,1,8,7,10,7,0.57,0.29,7,8,A,0,1
07/01/2004,Man City,Charlton,1,2,5,8,7,5,0.2,0.6,3,8,D,1,1
07/01/2004,Newcastle,Leeds,2,1,6,3,6,7,0.71,0.14,6,6,H,1,0
07/01/2004,Wolves,Blackburn,3,2,8,13,7,5,0.0,1.0,4,7,D,2,2
07/01/2004,Southampton,Leicester,2,2,8,6,6,9,0.4,0.2,9,3,D,0,0
07/01/2004,Tottenham,Birmingham,2,2,6,11,5,9,0.33,0.33,3,6,H,4,1
07/01/2004,Middlesbrough,Fulham,1,1,3,3,6,8,0.2,0.6,6,6,H,2,1
10/01/2004,Blackburn,Bolton,2,3,5,7,7,9,0.0,0.0,5,5,A,3,4
10/01/2004,Portsmouth,Man City,3,1,4,10,6,9,0.0,0.0,3,3,H,4,2
10/01/2004,Liverpool,Aston Villa,3,1,8,6,10,3,0.57,0.14,8,13,H,1,0
10/01/2004,Leeds,Tottenham,1,1,5,7,5,10,0.43,0.43,5,3,A,0,1
10/01/2004,Fulham,Everton,3,1,5,9,9,7,0.4,0.6,3,10,H,2,1
10/01/2004,Birmingham,Southampton,1,1,5,10,5,4,0.33,0.33,6,7,H,2,1
10/01/2004,Arsenal,Middlesbrough,4,3,7,2,4,4,0.86,0.14,11,6,H,4,1
10/01/2004,Charlton,Wolves,2,0,6,3,9,14,1.0,0.0,9,4,H,2,0
11/01/2004,Leicester,Chelsea,1,3,5,8,7,7,0.4,0.6,3,6,A,0,4
11/01/2004,Man Utd,Newcastle,5,1,11,5,6,2,0.71,0.14,15,8,D,0,0
17/01/2004,Everton,Charlton,3,1,8,8,8,3,0.43,0.43,7,11,A,0,1
17/01/2004,Bolton,Portsmouth,1,0,9,11,7,10,0.0,1.0,5,6,H,1,0
17/01/2004,Man City,Blackburn,0,2,7,10,8,10,0.33,0.33,3,5,D,1,1
17/01/2004,Wolves,Man Utd,2,4,7,11,8,4,0.0,1.0,4,13,H,1,0
17/01/2004,Southampton,Leeds,2,1,4,5,2,6,0.29,0.43,4,2,H,2,1
17/01/2004,Middlesbrough,Leicester,1,2,5,8,5,10,0.6,0.2,5,3,D,3,3
17/01/2004,Tottenham,Liverpool,3,2,6,6,8,5,0.29,0.57,6,10,H,2,1
18/01/2004,Aston Villa,Arsenal,4,2,7,2,10,3,0.0,0.71,10,11,A,0,2
18/01/2004,Chelsea,Birmingham,3,1,10,5,7,7,0.67,0.0,9,9,D,0,0
19/01/2004,Newcastle,Fulham,3,0,2,2,5,7,0.4,0.4,6,6,H,3,1
21/01/2004,Wolves,Liverpool,2,1,6,8,8,5,0.0,0.0,7,10,D,1,1
31/01/2004,Portsmouth,Wolves,3,0,7,8,7,6,0.0,0.0,6,8,D,0,0
31/01/2004,Man Utd,Southampton,4,1,6,4,3,6,0.71,0.29,10,4,H,3,2
31/01/2004,Liverpool,Everton,3,1,6,5,5,7,0.71,0.0,8,4,D,0,0
31/01/2004,Leicester,Aston Villa,0,1,6,10,5,4,0.2,0.4,4,7,A,0,5
31/01/2004,Charlton,Bolton,3,3,9,3,9,10,0.2,0.2,13,7,A,1,2
31/01/2004,Fulham,Tottenham,4,1,6,9,7,5,0.4,0.4,6,9,H,2,1
31/01/2004,Birmingham,Newcastle,2,0,5,7,5,3,0.33,0.67,7,8,D,1,1
31/01/2004,Leeds,Middlesbrough,1,2,2,7,8,11,0.43,0.14,1,5,A,0,3
01/02/2004,Blackburn,Chelsea,2,3,9,9,9,5,0.2,0.2,6,7,A,2,3
01/02/2004,Arsenal,Man City,4,0,11,2,7,10,1.0,0.0,13,3,H,2,1
07/02/2004,Newcastle,Leicester,3,1,5,3,5,14,0.4,0.0,8,3,H,3,1
07/02/2004,Bolton,Liverpool,2,1,10,8,4,3,0.2,0.6,10,8,D,2,2
07/02/2004,Tottenham,Portsmouth,3,0,8,5,5,8,0.0,1.0,9,4,H,4,3
07/02/2004,Wolves,Arsenal,2,2,4,5,10,3,0.0,1.0,6,13,A,1,3
07/02/2004,Southampton,Fulham,3,0,5,7,6,10,0.2,0.4,4,6,D,0,0
07/02/2004,Aston Villa,Leeds,4,1,10,4,2,10,0.14,0.43,9,0,H,2,0
07/02/2004,Middlesbrough,Blackburn,1,2,9,9,9,10,0.4,0.4,7,5,A,0,1
07/02/2004,Everton,Man Utd,2,3,3,4,6,4,0.0,1.0,5,10,A,3,4
08/02/2004,Chelsea,Charlton,2,2,10,3,6,3,0.29,0.71,10,10,H,1,0
08/02/2004,Man City,Birmingham,0,1,7,10,4,7,0.67,0.33,3,5,D,0,0
10/02/2004,Arsenal,Southampton,4,1,12,4,5,6,0.57,0.29,13,5,H,2,0
10/02/2004,Leeds,Wolves,1,0,1,9,3,6,0.0,1.0,0,5,H,4,1
10/02/2004,Leicester,Bolton,0,3,4,15,10,8,0.0,0.33,2,10,D,1,1
11/02/2004,Blackburn,Newcastle,1,0,9,10,8,3,0.4,0.4,5,11,D,1,1
11/02/2004,Charlton,Tottenham,2,1,5,4,12,7,0.57,0.14,7,12,A,2,4
11/02/2004,Fulham,Aston Villa,4,2,6,7,9,4,0.2,0.6,7,9,A,1,2
11/02/2004,Birmingham,Everton,2,1,4,6,5,8,0.0,0.33,6,2,H,3,0
11/02/2004,Portsmouth,Chelsea,2,3,8,9,8,3,0.0,1.0,4,10,A,0,2
11/02/2004,Man Utd,Middlesbrough,4,3,9,7,9,9,0.71,0.29,10,7,A,2,3
11/02/2004,Liverpool,Man City,3,0,5,5,5,8,0.4,0.2,6,3,H,2,1
21/02/2004,Southampton,Everton,2,1,5,8,4,10,0.29,0.43,4,1,D,3,3
21/02/2004,Wolves,Fulham,2,0,4,8,6,7,0.0,0.0,5,7,H,2,1
21/02/2004,Newcastle,Middlesbrough,4,3,8,4,10,10,0.71,0.29,9,7,H,2,1
21/02/2004,Bolton,Man City,1,0,10,7,5,9,0.33,0.67,11,2,A,1,3
21/02/2004,Chelsea,Arsenal,2,3,10,2,13,3,0.0,0.43,13,15,A,1,2
21/02/2004,Charlton,Blackburn,2,2,6,7,8,9,0.4,0.6,6,5,H,3,2
21/02/2004,Man Utd,Leeds,3,0,9,9,5,9,0.57,0.14,7,3,D,1,1
22/02/2004,Aston Villa,Birmingham,4,1,9,4,6,2,0.0,0.67,9,9,D,2,2
22/02/2004,Tottenham,Leicester,3,0,12,8,5,16,0.6,0.4,12,2,D,4,4
28/02/2004,Man City,Chelsea,0,4,6,6,7,4,0.0,1.0,5,10,A,0,1
28/02/2004,Fulham,Man Utd,3,4,5,8,10,10,0.2,0.6,4,7,D,1,1
28/02/2004,Leicester,Wolves,0,0,9,16,5,9,0.0,1.0,3,5,D,0,0
28/02/2004,Blackburn,Southampton,0,1,7,8,7,9,0.6,0.2,5,5,D,1,1
28/02/2004,Arsenal,Charlton,5,2,11,3,7,9,0.57,0.29,15,6,H,2,1
28/02/2004,Everton,Aston Villa,2,3,6,11,11,5,0.29,0.43,2,10,H,2,0
29/02/2004,Leeds,Liverpool,2,1,6,9,6,6,0.29,0.57,4,6,D,2,2
29/02/2004,Portsmouth,Newcastle,2,0,7,9,10,5,0.0,1.0,4,11,D,1,1
03/03/2004,Birmingham,Middlesbrough,3,2,6,3,10,8,0.5,0.5,7,7,H,3,1
06/03/2004,Birmingham,Bolton,4,3,9,4,7,7,0.67,0.33,9,8,H,2,0
09/03/2004,Middlesbrough,Tottenham,1,2,8,8,15,12,0.29,0.14,6,10,H,1,0
13/03/2004,Fulham,Leeds,3,0,5,6,7,9,0.4,0.4,5,5,H,2,0
13/03/2004,Everton,Portsmouth,2,0,8,10,4,8,1.0,0.0,5,2,H,1,0
13/03/2004,Charlton,Middlesbrough,3,2,7,11,6,8,0.29,0.0,3,6,H,1,0
13/03/2004,Birmingham,Leicester,4,0,10,3,6,13,1.0,0.0,11,3,A,0,1
13/03/2004,Blackburn,Arsenal,0,4,7,8,11,4,0.4,0.4,5,15,A,0,2
13/03/2004,Bolton,Chelsea,1,4,6,9,8,4,0.2,0.4,5,12,A,0,2
14/03/2004,Man City,Man Utd,0,3,5,6,11,10,0.2,0.4,4,8,H,4,1
14/03/2004,Wolves,Aston Villa,2,2,4,8,11,5,0.0,1.0,5,10,A,0,4
14/03/2004,Tottenham,Newcastle,3,0,13,12,8,5,0.29,0.71,7,9,H,1,0
14/03/2004,Southampton,Liverpool,1,1,6,9,7,6,0.29,0.43,3,7,H,2,0
17/03/2004,Liverpool,Portsmouth,3,0,6,7,4,8,0.0,1.0,6,2,H,3,0
20/03/2004,Man Utd,Tottenham,2,2,9,12,13,10,0.86,0.14,5,10,H,3,0
20/03/2004,Newcastle,Charlton,4,2,7,5,7,9,0.43,0.29,8,6,H,3,1
20/03/2004,Middlesbrough,Birmingham,2,0,6,8,10,4,0.33,0.67,6,10,H,5,3
20/03/2004,Liverpool,Wolves,4,0,9,7,4,12,0.0,0.0,8,4,H,1,0
20/03/2004,Leicester,Everton,0,0,7,8,9,10,0.0,0.4,6,7,D,1,1
20/03/2004,Chelsea,Fulham,2,0,7,2,5,5,0.4,0.0,12,5,H,2,1
20/03/2004,Aston Villa,Blackburn,3,2,10,5,5,7,0.6,0.2,10,5,A,0,2
20/03/2004,Arsenal,Bolton,5,2,11,3,4,10,0.4,0.0,15,2,H,2,1
21/03/2004,Portsmouth,Southampton,2,0,4,11,6,6,0.0,1.0,1,6,H,1,0
22/03/2004,Leeds,Man City,1,1,7,8,8,5,0.4,0.4,5,7,H,2,1
27/03/2004,Southampton,Tottenham,2,2,6,7,9,10,0.57,0.29,5,7,H,1,0
27/03/2004,Everton,Middlesbrough,2,2,7,7,8,9,0.43,0.29,8,6,D,1,1
27/03/2004,Chelsea,Wolves,2,0,8,3,3,10,1.0,0.0,12,4,H,5,2
27/03/2004,Man City,Fulham,1,0,9,7,6,7,0.67,0.0,6,4,D,0,0
27/03/2004,Blackburn,Portsmouth,0,0,6,7,2,7,1.0,0.0,5,4,A,1,2
27/03/2004,Birmingham,Leeds,3,0,10,9,9,7,0.67,0.33,7,8,H,4,1
27/03/2004,Charlton,Aston Villa,3,3,8,11,8,7,0.14,0.71,6,7,A,1,2
28/03/2004,Arsenal,Man Utd,5,2,10,3,8,9,0.43,0.29,15,5,D,1,1
28/03/2004,Bolton,Newcastle,1,0,3,10,7,5,0.2,0.6,1,8,H,1,0
28/03/2004,Leicester,Liverpool,0,0,7,6,8,5,0.2,0.8,7,10,D,0,0
03/04/2004,Fulham,Birmingham,3,0,5,5,12,8,0.0,0.33,5,9,D,0,0
03/04/2004,Middlesbrough,Bolton,3,2,8,8,3,9,0.2,0.6,7,3,H,2,0
03/04/2004,Newcastle,Everton,5,0,6,5,8,5,0.43,0.29,7,9,H,4,2
03/04/2004,Wolves,Southampton,2,0,4,11,7,5,0.0,1.0,4,8,A,1,4
03/04/2004,Tottenham,Chelsea,4,5,5,9,11,5,0.0,0.71,4,12,A,0,1
04/04/2004,Aston Villa,Man City,2,1,8,7,8,5,0.4,0.4,7,7,D,1,1
04/04/2004,Liverpool,Blackburn,4,2,6,4,6,8,0.4,0.0,8,4,H,4,0
05/04/2004,Leeds,Leicester,2,1,6,10,6,5,0.4,0.4,5,7,H,3,2
09/04/2004,Arsenal,Liverpool,4,0,9,4,8,2,0.43,0.14,13,10,H,4,2
09/04/2004,Everton,Tottenham,2,1,7,6,1,6,0.0,0.43,8,3,H,3,1
10/04/2004,Bolton,Aston Villa,2,4,2,8,7,6,0.4,0.4,3,7,D,2,2
10/04/2004,Blackburn,Leeds,0,0,4,9,8,11,0.4,0.6,4,7,A,1,2
10/04/2004,Birmingham,Man Utd,4,1,9,7,7,7,0.0,1.0,7,6,A,1,2
10/04/2004,Leicester,Fulham,0,0,4,4,4,3,0.0,0.33,6,6,A,0,2
10/04/2004,Man City,Wolves,1,0,6,5,3,14,0.0,1.0,5,1,D,3,3
10/04/2004,Chelsea,Middlesbrough,3,1,11,3,9,5,0.57,0.14,15,10,D,0,0
10/04/2004,Charlton,Portsmouth,2,1,7,9,4,6,1.0,0.0,6,7,D,1,1
11/04/2004,Newcastle,Arsenal,5,4,8,6,11,5,0.14,0.57,7,13,D,0,0
12/04/2004,Tottenham,Man City,3,1,2,8,9,7,0.4,0.2,3,6,D,1,1
12/04/2004,Wolves,Bolton,1,1,6,17,4,8,0.0,0.0,1,4,A,1,2
12/04/2004,Portsmouth,Birmingham,2,0,4,6,8,9,0.0,1.0,7,4,H,3,1
12/04/2004,Middlesbrough,Southampton,3,1,8,5,8,3,0.29,0.29,8,10,H,3,1
12/04/2004,Liverpool,Charlton,4,1,10,4,5,8,0.71,0.29,10,4,A,0,1
12/04/2004,Fulham,Blackburn,2,2,5,2,4,10,0.4,0.6,8,3,A,3,4
12/04/2004,Aston Villa,Chelsea,1,5,9,6,10,3,0.29,0.43,8,13,H,3,2
13/04/2004,Man Utd,Leicester,2,1,8,7,4,6,1.0,0.0,8,5,H,1,0
13/04/2004,Leeds,Everton,3,0,8,10,8,7,0.29,0.43,9,8,D,1,1
16/04/2004,Arsenal,Leeds,4,1,9,4,9,9,0.43,0.43,11,10,H,5,0
17/04/2004,Bolton,Tottenham,1,1,6,7,2,9,0.4,0.4,7,1,H,2,0
17/04/2004,Wolves,Middlesbrough,1,0,7,15,11,5,0.0,1.0,1,11,H,2,0
17/04/2004,Portsmouth,Man Utd,2,2,7,6,8,6,0.0,1.0,10,10,H,1,0
17/04/2004,Man City,Southampton,1,1,6,7,8,5,0.4,0.6,4,9,A,1,3
17/04/2004,Liverpool,Fulham,4,1,7,5,6,6,0.6,0.2,7,5,D,0,0
17/04/2004,Chelsea,Everton,3,0,10,6,8,8,0.71,0.14,10,6,D,0,0
17/04/2004,Charlton,Birmingham,2,0,5,6,9,11,0.33,0.33,7,4,D,1,1
17/04/2004,Blackburn,Leicester,0,1,8,11,3,7,0.0,0.67,6,2,H,1,0
18/04/2004,Aston Villa,Newcastle,2,0,8,8,7,5,0.0,0.43,8,7,D,0,0
20/04/2004,Man Utd,Charlton,3,2,7,3,5,7,0.71,0.0,10,5,H,2,0
24/04/2004,Southampton,Bolton,3,1,9,6,7,5,0.2,0.0,9,10,A,1,2
24/04/2004,Middlesbrough,Aston Villa,4,3,6,4,8,6,0.29,0.29,8,9,A,1,2
24/04/2004,Man Utd,Liverpool,3,0,6,3,6,5,0.43,0.57,10,5,A,0,1
24/04/2004,Everton,Blackburn,3,3,7,7,7,11,0.4,0.6,6,6,A,0,1
24/04/2004,Fulham,Charlton,1,1,5,4,4,6,0.4,0.2,6,5,H,2,0
24/04/2004,Leicester,Man City,0,1,2,7,6,8,0.67,0.33,1,4,D,1,1
25/04/2004,Tottenham,Arsenal,2,4,2,8,12,4,0.0,0.57,1,11,D,2,2
25/04/2004,Newcastle,Chelsea,4,4,7,4,8,5,0.14,0.57,8,8,H,2,1
25/04/2004,Birmingham,Wolves,3,0,7,7,9,14,0.0,0.0,5,4,D,2,2
25/04/2004,Leeds,Portsmouth,3,1,7,13,8,3,0.0,1.0,7,13,A,1,2
01/05/2004,Wolves,Everton,2,0,9,11,6,7,0.0,1.0,5,5,H,2,1
01/05/2004,Arsenal,Birmingham,4,0,12,5,5,8,1.0,0.0,9,3,D,0,0
01/05/2004,Blackburn,Man Utd,1,1,7,9,5,3,0.2,0.6,9,9,H,1,0
01/05/2004,Charlton,Leicester,2,1,3,6,3,8,0.4,0.2,5,1,D,2,2
01/05/2004,Chelsea,Southampton,2,2,4,5,10,7,0.43,0.29,5,9,H,4,0
01/05/2004,Man City,Newcastle,1,0,7,9,6,4,0.4,0.6,4,8,H,1,0
01/05/2004,Portsmouth,Fulham,3,1,9,4,7,4,0.0,1.0,13,8,D,1,1
02/05/2004,Liverpool,Middlesbrough,3,0,7,5,6,5,0.29,0.29,7,7,H,2,0
02/05/2004,Aston Villa,Tottenham,1,0,8,6,4,9,0.14,0.43,9,2,H,1,0
02/05/2004,Bolton,Leeds,2,1,8,6,7,11,0.4,0.4,10,7,H,4,1
04/05/2004,Portsmouth,Arsenal,3,3,8,4,11,4,0.0,0.0,11,9,D,1,1
08/05/2004,Tottenham,Blackburn,1,3,4,9,8,5,0.4,0.6,2,12,H,1,0
08/05/2004,Middlesbrough,Man City,4,1,4,7,7,8,0.4,0.0,4,6,H,2,1
08/05/2004,Man Utd,Chelsea,3,3,3,3,7,5,0.29,0.29,6,5,D,1,1
08/05/2004,Southampton,Aston Villa,2,3,9,11,8,5,0.29,0.43,6,11,D,1,1
08/05/2004,Leeds,Charlton,2,1,5,13,4,7,0.71,0.14,4,5,D,3,3
08/05/2004,Everton,Bolton,3,2,5,5,12,5,0.4,0.2,5,13,A,1,2
08/05/2004,Birmingham,Liverpool,2,1,5,8,5,5,0.33,0.33,3,7,A,0,3
08/05/2004,Leicester,Portsmouth,0,2,3,7,8,4,1.0,0.0,2,11,H,3,1
09/05/2004,Fulham,Arsenal,2,2,8,5,8,3,0.0,0.8,8,7,A,0,1
09/05/2004,Newcastle,Wolves,4,0,6,4,10,8,0.0,0.0,8,8,D,1,1
12/05/2004,Southampton,Newcastle,2,0,6,11,3,3,0.29,0.43,4,6,D,3,3
15/05/2004,Bolton,Fulham,3,1,12,4,6,6,0.0,0.6,15,5,A,0,2
15/05/2004,Arsenal,Leicester,3,1,9,3,6,6,0.6,0.0,9,5,H,2,1
15/05/2004,Aston Villa,Man Utd,2,1,7,4,3,4,0.0,0.71,11,4,A,0,2
15/05/2004,Charlton,Southampton,1,2,6,10,8,11,0.14,0.29,3,5,H,2,1
15/05/2004,Blackburn,Birmingham,2,0,7,4,4,9,0.67,0.0,12,3,D,1,1
15/05/2004,Liverpool,Newcastle,3,0,6,1,6,6,0.43,0.29,10,6,D,1,1
15/05/2004,Man City,Everton,2,0,5,7,3,6,0.4,0.2,5,2,H,5,1
15/05/2004,Portsmouth,Middlesbrough,3,0,6,6,6,8,0.0,0.0,8,6,H,5,1
15/05/2004,Wolves,Tottenham,2,0,8,6,4,6,0.0,1.0,8,5,A,0,2
15/05/2004,Chelsea,Leeds,3,1,8,6,6,15,0.29,0.29,5,2,H,1,0
14/08/2004,Tottenham,Liverpool,2,2,5,5,7,1,0.38,0.5,7,11,D,1,1
14/08/2004,Portsmouth,Birmingham,3,0,10,7,4,7,0.5,0.5,8,4,D,1,1
14/08/2004,Norwich,Crystal Palace,0,0,0,0,0,0,0.0,0.0,0,0,D,1,1
14/08/2004,Middlesbrough,Newcastle,4,0,4,12,7,7,0.25,0.75,3,6,D,2,2
14/08/2004,Bolton,Charlton,3,1,10,5,7,10,0.33,0.17,12,5,H,4,1
14/08/2004,Blackburn,West Brom,2,1,4,2,7,13,0.5,0.0,10,5,D,1,1
14/08/2004,Aston Villa,Southampton,2,2,4,4,6,12,0.38,0.25,8,2,H,2,0
14/08/2004,Man City,Fulham,2,2,9,7,5,2,0.5,0.0,7,8,D,1,1
15/08/2004,Everton,Arsenal,2,2,3,10,6,4,0.25,0.62,1,9,A,1,4
15/08/2004,Chelsea,Man Utd,3,2,7,3,5,3,0.25,0.25,8,7,H,1,0
21/08/2004,Charlton,Portsmouth,1,2,8,12,9,7,0.5,0.0,5,6,H,2,1
21/08/2004,Crystal Palace,Everton,0,0,1,1,4,14,0.0,0.0,1,0,A,1,3
21/08/2004,Birmingham,Chelsea,1,2,4,7,8,3,0.0,0.5,4,10,A,0,1
21/08/2004,Fulham,Bolton,2,3,6,3,12,6,0.67,0.0,8,12,H,2,0
21/08/2004,Man Utd,Norwich,3,0,3,4,1,1,0.0,0.0,4,1,H,2,1
21/08/2004,Newcastle,Tottenham,3,1,7,8,6,4,0.62,0.38,4,8,A,0,1
21/08/2004,Southampton,Blackburn,2,3,5,12,4,3,0.17,0.5,2,8,H,3,2
21/08/2004,Liverpool,Man City,2,0,8,2,9,5,0.5,0.17,11,8,H,2,1
22/08/2004,Arsenal,Middlesbrough,3,0,8,3,6,12,0.88,0.12,11,4,H,5,3
22/08/2004,West Brom,Aston Villa,0,3,6,13,6,4,0.0,0.5,3,10,D,1,1
24/08/2004,Birmingham,Man City,1,0,2,6,9,6,0.25,0.5,3,7,H,1,0
24/08/2004,Crystal Palace,Chelsea,0,2,2,4,8,1,0.0,0.0,1,13,A,0,2
25/08/2004,Fulham,Middlesbrough,2,0,6,3,8,15,0.5,0.33,8,4,A,0,2
25/08/2004,Arsenal,Blackburn,4,2,13,6,5,6,0.5,0.33,13,5,H,3,0
25/08/2004,Charlton,Aston Villa,2,2,10,11,5,4,0.12,0.75,8,8,H,3,0
25/08/2004,Southampton,Bolton,2,3,8,10,10,7,0.17,0.17,5,9,A,1,2
25/08/2004,West Brom,Tottenham,0,2,5,11,5,2,0.0,1.0,4,10,D,1,1
25/08/2004,Newcastle,Norwich,2,0,7,8,2,3,0.0,0.0,4,1,D,2,2
28/08/2004,Chelsea,Southampton,3,1,6,1,8,11,0.5,0.25,13,4,H,2,1
28/08/2004,Everton,West Brom,1,1,7,14,6,6,1.0,0.0,3,5,H,2,1
28/08/2004,Blackburn,Man Utd,2,2,4,9,5,4,0.33,0.5,2,7,D,1,1
28/08/2004,Aston Villa,Newcastle,3,0,4,7,8,9,0.0,0.38,5,4,H,4,2
28/08/2004,Man City,Charlton,2,1,8,7,11,9,0.17,0.5,4,10,H,4,0
28/08/2004,Norwich,Arsenal,0,2,4,5,15,5,0.0,0.0,2,15,A,1,4
28/08/2004,Tottenham,Birmingham,1,0,6,2,3,6,0.5,0.25,11,5,H,1,0
28/08/2004,Middlesbrough,Crystal Palace,3,0,10,13,2,6,0.0,0.0,7,1,H,2,1
29/08/2004,Bolton,Liverpool,3,2,8,7,9,3,0.17,0.5,9,11,H,1,0
30/08/2004,Man Utd,Everton,3,1,6,4,8,13,1.0,0.0,8,6,D,0,0
30/08/2004,Portsmouth,Fulham,2,2,9,8,5,4,0.0,0.5,5,7,H,4,3
11/09/2004,Aston Villa,Chelsea,3,2,7,8,7,1,0.38,0.38,7,15,D,0,0
11/09/2004,Bolton,Man Utd,4,1,7,6,5,3,0.33,0.5,9,8,D,2,2
11/09/2004,Fulham,Arsenal,2,3,8,7,18,6,0.0,0.83,7,15,A,0,3
11/09/2004,Liverpool,West Brom,2,1,7,4,6,7,1.0,0.0,8,4,H,3,0
11/09/2004,Man City,Everton,3,1,11,5,7,11,0.5,0.17,7,7,A,0,1
11/09/2004,Middlesbrough,Birmingham,3,0,10,13,3,4,0.5,0.5,7,5,H,2,1
11/09/2004,Newcastle,Blackburn,1,2,7,10,5,9,0.33,0.33,3,3,H,3,0
11/09/2004,Portsmouth,Crystal Palace,2,0,12,10,3,8,0.0,0.0,7,1,H,3,1
12/09/2004,Tottenham,Norwich,2,0,6,2,5,9,0.0,0.0,11,2,D,0,0
13/09/2004,Charlton,Southampton,3,1,8,10,6,10,0.25,0.25,9,3,D,0,0
18/09/2004,Arsenal,Bolton,4,4,19,5,9,6,0.5,0.0,15,10,D,2,2
18/09/2004,Birmingham,Charlton,1,0,3,5,6,9,0.25,0.25,4,7,D,1,1
18/09/2004,Blackburn,Portsmouth,2,2,4,11,14,8,0.5,0.5,2,10,H,1,0
18/09/2004,Crystal Palace,Man City,0,0,4,11,6,5,0.0,0.0,1,4,A,1,2
18/09/2004,Norwich,Aston Villa,0,1,5,9,7,6,0.0,0.0,3,8,D,0,0
18/09/2004,West Brom,Fulham,0,1,4,8,6,10,0.5,0.5,3,4,D,1,1
19/09/2004,Chelsea,Tottenham,4,2,6,1,4,2,0.75,0.0,13,9,D,0,0
19/09/2004,Everton,Middlesbrough,2,1,7,6,11,9,0.38,0.25,10,10,H,1,0
19/09/2004,Southampton,Newcastle,1,0,5,8,9,9,0.25,0.38,4,5,A,1,2
20/09/2004,Man Utd,Liverpool,2,2,5,5,7,4,0.38,0.62,6,8,H,2,1
25/09/2004,Liverpool,Norwich,3,0,7,5,4,8,0.0,0.0,7,3,H,3,0
25/09/2004,Bolton,Birmingham,3,0,7,7,3,5,0.25,0.75,8,4,D,1,1
25/09/2004,Fulham,Southampton,2,0,6,10,6,8,0.33,0.17,4,4,H,1,0
25/09/2004,Aston Villa,Crystal Palace,3,0,5,6,4,12,0.0,0.0,6,0,D,1,1
25/09/2004,Man City,Arsenal,3,4,7,5,17,6,0.0,1.0,6,13,A,0,1
25/09/2004,Middlesbrough,Chelsea,3,2,9,8,5,1,0.12,0.5,9,11,A,0,1
25/09/2004,Newcastle,West Brom,2,1,9,8,4,8,0.5,0.0,7,3,H,3,1
25/09/2004,Tottenham,Man Utd,2,1,3,1,7,5,0.12,0.88,9,9,A,0,1
26/09/2004,Portsmouth,Everton,3,2,9,8,7,2,0.0,1.0,7,13,A,0,1
27/09/2004,Charlton,Blackburn,3,1,6,6,4,10,0.5,0.5,8,4,H,1,0
02/10/2004,Everton,Tottenham,2,2,5,1,2,2,0.12,0.38,13,6,A,0,1
02/10/2004,Arsenal,Charlton,3,0,13,3,5,5,0.62,0.25,13,8,H,4,0
02/10/2004,Blackburn,Aston Villa,2,1,2,8,5,6,0.33,0.5,4,6,D,2,2
02/10/2004,Southampton,Man City,1,1,3,7,6,4,0.67,0.33,1,6,D,0,0
02/10/2004,West Brom,Bolton,0,3,4,10,8,6,0.0,0.0,2,9,H,2,1
02/10/2004,Norwich,Portsmouth,0,1,3,9,8,8,0.0,0.0,3,6,D,2,2
03/10/2004,Birmingham,Newcastle,1,1,4,5,12,8,0.25,0.5,5,10,D,2,2
03/10/2004,Chelsea,Liverpool,4,2,5,1,9,4,0.5,0.38,11,9,H,1,0
03/10/2004,Man Utd,Middlesbrough,2,1,6,4,6,4,0.62,0.38,9,9,D,1,1
04/10/2004,Crystal Palace,Fulham,0,1,4,10,5,10,0.0,0.0,1,4,H,2,0
16/10/2004,Blackburn,Middlesbrough,1,1,4,7,5,5,0.5,0.33,5,7,A,0,4
16/10/2004,Bolton,Crystal Palace,2,0,7,7,6,8,0.0,0.0,6,4,H,1,0
16/10/2004,Birmingham,Man Utd,1,2,5,7,6,4,0.0,1.0,3,9,D,0,0
16/10/2004,Arsenal,Aston Villa,4,0,14,3,7,5,0.75,0.0,13,7,H,3,1
16/10/2004,Everton,Southampton,2,0,3,1,2,5,0.38,0.25,10,2,H,1,0
16/10/2004,Man City,Chelsea,2,3,6,3,4,1,0.0,1.0,7,11,H,1,0
16/10/2004,West Brom,Norwich,1,0,5,10,3,9,0.0,0.0,4,3,D,0,0
16/10/2004,Fulham,Liverpool,2,1,5,10,7,4,0.17,0.5,4,6,A,2,4
17/10/2004,Charlton,Newcastle,4,1,2,9,12,8,0.25,0.5,5,10,D,1,1
18/10/2004,Portsmouth,Tottenham,3,3,9,8,2,1,0.5,0.5,7,8,H,1,0
23/10/2004,Norwich,Everton,0,3,2,5,4,1,0.0,0.0,4,12,A,2,3
23/10/2004,Crystal Palace,West Brom,1,0,5,7,4,8,0.0,0.0,4,5,H,3,0
23/10/2004,Liverpool,Charlton,4,0,11,5,3,6,0.62,0.38,9,6,H,2,0
23/10/2004,Aston Villa,Fulham,2,1,4,6,4,10,0.67,0.17,4,4,H,2,0
23/10/2004,Tottenham,Bolton,2,2,1,2,7,7,0.33,0.5,5,6,A,1,2
23/10/2004,Chelsea,Blackburn,4,0,2,1,3,10,0.33,0.17,8,4,H,4,0
24/10/2004,Southampton,Birmingham,1,0,1,4,5,6,0.25,0.5,2,4,D,0,0
24/10/2004,Newcastle,Man City,2,1,11,5,3,3,0.5,0.5,11,7,H,4,3
24/10/2004,Man Utd,Arsenal,2,5,6,4,13,3,0.25,0.38,9,13,H,2,0
24/10/2004,Middlesbrough,Portsmouth,3,1,7,4,6,5,0.0,0.5,7,7,D,1,1
30/10/2004,Fulham,Tottenham,2,2,4,9,2,4,0.5,0.33,4,4,H,2,0
30/10/2004,West Brom,Chelsea,1,3,4,8,6,1,0.0,1.0,5,10,A,1,4
30/10/2004,Portsmouth,Man Utd,3,1,4,5,6,2,0.5,0.5,5,11,H,2,0
30/10/2004,Everton,Aston Villa,3,0,6,3,6,6,0.38,0.38,12,6,D,1,1
30/10/2004,Birmingham,Crystal Palace,1,0,4,4,7,4,0.0,0.0,5,7,A,0,1
30/10/2004,Blackburn,Liverpool,1,1,3,11,10,5,0.0,0.5,4,9,D,2,2
30/10/2004,Arsenal,Southampton,4,0,10,5,1,4,0.62,0.25,10,2,D,2,2
30/10/2004,Charlton,Middlesbrough,3,2,3,8,6,4,0.38,0.0,5,5,A,1,2
31/10/2004,Bolton,Newcastle,3,1,7,6,12,8,0.33,0.5,8,11,H,2,1
01/11/2004,Man City,Norwich,2,0,6,6,4,8,0.0,0.0,7,3,D,1,1
06/11/2004,Aston Villa,Portsmouth,3,0,7,7,6,4,0.5,0.5,6,8,H,3,0
06/11/2004,Southampton,West Brom,1,0,2,4,4,11,0.5,0.5,3,4,D,2,2
06/11/2004,Tottenham,Charlton,1,0,2,6,3,9,0.25,0.5,3,4,A,2,3
06/11/2004,Norwich,Blackburn,0,0,5,9,4,13,0.0,0.0,3,2,D,1,1
06/11/2004,Liverpool,Birmingham,4,0,11,5,3,4,0.5,0.25,10,4,A,0,1
06/11/2004,Crystal Palace,Arsenal,2,4,7,2,10,5,0.0,0.0,10,10,D,1,1
06/11/2004,Chelsea,Everton,4,4,10,2,6,4,0.62,0.12,12,10,H,1,0
07/11/2004,Newcastle,Fulham,3,0,11,9,5,8,0.5,0.33,8,6,A,1,4
07/11/2004,Middlesbrough,Bolton,2,2,8,4,7,5,0.33,0.5,8,10,D,1,1
07/11/2004,Man Utd,Man City,3,1,4,3,5,6,0.33,0.33,8,5,D,0,0
13/11/2004,Birmingham,Everton,1,3,3,3,5,5,0.25,0.25,6,7,A,0,1
13/11/2004,Bolton,Aston Villa,3,0,7,5,9,6,0.33,0.33,10,8,A,1,2
13/11/2004,Charlton,Norwich,2,0,5,11,6,7,0.0,0.0,4,4,H,4,0
13/11/2004,Fulham,Chelsea,2,3,8,9,10,2,0.0,0.5,6,12,A,1,4
13/11/2004,Liverpool,Crystal Palace,4,1,8,6,7,2,0.0,0.0,7,10,H,3,2
13/11/2004,Man City,Blackburn,2,0,5,5,5,13,0.25,0.25,6,3,D,1,1
13/11/2004,Southampton,Portsmouth,0,0,4,5,6,6,0.5,0.5,4,8,H,2,1
13/11/2004,Tottenham,Arsenal,1,3,4,8,10,6,0.0,0.5,3,8,A,4,5
14/11/2004,Newcastle,Man Utd,3,1,9,12,3,3,0.12,0.62,5,6,A,1,3
14/11/2004,West Brom,Middlesbrough,1,3,5,10,9,4,0.5,0.5,5,9,A,1,2
20/11/2004,Chelsea,Bolton,4,2,13,3,7,5,0.5,0.17,12,10,D,2,2
20/11/2004,Everton,Fulham,3,1,6,4,9,11,0.5,0.5,10,6,H,1,0
20/11/2004,Crystal Palace,Newcastle,2,1,7,5,8,13,0.0,0.0,7,4,A,0,2
20/11/2004,Arsenal,West Brom,3,0,11,10,4,11,1.0,0.0,8,2,D,1,1
20/11/2004,Man Utd,Charlton,2,1,5,3,9,7,0.75,0.0,8,7,H,2,0
20/11/2004,Norwich,Southampton,0,0,4,9,6,6,0.0,0.0,3,6,H,2,1
20/11/2004,Middlesbrough,Liverpool,2,1,10,4,11,7,0.25,0.38,11,10,H,2,0
20/11/2004,Portsmouth,Man City,4,1,5,6,6,6,0.5,0.0,7,6,A,1,3
21/11/2004,Blackburn,Birmingham,1,1,4,12,1,2,0.5,0.0,3,5,D,3,3
22/11/2004,Aston Villa,Tottenham,3,1,9,5,7,13,0.25,0.38,10,0,H,1,0
27/11/2004,Birmingham,Norwich,0,0,4,5,6,10,0.0,0.0,5,5,D,1,1
27/11/2004,Bolton,Portsmouth,2,0,8,7,5,9,0.5,0.5,8,4,A,0,1
27/11/2004,Charlton,Chelsea,2,3,8,8,15,4,0.62,0.38,6,13,A,0,4
27/11/2004,Fulham,Blackburn,2,0,7,8,7,11,0.33,0.67,6,4,A,0,2
27/11/2004,West Brom,Man Utd,1,2,5,12,7,3,0.0,1.0,2,10,A,0,3
27/11/2004,Southampton,Crystal Palace,1,1,7,7,7,6,0.0,0.0,6,7,D,2,2
27/11/2004,Man City,Aston Villa,1,1,8,7,9,2,0.33,0.33,6,13,H,2,0
28/11/2004,Liverpool,Arsenal,4,3,7,7,9,10,0.12,0.5,7,6,H,2,1
28/11/2004,Newcastle,Everton,3,4,9,12,6,4,0.5,0.25,6,10,D,1,1
28/11/2004,Tottenham,Middlesbrough,0,3,7,13,8,4,0.12,0.38,0,11,H,2,0
04/12/2004,Aston Villa,Liverpool,3,1,7,4,7,8,0.12,0.62,10,7,D,1,1
04/12/2004,Blackburn,Tottenham,1,1,9,7,8,11,0.5,0.5,7,3,A,0,1
04/12/2004,Chelsea,Newcastle,3,2,15,4,6,10,0.5,0.25,13,4,H,4,0
04/12/2004,Arsenal,Birmingham,2,1,10,10,5,6,0.75,0.0,6,5,H,3,0
04/12/2004,Everton,Bolton,3,1,4,3,6,7,0.33,0.33,8,5,H,3,2
04/12/2004,Man Utd,Southampton,3,0,8,3,9,9,0.75,0.25,10,6,H,3,0
04/12/2004,Portsmouth,West Brom,3,0,5,8,5,12,0.0,0.0,6,2,H,3,2
04/12/2004,Norwich,Fulham,1,1,5,8,7,8,0.0,0.0,6,6,A,0,1
05/12/2004,Crystal Palace,Charlton,2,1,6,8,8,10,0.0,0.0,5,6,A,0,1
06/12/2004,Middlesbrough,Man City,2,2,7,5,7,3,0.5,0.0,10,9,H,3,2
11/12/2004,Man City,Tottenham,2,2,8,5,9,9,0.17,0.33,8,6,A,0,1
11/12/2004,Crystal Palace,Blackburn,2,1,5,9,7,6,0.0,0.0,2,6,D,0,0
11/12/2004,Everton,Liverpool,3,1,6,4,6,7,0.0,0.62,10,7,H,1,0
11/12/2004,Norwich,Bolton,1,1,4,8,6,9,0.0,0.0,5,2,H,3,2
11/12/2004,Newcastle,Portsmouth,2,1,5,12,6,10,0.5,0.0,4,6,D,1,1
11/12/2004,Southampton,Middlesbrough,1,3,7,10,8,6,0.25,0.38,5,10,D,2,2
11/12/2004,West Brom,Charlton,1,2,6,11,8,8,0.0,1.0,2,9,A,0,1
12/12/2004,Arsenal,Chelsea,3,4,11,8,15,3,0.5,0.0,8,13,D,2,2
12/12/2004,Aston Villa,Birmingham,3,1,7,4,5,8,0.0,0.5,10,5,A,1,2
13/12/2004,Fulham,Man Utd,2,3,6,8,11,1,0.17,0.5,6,13,D,1,1
14/12/2004,Liverpool,Portsmouth,4,1,6,7,7,8,0.5,0.5,7,7,D,1,1
18/12/2004,Chelsea,Norwich,4,0,16,5,6,9,0.0,0.0,11,7,H,4,0
18/12/2004,Birmingham,West Brom,0,0,6,9,4,10,0.5,0.0,5,1,H,4,0
18/12/2004,Bolton,Man City,2,1,7,11,8,6,0.25,0.75,1,7,A,0,1
18/12/2004,Blackburn,Everton,0,3,6,5,7,3,0.67,0.33,6,13,D,0,0
18/12/2004,Man Utd,Crystal Palace,3,1,12,2,4,8,0.0,0.0,13,2,H,5,2
18/12/2004,Middlesbrough,Aston Villa,2,1,9,7,5,6,0.25,0.38,10,7,H,3,0
18/12/2004,Tottenham,Southampton,1,0,8,6,7,10,0.25,0.62,9,5,H,5,1
19/12/2004,Liverpool,Newcastle,3,1,4,6,5,9,0.38,0.25,5,5,H,3,1
19/12/2004,Portsmouth,Arsenal,3,2,7,7,12,9,0.0,0.0,8,8,A,0,1
20/12/2004,Charlton,Fulham,2,2,6,6,3,8,0.17,0.5,9,4,H,2,1
26/12/2004,Crystal Palace,Portsmouth,1,1,4,10,6,5,0.0,1.0,2,8,A,0,1
26/12/2004,Arsenal,Fulham,2,2,8,5,3,6,0.86,0.0,8,4,H,2,0
26/12/2004,Birmingham,Middlesbrough,1,3,10,8,10,6,0.4,0.6,8,10,H,2,0
26/12/2004,Blackburn,Newcastle,0,1,5,4,5,9,0.29,0.43,6,5,D,2,2
26/12/2004,Chelsea,Aston Villa,4,1,16,4,3,8,0.33,0.33,11,4,H,1,0
26/12/2004,Man Utd,Bolton,4,1,14,3,6,10,0.43,0.29,13,1,H,2,0
26/12/2004,Norwich,Tottenham,2,2,6,9,9,2,0.0,0.0,7,12,A,0,2
26/12/2004,Southampton,Charlton,1,3,6,14,4,7,0.22,0.22,2,9,D,0,0
26/12/2004,West Brom,Liverpool,0,1,3,12,7,5,0.0,1.0,1,8,A,0,5
26/12/2004,Everton,Man City,4,2,6,3,8,5,0.29,0.43,11,9,H,2,1
28/12/2004,Bolton,Blackburn,2,1,4,10,4,3,0.17,0.0,0,6,A,0,1
28/12/2004,Liverpool,Southampton,3,0,10,4,5,12,0.38,0.38,8,3,H,1,0
28/12/2004,Aston Villa,Man Utd,3,2,2,9,14,3,0.0,0.75,1,13,A,0,1
28/12/2004,Fulham,Birmingham,1,2,3,7,9,5,0.0,0.25,4,10,A,2,3
28/12/2004,Tottenham,Crystal Palace,2,1,11,1,4,9,0.0,0.0,15,2,D,1,1
28/12/2004,Man City,West Brom,2,0,6,6,2,16,0.5,0.5,6,0,D,1,1
28/12/2004,Portsmouth,Chelsea,3,3,6,5,15,2,0.0,1.0,8,13,A,0,2
28/12/2004,Charlton,Everton,2,2,4,5,7,4,0.5,0.38,10,11,H,2,0
28/12/2004,Middlesbrough,Norwich,3,0,8,8,4,10,0.0,0.0,7,4,H,2,0
29/12/2004,Newcastle,Arsenal,1,2,5,11,9,4,0.12,0.5,3,10,A,0,1
01/01/2005,Tottenham,Everton,2,1,10,2,6,5,0.44,0.11,13,10,H,5,2
01/01/2005,Aston Villa,Blackburn,2,2,2,8,3,3,0.43,0.29,1,6,H,1,0
01/01/2005,Bolton,West Brom,1,0,4,10,3,14,0.0,0.33,0,1,D,1,1
01/01/2005,Fulham,Crystal Palace,1,1,5,8,3,8,0.0,1.0,4,2,H,3,1
01/01/2005,Liverpool,Chelsea,4,4,10,3,13,2,0.33,0.56,10,13,A,0,1
01/01/2005,Man City,Southampton,1,0,5,7,3,11,0.29,0.57,4,2,H,2,1
01/01/2005,Middlesbrough,Man Utd,4,3,10,6,12,3,0.33,0.56,10,13,A,0,2
01/01/2005,Newcastle,Birmingham,0,3,4,11,11,6,0.4,0.2,2,12,H,2,1
01/01/2005,Portsmouth,Norwich,2,0,3,5,3,11,0.0,0.0,5,3,D,1,1
01/01/2005,Charlton,Arsenal,3,3,6,1,9,2,0.22,0.67,13,13,A,1,3
03/01/2005,Crystal Palace,Aston Villa,0,1,4,10,2,7,0.0,0.0,2,3,H,2,0
03/01/2005,Blackburn,Charlton,0,3,3,3,6,4,0.43,0.57,6,10,H,1,0
03/01/2005,Norwich,Liverpool,2,1,4,11,10,3,0.0,1.0,4,10,A,1,2
03/01/2005,West Brom,Newcastle,0,1,2,12,6,8,0.0,0.67,2,5,D,0,0
04/01/2005,Arsenal,Man City,2,2,9,3,5,5,1.0,0.0,13,7,D,1,1
04/01/2005,Birmingham,Bolton,2,0,12,5,3,8,0.6,0.2,12,1,A,1,2
04/01/2005,Chelsea,Middlesbrough,4,2,10,2,7,6,0.56,0.11,13,7,H,2,0
04/01/2005,Everton,Portsmouth,4,2,5,8,3,5,1.0,0.0,7,5,H,2,1
04/01/2005,Man Utd,Tottenham,4,3,11,3,14,4,0.89,0.11,13,13,D,0,0
05/01/2005,Southampton,Fulham,1,2,4,10,7,9,0.14,0.43,2,4,D,3,3
15/01/2005,Portsmouth,Blackburn,1,2,3,6,4,3,0.33,0.67,4,8,A,0,1
15/01/2005,Aston Villa,Norwich,2,0,1,7,2,11,0.0,0.0,3,1,H,3,0
15/01/2005,Bolton,Arsenal,0,4,3,6,8,2,0.0,0.43,4,13,H,1,0
15/01/2005,Charlton,Birmingham,3,2,5,5,11,6,0.2,0.2,7,9,H,3,1
15/01/2005,Liverpool,Man Utd,3,4,11,3,10,2,0.56,0.44,12,13,A,0,1
15/01/2005,Man City,Crystal Palace,2,0,6,5,6,10,1.0,0.0,8,4,H,3,1
15/01/2005,Newcastle,Southampton,1,0,5,7,5,11,0.44,0.22,5,2,H,2,1
15/01/2005,Tottenham,Chelsea,3,4,13,4,10,0,0.0,0.67,11,15,A,0,2
16/01/2005,Fulham,West Brom,1,0,9,11,2,11,0.33,0.33,4,3,H,1,0
16/01/2005,Middlesbrough,Everton,4,1,5,6,6,9,0.22,0.44,6,7,D,1,1
22/01/2005,Norwich,Middlesbrough,2,1,2,10,3,7,0.0,1.0,1,4,D,4,4
22/01/2005,Man Utd,Aston Villa,4,1,6,0,4,4,0.78,0.0,13,6,H,3,1
22/01/2005,Everton,Charlton,5,2,7,10,6,5,0.33,0.56,7,7,A,0,1
22/01/2005,Southampton,Liverpool,1,2,5,8,8,3,0.33,0.44,2,9,H,2,0
22/01/2005,Chelsea,Portsmouth,4,2,8,0,3,6,1.0,0.0,15,4,H,3,0
22/01/2005,Birmingham,Fulham,2,1,8,9,9,9,0.4,0.0,6,7,A,1,2
22/01/2005,West Brom,Man City,0,2,2,8,8,6,0.33,0.33,3,8,H,2,0
22/01/2005,Crystal Palace,Tottenham,1,3,5,8,8,5,0.0,0.0,4,8,H,3,0
23/01/2005,Arsenal,Newcastle,2,1,7,3,6,5,0.56,0.11,10,8,H,1,0
24/01/2005,Blackburn,Bolton,1,1,5,3,4,5,0.14,0.14,10,7,A,0,1
01/02/2005,Arsenal,Man Utd,3,4,6,3,7,1,0.33,0.33,10,13,A,2,4
01/02/2005,Bolton,Tottenham,1,3,5,3,6,8,0.57,0.29,10,5,H,3,1
01/02/2005,Charlton,Liverpool,3,2,7,5,3,5,0.33,0.67,9,6,A,1,2
01/02/2005,Portsmouth,Middlesbrough,1,0,2,9,7,9,0.33,0.0,1,5,H,2,1
01/02/2005,West Brom,Crystal Palace,1,0,4,3,8,7,0.0,1.0,6,7,D,2,2
02/02/2005,Everton,Norwich,4,0,5,10,6,12,1.0,0.0,4,2,H,1,0
02/02/2005,Blackburn,Chelsea,1,4,3,2,10,0,0.14,0.43,9,15,A,0,1
02/02/2005,Fulham,Aston Villa,2,0,11,8,5,6,0.14,0.71,10,6,D,1,1
02/02/2005,Man City,Newcastle,3,0,7,6,4,4,0.43,0.57,8,7,D,1,1
02/02/2005,Birmingham,Southampton,2,0,7,11,7,8,0.4,0.2,3,4,H,2,1
05/02/2005,Norwich,West Brom,1,0,6,11,5,4,0.0,0.0,2,6,H,3,2
05/02/2005,Aston Villa,Arsenal,2,3,6,6,7,7,0.0,0.78,7,7,A,1,3
05/02/2005,Crystal Palace,Bolton,2,2,9,8,8,3,0.0,1.0,7,13,A,0,1
05/02/2005,Liverpool,Fulham,2,2,4,6,10,6,0.57,0.14,6,11,H,3,1
05/02/2005,Man Utd,Birmingham,4,2,10,3,6,10,0.8,0.0,13,3,H,2,0
05/02/2005,Middlesbrough,Blackburn,3,3,6,11,2,3,0.43,0.43,2,6,H,1,0
05/02/2005,Newcastle,Charlton,2,3,5,4,6,7,0.44,0.22,8,6,D,1,1
05/02/2005,Tottenham,Portsmouth,3,1,6,10,4,8,0.33,0.67,4,4,H,3,1
06/02/2005,Chelsea,Man City,5,1,9,0,7,6,0.86,0.14,15,8,D,0,0
06/02/2005,Southampton,Everton,1,0,8,9,6,8,0.22,0.44,4,7,D,2,2
12/02/2005,Everton,Chelsea,4,4,6,5,8,0,0.11,0.67,8,13,A,0,1
12/02/2005,Birmingham,Liverpool,3,3,5,10,7,6,0.4,0.4,3,9,H,2,0
12/02/2005,Portsmouth,Aston Villa,1,0,4,10,6,9,0.33,0.67,3,4,A,1,2
12/02/2005,Bolton,Middlesbrough,2,0,8,2,7,9,0.43,0.29,15,5,D,0,0
12/02/2005,Blackburn,Norwich,1,0,2,3,8,12,0.0,0.0,6,4,H,3,0
13/02/2005,Man City,Man Utd,2,4,5,5,10,3,0.29,0.29,6,13,A,0,2
14/02/2005,Arsenal,Crystal Palace,2,0,7,7,8,6,0.0,0.0,7,7,H,5,1
22/02/2005,West Brom,Southampton,1,0,6,6,9,9,0.33,0.33,5,5,D,0,0
26/02/2005,Aston Villa,Everton,2,0,8,8,4,5,0.33,0.33,7,5,A,1,3
26/02/2005,Crystal Palace,Birmingham,2,2,7,11,6,8,1.0,0.0,4,6,H,2,0
26/02/2005,Man Utd,Portsmouth,4,1,12,3,4,10,0.33,0.67,15,3,H,2,1
26/02/2005,Southampton,Arsenal,1,4,6,6,11,7,0.22,0.56,5,9,D,1,1
26/02/2005,Tottenham,Fulham,3,1,4,9,8,8,0.29,0.57,4,8,H,2,0
27/02/2005,Newcastle,Bolton,2,3,4,4,6,1,0.43,0.43,6,13,H,2,1
27/02/2005,Middlesbrough,Charlton,3,2,7,7,6,5,0.11,0.33,6,7,D,2,2
28/02/2005,Norwich,Man City,2,1,7,13,4,6,0.0,0.0,4,5,A,2,3
05/03/2005,Crystal Palace,Man Utd,3,5,8,8,13,4,0.0,1.0,7,15,D,0,0
05/03/2005,Newcastle,Liverpool,3,3,6,5,5,7,0.22,0.44,8,6,H,1,0
05/03/2005,Norwich,Chelsea,1,5,9,13,7,0,0.0,1.0,4,13,A,1,3
05/03/2005,Fulham,Charlton,2,1,5,7,8,6,0.43,0.29,7,8,D,0,0
05/03/2005,Southampton,Tottenham,1,2,6,5,6,9,0.56,0.33,6,6,H,1,0
05/03/2005,Aston Villa,Middlesbrough,2,0,6,11,8,8,0.33,0.33,4,6,H,2,0
05/03/2005,Arsenal,Portsmouth,3,1,12,7,5,11,0.33,0.0,10,3,H,3,0
06/03/2005,West Brom,Birmingham,1,1,6,6,5,7,0.0,0.67,5,6,H,2,0
06/03/2005,Everton,Blackburn,3,2,6,5,4,3,0.29,0.57,7,6,A,0,1
07/03/2005,Man City,Bolton,2,3,4,7,6,3,0.8,0.2,5,10,A,0,1
15/03/2005,Chelsea,West Brom,4,0,8,1,8,5,1.0,0.0,13,8,H,1,0
16/03/2005,Charlton,Tottenham,3,1,5,5,6,8,0.56,0.22,6,6,H,2,0
16/03/2005,Liverpool,Blackburn,3,3,5,7,4,3,0.43,0.0,6,6,D,0,0
19/03/2005,Man Utd,Fulham,4,1,10,3,4,7,0.43,0.14,13,5,H,1,0
19/03/2005,Chelsea,Crystal Palace,4,0,6,1,5,8,1.0,0.0,13,5,H,4,1
19/03/2005,Blackburn,Arsenal,2,3,4,2,14,7,0.29,0.57,7,10,A,0,1
19/03/2005,Bolton,Norwich,2,0,6,3,6,12,0.0,1.0,10,3,H,1,0
19/03/2005,Charlton,West Brom,3,0,6,5,6,6,1.0,0.0,6,5,A,1,4
19/03/2005,Portsmouth,Newcastle,1,0,5,11,5,4,0.0,0.33,3,8,D,1,1
19/03/2005,Tottenham,Man City,3,1,6,7,4,6,0.43,0.14,6,5,H,2,1
20/03/2005,Liverpool,Everton,2,1,5,5,6,5,0.56,0.11,7,7,H,2,1
20/03/2005,Middlesbrough,Southampton,2,0,4,6,5,5,0.33,0.22,5,6,A,1,3
20/03/2005,Birmingham,Aston Villa,3,1,4,7,7,8,0.6,0.0,6,7,H,2,0
02/04/2005,Birmingham,Tottenham,3,0,4,6,7,5,0.2,0.6,6,9,D,1,1
02/04/2005,Charlton,Man City,2,1,6,7,4,7,0.43,0.29,6,4,D,2,2
02/04/2005,Crystal Palace,Middlesbrough,3,0,4,10,4,7,0.0,1.0,4,5,A,0,1
02/04/2005,Arsenal,Norwich,3,0,13,3,6,12,1.0,0.0,13,3,H,4,1
02/04/2005,Newcastle,Aston Villa,4,1,6,4,6,9,0.33,0.11,9,6,A,0,3
02/04/2005,Liverpool,Bolton,2,4,5,5,4,2,0.43,0.29,7,10,H,1,0
02/04/2005,Man Utd,Blackburn,4,2,7,1,4,2,0.43,0.29,13,7,D,0,0
02/04/2005,Southampton,Chelsea,2,5,7,4,9,2,0.22,0.56,9,13,A,1,3
03/04/2005,Fulham,Portsmouth,2,0,2,7,4,11,0.33,0.33,2,1,H,3,1
03/04/2005,West Brom,Everton,2,1,8,5,6,7,0.0,1.0,7,4,H,1,0
09/04/2005,Norwich,Man Utd,1,4,4,14,5,1,0.0,1.0,0,11,H,2,0
09/04/2005,Middlesbrough,Arsenal,1,3,4,7,14,3,0.11,0.89,5,13,A,0,1
09/04/2005,Man City,Liverpool,2,2,6,9,3,4,0.14,0.57,4,7,H,1,0
09/04/2005,Chelsea,Birmingham,4,0,12,3,5,5,0.6,0.0,15,7,D,1,1
09/04/2005,Bolton,Fulham,3,1,3,3,4,7,0.0,0.71,7,4,H,3,1
09/04/2005,Blackburn,Southampton,2,1,4,1,6,5,0.43,0.29,8,8,H,3,0
09/04/2005,Portsmouth,Charlton,1,1,4,11,7,8,0.0,0.67,1,6,H,4,2
10/04/2005,Tottenham,Newcastle,4,0,5,5,5,6,0.44,0.56,7,8,H,1,0
10/04/2005,Aston Villa,West Brom,3,1,8,6,7,2,0.33,0.0,9,10,D,1,1
10/04/2005,Everton,Crystal Palace,2,0,4,6,4,10,1.0,0.0,3,4,H,4,0
16/04/2005,Southampton,Aston Villa,2,2,6,8,7,6,0.22,0.44,7,7,A,2,3
16/04/2005,Liverpool,Tottenham,3,0,3,3,4,5,0.44,0.33,7,7,D,2,2
16/04/2005,Fulham,Man City,3,1,4,7,7,7,0.0,0.4,4,7,D,1,1
16/04/2005,Charlton,Bolton,2,3,7,10,6,4,0.14,0.43,5,9,A,1,2
16/04/2005,Birmingham,Portsmouth,3,0,4,6,7,11,0.33,0.33,5,4,D,0,0
16/04/2005,Crystal Palace,Norwich,2,0,3,9,6,11,0.0,0.0,4,3,D,3,3
19/04/2005,Bolton,Southampton,4,1,7,3,7,10,0.29,0.14,12,6,D,1,1
19/04/2005,Middlesbrough,Fulham,1,1,4,8,5,6,0.43,0.43,4,5,D,1,1
20/04/2005,Portsmouth,Liverpool,2,1,6,9,5,4,0.33,0.33,5,8,A,1,2
20/04/2005,Tottenham,West Brom,4,1,6,6,8,3,0.67,0.0,8,10,D,1,1
20/04/2005,Norwich,Newcastle,2,0,7,11,4,6,0.0,0.0,4,7,H,2,1
20/04/2005,Man City,Birmingham,2,0,5,6,4,4,0.4,0.4,5,6,H,3,0
20/04/2005,Aston Villa,Charlton,2,1,9,5,8,12,0.67,0.22,10,4,D,0,0
20/04/2005,Chelsea,Arsenal,3,3,12,4,10,2,0.0,0.44,13,13,D,0,0
20/04/2005,Blackburn,Crystal Palace,2,0,4,1,4,12,0.0,0.0,8,2,H,1,0
20/04/2005,Everton,Man Utd,2,3,8,5,3,3,0.0,0.89,6,8,H,1,0
23/04/2005,Blackburn,Man City,3,1,4,1,8,5,0.2,0.2,8,8,D,0,0
23/04/2005,Crystal Palace,Liverpool,1,2,4,13,7,5,0.0,1.0,1,10,H,1,0
23/04/2005,Chelsea,Fulham,2,0,9,3,6,7,0.57,0.0,11,5,H,3,1
23/04/2005,Everton,Birmingham,3,0,6,4,4,5,0.4,0.2,6,6,D,1,1
23/04/2005,Middlesbrough,West Brom,1,1,3,7,7,4,0.67,0.33,4,8,H,4,0
23/04/2005,Norwich,Charlton,3,0,8,9,6,12,0.0,1.0,7,2,H,1,0
23/04/2005,Aston Villa,Bolton,1,3,7,5,7,4,0.43,0.29,8,10,D,1,1
24/04/2005,Man Utd,Newcastle,4,0,1,3,3,7,0.67,0.11,5,4,H,2,1
24/04/2005,Portsmouth,Southampton,2,1,7,8,7,11,0.33,0.67,5,4,H,4,1
25/04/2005,Arsenal,Tottenham,4,0,9,1,7,5,0.56,0.0,13,9,H,1,0
26/04/2005,West Brom,Blackburn,3,2,7,7,4,1,0.0,0.33,8,8,D,1,1
27/04/2005,Newcastle,Middlesbrough,3,1,3,9,7,5,0.67,0.22,1,7,D,0,0
30/04/2005,Southampton,Norwich,1,0,5,14,9,8,0.0,1.0,1,10,H,4,3
30/04/2005,Man City,Portsmouth,2,0,7,3,10,8,0.33,0.33,9,7,H,2,0
30/04/2005,Liverpool,Middlesbrough,3,1,5,5,6,2,0.33,0.33,7,8,D,1,1
30/04/2005,Newcastle,Crystal Palace,2,0,2,8,4,9,1.0,0.0,1,4,D,0,0
30/04/2005,Bolton,Chelsea,3,5,7,5,11,4,0.14,0.43,8,11,A,0,2
30/04/2005,Birmingham,Blackburn,3,1,3,6,5,1,0.0,0.4,4,9,H,2,1
30/04/2005,Fulham,Everton,2,1,7,9,7,4,0.43,0.57,5,7,H,2,0
01/05/2005,Charlton,Man Utd,1,2,5,9,3,4,0.0,0.78,2,7,A,0,4
01/05/2005,Tottenham,Aston Villa,4,3,5,5,8,4,0.33,0.33,6,9,H,5,1
02/05/2005,West Brom,Arsenal,2,3,4,7,7,1,0.0,0.67,6,13,A,0,2
04/05/2005,Fulham,Newcastle,2,0,6,8,2,5,0.43,0.43,5,2,A,1,3
07/05/2005,Portsmouth,Bolton,2,2,9,7,7,6,0.67,0.33,7,8,D,1,1
07/05/2005,Norwich,Birmingham,3,0,11,8,4,6,0.0,0.0,10,6,H,1,0
07/05/2005,Man Utd,West Brom,4,1,6,4,3,9,1.0,0.0,7,3,D,1,1
07/05/2005,Everton,Newcastle,2,1,6,4,5,5,0.22,0.44,7,5,H,2,0
07/05/2005,Middlesbrough,Tottenham,1,0,6,3,9,5,0.33,0.22,6,8,H,1,0
07/05/2005,Chelsea,Charlton,3,0,9,3,3,11,0.44,0.56,11,1,H,1,0
07/05/2005,Blackburn,Fulham,3,0,6,3,6,8,0.71,0.29,8,5,A,1,3
07/05/2005,Aston Villa,Man City,1,1,6,9,7,1,0.29,0.43,6,11,A,1,2
07/05/2005,Crystal Palace,Southampton,2,1,4,8,8,14,0.0,0.0,5,4,D,2,2
08/05/2005,Arsenal,Liverpool,4,1,8,1,5,6,0.44,0.22,13,5,H,3,1
10/05/2005,Man Utd,Chelsea,3,5,7,5,7,2,0.22,0.33,7,11,A,1,3
11/05/2005,Arsenal,Everton,5,1,7,1,8,3,0.67,0.22,13,10,H,7,0
15/05/2005,Charlton,Crystal Palace,1,0,1,8,6,6,1.0,0.0,1,6,D,2,2
15/05/2005,Fulham,Norwich,2,0,8,8,10,8,1.0,0.0,7,10,H,6,0
15/05/2005,Man City,Middlesbrough,3,1,8,2,7,2,0.0,0.57,11,9,D,1,1
15/05/2005,Birmingham,Arsenal,3,3,3,6,13,1,0.0,0.8,5,13,H,2,1
15/05/2005,Liverpool,Aston Villa,2,3,6,8,6,10,0.56,0.11,5,5,H,2,1
15/05/2005,Tottenham,Blackburn,4,1,8,6,4,6,0.57,0.43,5,5,D,0,0
15/05/2005,Southampton,Man Utd,2,2,10,13,8,6,0.22,0.78,5,7,A,1,2
15/05/2005,West Brom,Portsmouth,2,0,3,9,6,6,0.0,1.0,3,5,H,2,0
15/05/2005,Newcastle,Chelsea,2,5,4,5,9,2,0.22,0.56,5,13,D,1,1
15/05/2005,Bolton,Everton,2,1,5,6,4,10,0.29,0.43,6,7,H,3,2
13/08/2005,West Ham,Blackburn,4,0,5,3,3,6,0.5,0.25,10,3,H,3,1
13/08/2005,Portsmouth,Tottenham,2,0,6,8,6,4,0.5,0.5,4,5,A,0,2
13/08/2005,Middlesbrough,Liverpool,2,1,7,2,6,7,0.3,0.3,9,7,D,0,0
13/08/2005,Man City,West Brom,3,1,8,2,4,8,0.25,0.5,11,5,D,0,0
13/08/2005,Everton,Man Utd,3,2,5,13,10,6,0.1,0.8,4,10,A,0,2
13/08/2005,Aston Villa,Bolton,1,2,4,10,6,7,0.38,0.25,2,6,D,2,2
13/08/2005,Sunderland,Charlton,0,0,1,11,2,8,0.33,0.17,0,2,A,1,3
13/08/2005,Fulham,Birmingham,3,0,13,7,5,7,0.17,0.33,9,7,D,0,0
14/08/2005,Wigan,Chelsea,0,4,0,0,10,3,0.0,0.0,0,13,A,0,1
14/08/2005,Arsenal,Newcastle,5,1,14,3,4,4,0.6,0.1,12,6,H,2,0
20/08/2005,Liverpool,Sunderland,3,0,4,6,1,12,0.33,0.17,5,0,H,1,0
20/08/2005,Birmingham,Man City,3,1,5,4,5,2,0.33,0.5,8,9,A,1,2
20/08/2005,Charlton,Wigan,0,0,5,9,0,1,0.0,0.0,4,0,H,1,0
20/08/2005,Blackburn,Fulham,2,1,4,9,12,4,0.62,0.38,2,10,H,2,1
20/08/2005,Newcastle,West Ham,1,1,4,6,8,3,0.5,0.33,5,13,D,0,0
20/08/2005,Tottenham,Middlesbrough,3,1,7,3,3,2,0.2,0.4,7,7,H,2,0
20/08/2005,West Brom,Portsmouth,3,0,4,4,5,8,0.5,0.5,6,4,H,2,1
20/08/2005,Man Utd,Aston Villa,2,2,10,5,6,12,0.8,0.0,10,2,H,1,0
21/08/2005,Bolton,Everton,3,0,7,8,4,14,0.38,0.38,6,3,A,0,1
21/08/2005,Chelsea,Arsenal,3,3,8,2,15,3,0.0,0.4,13,12,H,1,0
23/08/2005,Birmingham,Middlesbrough,2,1,5,5,3,4,0.5,0.5,7,6,A,0,3
23/08/2005,Portsmouth,Aston Villa,2,2,2,9,5,12,0.25,0.75,1,1,D,1,1
23/08/2005,Sunderland,Man City,0,2,1,10,7,3,0.25,0.75,0,11,A,1,2
24/08/2005,Arsenal,Fulham,5,1,13,4,11,6,0.88,0.0,9,7,H,4,1
24/08/2005,Blackburn,Tottenham,3,1,5,9,9,2,0.38,0.5,4,10,D,0,0
24/08/2005,Bolton,Newcastle,2,1,6,8,4,6,0.38,0.5,5,5,H,2,0
24/08/2005,Chelsea,West Brom,3,0,7,2,5,4,1.0,0.0,13,8,H,4,0
27/08/2005,Tottenham,Chelsea,3,4,4,1,10,2,0.0,0.7,8,13,A,0,2
27/08/2005,Aston Villa,Blackburn,0,0,5,8,4,7,0.5,0.25,2,5,H,1,0
27/08/2005,Man City,Portsmouth,3,0,7,4,3,8,0.5,0.25,11,2,H,2,1
27/08/2005,Fulham,Everton,2,1,11,7,5,12,0.5,0.5,7,6,H,1,0
27/08/2005,West Ham,Bolton,4,1,7,3,8,6,0.25,0.5,11,8,A,1,2
27/08/2005,Wigan,Sunderland,0,0,0,2,2,11,0.0,0.0,0,0,H,1,0
27/08/2005,West Brom,Birmingham,3,0,5,6,3,7,0.25,0.5,8,4,A,2,3
28/08/2005,Middlesbrough,Charlton,2,1,5,3,6,8,0.1,0.3,8,7,A,0,3
28/08/2005,Newcastle,Man Utd,0,3,1,7,7,5,0.1,0.7,2,10,A,0,2
10/09/2005,Tottenham,Liverpool,2,1,4,2,5,5,0.3,0.4,8,8,D,0,0
10/09/2005,Newcastle,Fulham,0,1,1,7,9,6,0.5,0.38,2,7,D,1,1
10/09/2005,Middlesbrough,Arsenal,2,2,4,6,14,4,0.1,0.9,5,9,H,2,1
10/09/2005,Man Utd,Man City,2,3,8,4,7,4,0.38,0.25,12,11,D,1,1
10/09/2005,Everton,Portsmouth,3,0,3,13,3,9,1.0,0.0,3,1,A,0,1
10/09/2005,Birmingham,Charlton,2,2,6,8,9,4,0.17,0.33,7,10,A,0,1
10/09/2005,West Brom,Wigan,2,0,6,8,1,2,0.0,0.0,7,3,A,1,2
10/09/2005,Chelsea,Sunderland,4,0,9,1,2,11,0.5,0.33,13,0,H,2,0
11/09/2005,Bolton,Blackburn,2,0,9,6,3,5,0.25,0.12,10,5,D,0,0
12/09/2005,West Ham,Aston Villa,3,1,7,5,5,6,0.0,0.33,8,5,H,4,0
17/09/2005,Fulham,West Ham,3,1,4,7,10,5,0.25,0.5,5,8,A,1,2
17/09/2005,Aston Villa,Tottenham,1,1,4,8,4,2,0.3,0.4,5,8,D,1,1
17/09/2005,Charlton,Chelsea,1,4,10,3,10,0,0.5,0.5,13,15,A,0,2
17/09/2005,Sunderland,West Brom,0,0,2,9,5,10,0.0,0.5,0,4,D,1,1
17/09/2005,Portsmouth,Birmingham,1,1,4,7,4,8,0.25,0.25,4,4,D,1,1
18/09/2005,Blackburn,Newcastle,2,1,3,5,1,7,0.25,0.38,5,2,A,0,3
18/09/2005,Liverpool,Man Utd,3,4,4,4,8,2,0.5,0.5,8,13,D,0,0
18/09/2005,Man City,Bolton,3,2,7,4,6,4,0.67,0.33,11,8,A,0,1
18/09/2005,Wigan,Middlesbrough,1,1,3,3,5,6,0.0,0.0,6,7,D,1,1
19/09/2005,Arsenal,Everton,5,1,8,6,3,7,0.7,0.2,6,3,H,2,0
24/09/2005,Everton,Wigan,2,1,1,6,4,4,0.0,0.0,3,7,A,0,1
24/09/2005,Birmingham,Liverpool,2,1,5,9,3,1,0.5,0.33,4,9,D,2,2
24/09/2005,Bolton,Portsmouth,2,1,5,2,5,6,0.25,0.5,10,5,H,1,0
24/09/2005,Chelsea,Aston Villa,5,0,11,0,3,7,0.4,0.3,15,5,H,2,1
24/09/2005,Man Utd,Blackburn,2,0,6,1,2,5,0.38,0.25,11,5,A,1,2
24/09/2005,Newcastle,Man City,0,3,4,5,7,5,0.5,0.38,5,10,H,1,0
24/09/2005,West Brom,Charlton,2,3,6,11,8,3,0.25,0.75,4,12,A,1,2
24/09/2005,West Ham,Arsenal,4,1,10,4,9,4,0.0,0.67,10,9,D,0,0
25/09/2005,Middlesbrough,Sunderland,3,0,6,7,2,7,0.67,0.17,7,1,A,0,2
26/09/2005,Tottenham,Fulham,2,1,3,3,5,9,0.38,0.5,6,4,H,1,0
01/10/2005,Charlton,Tottenham,1,1,7,3,2,3,0.6,0.2,12,6,A,2,3
01/10/2005,Blackburn,West Brom,1,0,2,5,5,12,0.25,0.0,5,1,H,2,0
01/10/2005,Sunderland,West Ham,0,2,4,6,7,3,0.33,0.5,4,8,D,1,1
01/10/2005,Fulham,Man Utd,2,4,4,8,5,3,0.12,0.5,4,8,A,2,3
01/10/2005,Portsmouth,Newcastle,1,2,4,5,5,5,0.0,0.25,5,7,D,0,0
02/10/2005,Arsenal,Birmingham,5,1,7,4,6,9,0.67,0.17,7,5,H,1,0
02/10/2005,Aston Villa,Middlesbrough,1,1,4,8,6,7,0.4,0.3,5,7,A,2,3
02/10/2005,Liverpool,Chelsea,2,4,3,2,12,1,0.3,0.6,7,15,A,1,4
02/10/2005,Man City,Everton,2,1,5,5,1,5,0.38,0.38,7,3,H,2,0
02/10/2005,Wigan,Bolton,1,2,5,3,6,1,0.0,0.0,10,13,H,2,1
15/10/2005,Tottenham,Everton,2,1,5,5,0,7,0.5,0.1,8,0,H,2,0
15/10/2005,West Brom,Arsenal,2,1,5,10,8,3,0.0,0.75,1,10,H,2,1
15/10/2005,Sunderland,Man Utd,0,4,4,5,7,5,0.0,0.83,5,8,A,1,3
15/10/2005,Wigan,Newcastle,2,1,7,3,5,3,0.0,0.0,13,8,H,1,0
15/10/2005,Liverpool,Blackburn,2,1,4,6,4,5,0.38,0.0,6,7,H,1,0
15/10/2005,Chelsea,Bolton,5,2,12,2,5,3,0.5,0.12,15,10,H,5,1
15/10/2005,Middlesbrough,Portsmouth,2,1,6,9,3,4,0.0,0.5,7,5,D,1,1
16/10/2005,Man City,West Ham,2,2,5,4,8,4,0.25,0.5,7,8,H,2,1
16/10/2005,Birmingham,Aston Villa,1,0,6,7,5,10,0.67,0.0,5,4,A,0,1
17/10/2005,Charlton,Fulham,1,1,8,6,5,7,0.25,0.38,9,4,D,1,1
22/10/2005,Portsmouth,Charlton,0,4,3,3,6,7,0.25,0.5,6,7,A,1,2
22/10/2005,Man Utd,Tottenham,1,2,8,6,7,3,0.8,0.1,8,11,D,1,1
22/10/2005,Fulham,Liverpool,2,0,5,8,4,6,0.12,0.62,2,6,H,2,0
22/10/2005,Aston Villa,Wigan,1,2,5,10,7,3,0.0,0.0,4,13,A,0,2
22/10/2005,Arsenal,Man City,5,3,5,4,5,4,0.88,0.0,7,7,H,1,0
22/10/2005,Blackburn,Birmingham,2,1,4,5,3,6,0.33,0.17,7,2,H,2,0
23/10/2005,Bolton,West Brom,3,0,4,7,5,8,0.0,0.25,7,4,H,2,0
23/10/2005,Everton,Chelsea,1,4,0,8,15,3,0.1,0.7,0,15,D,1,1
23/10/2005,Newcastle,Sunderland,1,1,5,2,5,7,0.5,0.17,8,5,H,3,2
23/10/2005,West Ham,Middlesbrough,3,2,8,4,7,7,0.5,0.33,8,8,H,2,1
29/10/2005,Liverpool,West Ham,3,1,4,8,6,5,0.67,0.0,5,8,H,2,0
29/10/2005,Chelsea,Blackburn,5,1,14,4,6,5,0.5,0.12,13,9,H,4,2
29/10/2005,Charlton,Bolton,1,2,7,8,6,7,0.12,0.5,7,9,A,0,1
29/10/2005,Birmingham,Everton,0,1,3,7,1,8,0.17,0.33,2,1,A,0,1
29/10/2005,Wigan,Fulham,3,0,7,2,6,7,0.0,0.0,13,4,H,1,0
29/10/2005,Sunderland,Portsmouth,0,1,7,8,3,5,0.0,0.0,5,3,A,1,4
29/10/2005,Middlesbrough,Man Utd,1,4,6,8,8,6,0.3,0.6,5,8,H,4,1
29/10/2005,Tottenham,Arsenal,3,0,8,4,5,2,0.0,0.6,11,10,D,1,1
30/10/2005,West Brom,Newcastle,2,1,4,8,7,3,0.0,0.5,4,10,A,0,3
31/10/2005,Man City,Aston Villa,3,1,4,4,5,8,0.5,0.25,6,4,H,3,1
05/11/2005,Arsenal,Sunderland,5,1,4,3,7,11,0.5,0.17,8,4,H,3,1
05/11/2005,Aston Villa,Liverpool,1,0,5,10,6,8,0.1,0.6,3,7,A,0,2
05/11/2005,Blackburn,Charlton,3,5,8,6,7,7,0.5,0.5,9,7,H,4,1
05/11/2005,Newcastle,Birmingham,2,1,7,3,2,7,0.5,0.17,10,1,H,1,0
05/11/2005,Portsmouth,Wigan,0,3,6,5,7,1,0.0,0.0,5,15,A,0,2
05/11/2005,West Ham,West Brom,3,0,4,6,3,10,0.5,0.5,5,3,H,1,0
05/11/2005,Fulham,Man City,2,2,5,6,7,4,0.0,0.33,4,9,H,2,1
06/11/2005,Man Utd,Chelsea,1,4,9,10,16,6,0.2,0.4,7,13,H,1,0
06/11/2005,Everton,Middlesbrough,1,2,2,6,9,8,0.4,0.2,4,7,H,1,0
07/11/2005,Bolton,Tottenham,3,2,6,7,8,4,0.62,0.25,9,11,H,1,0
19/11/2005,Charlton,Man Utd,1,3,6,10,9,8,0.0,0.8,4,10,A,1,3
19/11/2005,Chelsea,Newcastle,5,2,14,6,7,3,0.5,0.2,10,10,H,3,0
19/11/2005,Liverpool,Portsmouth,3,2,6,6,6,6,0.5,0.25,9,5,H,3,0
19/11/2005,Man City,Blackburn,4,1,8,5,10,6,0.17,0.17,9,9,D,0,0
19/11/2005,Wigan,Arsenal,4,0,8,1,7,4,0.0,0.0,15,10,A,2,3
19/11/2005,Sunderland,Aston Villa,0,1,6,14,4,10,0.17,0.17,1,3,A,1,3
19/11/2005,West Brom,Everton,1,1,2,9,3,5,0.25,0.75,3,7,H,4,0
20/11/2005,Middlesbrough,Fulham,2,0,9,7,7,6,0.38,0.38,7,7,H,3,2
20/11/2005,Tottenham,West Ham,2,1,7,5,5,6,0.5,0.17,8,7,D,1,1
26/11/2005,Wigan,Tottenham,3,1,8,3,5,4,0.0,0.0,12,6,A,1,2
26/11/2005,Sunderland,Birmingham,0,1,6,16,0,6,0.0,1.0,0,0,A,0,1
26/11/2005,Portsmouth,Chelsea,0,3,6,9,13,5,0.0,1.0,4,10,A,0,2
26/11/2005,Aston Villa,Charlton,1,4,5,8,5,10,0.6,0.2,6,4,H,1,0
26/11/2005,Arsenal,Blackburn,5,1,9,6,8,6,0.62,0.25,10,7,H,3,0
26/11/2005,Man City,Liverpool,3,1,6,5,8,2,0.25,0.5,7,12,A,0,1
27/11/2005,Everton,Newcastle,1,2,3,7,7,6,0.3,0.4,7,9,H,1,0
27/11/2005,Fulham,Bolton,3,3,7,6,6,7,0.62,0.12,7,9,H,2,1
27/11/2005,Middlesbrough,West Brom,3,0,9,7,6,7,0.75,0.25,7,6,D,2,2
27/11/2005,West Ham,Man Utd,3,3,5,6,9,7,0.17,0.5,7,10,A,1,2
30/11/2005,Sunderland,Liverpool,0,2,5,14,8,2,0.14,0.43,0,12,A,0,2
03/12/2005,Tottenham,Sunderland,2,1,5,5,3,13,0.83,0.17,6,0,H,3,2
03/12/2005,Chelsea,Middlesbrough,5,2,10,4,10,8,0.6,0.1,10,7,H,1,0
03/12/2005,West Brom,Fulham,2,0,6,8,8,6,0.25,0.5,4,9,D,0,0
03/12/2005,Newcastle,Aston Villa,3,2,7,6,5,8,0.3,0.2,9,6,D,1,1
03/12/2005,Blackburn,Everton,3,1,8,8,4,5,0.62,0.25,7,10,A,0,2
03/12/2005,Liverpool,Wigan,3,4,10,0,8,5,0.0,0.0,15,9,H,3,0
03/12/2005,Bolton,Arsenal,4,1,6,7,11,4,0.12,0.38,9,13,H,2,0
03/12/2005,Man Utd,Portsmouth,2,2,8,7,5,10,0.5,0.5,10,3,H,3,0
04/12/2005,Charlton,Man City,0,1,4,10,4,5,0.38,0.25,3,4,A,2,5
05/12/2005,Birmingham,West Ham,0,1,1,5,5,6,0.5,0.0,3,7,A,1,2
10/12/2005,Newcastle,Arsenal,3,1,5,5,10,6,0.09,0.64,7,10,H,1,0
10/12/2005,Liverpool,Middlesbrough,4,1,11,0,9,7,0.27,0.27,15,7,H,2,0
10/12/2005,Chelsea,Wigan,5,4,10,3,6,8,1.0,0.0,12,6,H,1,0
10/12/2005,West Brom,Man City,2,1,6,6,9,6,0.4,0.2,5,7,H,2,0
10/12/2005,Bolton,Aston Villa,4,2,7,2,6,7,0.22,0.33,12,7,D,1,1
10/12/2005,Blackburn,West Ham,3,1,6,10,5,6,0.2,0.6,4,7,H,3,2
10/12/2005,Birmingham,Fulham,0,0,2,6,6,6,0.29,0.14,3,7,H,1,0
10/12/2005,Charlton,Sunderland,0,1,4,14,4,12,0.29,0.29,0,0,H,2,0
11/12/2005,Man Utd,Everton,2,2,10,6,5,4,0.82,0.09,12,12,D,1,1
12/12/2005,Tottenham,Portsmouth,3,1,7,6,4,11,0.6,0.4,8,3,H,3,1
14/12/2005,Everton,West Ham,2,1,5,5,7,7,0.5,0.17,10,7,A,1,2
14/12/2005,Man Utd,Wigan,2,3,10,3,5,9,0.0,0.0,13,3,H,4,0
17/12/2005,Wigan,Charlton,3,3,3,13,6,13,0.0,1.0,0,3,H,3,0
17/12/2005,Portsmouth,West Brom,0,0,1,13,8,3,0.33,0.67,0,8,H,1,0
17/12/2005,Man City,Birmingham,3,1,6,7,3,4,0.57,0.29,4,6,H,4,1
17/12/2005,West Ham,Newcastle,3,1,8,8,3,5,0.29,0.43,7,7,A,2,4
17/12/2005,Everton,Bolton,2,2,5,7,6,3,0.44,0.33,7,10,A,0,4
17/12/2005,Aston Villa,Man Utd,1,4,6,5,13,3,0.0,0.82,8,13,A,0,2
17/12/2005,Fulham,Blackburn,3,1,6,6,7,8,0.33,0.67,7,7,H,2,1
18/12/2005,Arsenal,Chelsea,5,3,9,6,7,1,0.36,0.09,9,12,A,0,2
18/12/2005,Middlesbrough,Tottenham,2,2,5,8,9,6,0.36,0.27,4,10,D,3,3
26/12/2005,Aston Villa,Everton,1,2,6,5,5,7,0.3,0.4,8,7,H,4,0
26/12/2005,Man Utd,West Brom,3,0,12,2,8,3,0.75,0.0,13,8,H,3,0
26/12/2005,Charlton,Arsenal,1,1,5,12,6,7,0.2,0.7,3,6,A,0,1
26/12/2005,Chelsea,Fulham,5,0,9,0,6,6,0.62,0.0,15,7,H,3,2
26/12/2005,Liverpool,Newcastle,5,2,11,0,6,7,0.4,0.3,15,7,H,2,0
26/12/2005,Sunderland,Bolton,0,2,3,11,9,3,0.5,0.25,0,10,D,0,0
26/12/2005,Tottenham,Birmingham,3,1,12,8,4,7,0.5,0.17,11,6,H,2,0
26/12/2005,Wigan,Man City,3,1,4,10,9,6,0.0,0.0,3,7,H,4,3
26/12/2005,Portsmouth,West Ham,1,2,2,11,9,11,0.0,0.0,3,6,D,1,1
26/12/2005,Middlesbrough,Blackburn,2,0,8,10,4,9,0.5,0.38,5,4,A,0,2
28/12/2005,West Ham,Wigan,2,2,9,10,7,11,0.0,0.0,7,6,A,0,2
28/12/2005,Arsenal,Portsmouth,4,1,4,5,3,9,0.5,0.0,6,4,H,4,0
28/12/2005,Birmingham,Man Utd,1,4,4,8,13,1,0.0,0.83,6,13,D,2,2
28/12/2005,Everton,Liverpool,2,3,4,11,10,0,0.1,0.6,4,15,A,1,3
28/12/2005,Fulham,Aston Villa,4,2,6,6,7,4,0.12,0.62,7,8,D,3,3
28/12/2005,Man City,Chelsea,3,3,12,10,9,2,0.12,0.75,6,15,A,0,1
28/12/2005,West Brom,Tottenham,3,2,4,6,13,7,0.0,0.5,5,13,H,2,0
31/12/2005,Charlton,West Ham,1,2,4,10,7,11,0.33,0.33,3,4,H,2,0
31/12/2005,Chelsea,Birmingham,5,1,8,2,5,10,0.5,0.0,15,4,H,2,0
31/12/2005,Man Utd,Bolton,4,2,12,3,8,3,0.5,0.25,11,8,H,4,1
31/12/2005,Aston Villa,Arsenal,2,2,9,7,5,5,0.0,0.8,6,6,D,0,0
31/12/2005,Liverpool,West Brom,5,0,12,1,4,4,1.0,0.0,15,7,H,1,0
31/12/2005,Middlesbrough,Man City,2,1,5,10,12,10,0.5,0.0,2,6,D,0,0
31/12/2005,Portsmouth,Fulham,1,0,3,11,7,8,0.25,0.5,4,5,H,1,0
31/12/2005,Wigan,Blackburn,3,1,9,8,6,9,0.0,0.0,9,6,A,0,3
31/12/2005,Sunderland,Everton,0,2,2,8,3,14,0.33,0.5,1,1,A,0,1
31/12/2005,Tottenham,Newcastle,3,2,11,8,6,6,0.5,0.5,10,7,H,2,0
02/01/2006,West Ham,Chelsea,2,3,5,10,9,2,0.5,0.5,4,15,A,1,3
02/01/2006,West Brom,Aston Villa,3,1,4,5,8,6,0.0,0.25,6,6,A,1,2
02/01/2006,Newcastle,Middlesbrough,4,1,6,7,3,8,0.6,0.2,7,2,D,2,2
02/01/2006,Fulham,Sunderland,4,1,7,9,2,8,0.75,0.0,4,1,H,2,1
02/01/2006,Everton,Charlton,2,2,3,13,6,9,0.3,0.6,3,6,H,3,1
02/01/2006,Blackburn,Portsmouth,4,1,9,6,4,8,0.75,0.25,9,7,H,2,1
02/01/2006,Birmingham,Wigan,1,2,4,10,9,10,0.0,0.0,4,9,H,2,0
02/01/2006,Bolton,Liverpool,4,4,8,5,11,1,0.25,0.5,8,15,D,2,2
03/01/2006,Arsenal,Man Utd,4,3,5,3,15,3,0.3,0.4,7,13,D,0,0
04/01/2006,Man City,Tottenham,2,1,7,8,10,6,0.12,0.5,4,10,A,0,2
14/01/2006,Aston Villa,West Ham,2,2,9,6,4,12,0.29,0.14,8,1,A,1,2
14/01/2006,Charlton,Birmingham,2,1,5,7,5,10,0.43,0.14,6,4,H,2,0
14/01/2006,Blackburn,Bolton,4,2,11,5,8,7,0.11,0.22,12,6,D,0,0
14/01/2006,Arsenal,Middlesbrough,3,0,5,2,5,9,0.82,0.18,8,3,H,7,0
14/01/2006,Man City,Man Utd,1,3,7,8,11,3,0.22,0.33,4,11,H,3,1
14/01/2006,Portsmouth,Everton,2,2,4,7,5,12,0.2,0.8,7,6,A,0,1
14/01/2006,Liverpool,Tottenham,5,2,10,3,9,5,0.36,0.27,13,10,H,1,0
14/01/2006,Fulham,Newcastle,4,1,9,9,7,8,0.33,0.44,7,7,H,1,0
15/01/2006,Sunderland,Chelsea,0,4,3,8,11,3,0.29,0.57,1,15,A,1,2
15/01/2006,Wigan,West Brom,2,0,9,8,3,7,1.0,0.0,9,3,A,0,1
21/01/2006,West Brom,Sunderland,3,0,4,6,2,7,0.33,0.0,6,1,A,0,1
21/01/2006,Tottenham,Aston Villa,4,2,6,3,10,6,0.36,0.27,9,8,D,0,0
21/01/2006,Newcastle,Blackburn,3,2,6,9,8,3,0.44,0.22,4,10,A,0,1
21/01/2006,Everton,Arsenal,2,2,6,8,12,0,0.18,0.73,9,11,H,1,0
21/01/2006,Bolton,Man City,3,1,7,6,6,8,0.43,0.57,6,4,H,2,0
21/01/2006,Birmingham,Portsmouth,2,0,4,8,3,8,0.2,0.2,4,4,H,5,0
21/01/2006,Middlesbrough,Wigan,1,1,5,14,6,9,0.0,0.0,3,6,A,2,3
22/01/2006,Chelsea,Charlton,5,1,11,4,5,7,0.55,0.45,15,6,D,1,1
22/01/2006,Man Utd,Liverpool,4,4,10,6,9,3,0.45,0.45,8,13,H,1,0
23/01/2006,West Ham,Fulham,1,0,4,9,8,8,0.6,0.2,4,7,H,2,1
31/01/2006,Fulham,Tottenham,4,2,7,7,4,3,0.44,0.44,7,7,H,1,0
31/01/2006,Charlton,West Brom,3,1,6,5,4,4,0.8,0.2,7,6,D,0,0
31/01/2006,Wigan,Everton,2,3,5,8,7,4,1.0,0.0,6,12,D,1,1
31/01/2006,Sunderland,Middlesbrough,0,0,3,5,4,14,0.29,0.57,4,2,A,0,3
01/02/2006,Arsenal,West Ham,3,2,11,1,5,9,0.57,0.0,8,6,A,2,3
01/02/2006,Aston Villa,Chelsea,2,5,6,6,9,3,0.27,0.45,6,13,D,1,1
01/02/2006,Blackburn,Man Utd,3,2,8,1,8,6,0.33,0.33,13,8,H,4,3
01/02/2006,Liverpool,Birmingham,5,1,7,4,9,6,0.29,0.43,10,7,D,1,1
01/02/2006,Man City,Newcastle,2,1,3,6,2,8,0.33,0.56,4,1,H,3,0
01/02/2006,Portsmouth,Bolton,2,1,2,12,5,6,0.4,0.4,3,6,D,1,1
04/02/2006,Birmingham,Arsenal,3,1,8,5,9,4,0.14,0.71,7,5,A,0,2
04/02/2006,West Ham,Sunderland,1,1,8,9,3,8,0.43,0.29,9,3,H,2,0
04/02/2006,West Brom,Blackburn,2,3,2,4,10,4,0.0,0.4,4,13,H,2,0
04/02/2006,Newcastle,Portsmouth,2,0,2,9,3,9,0.2,0.0,1,4,H,2,0
04/02/2006,Middlesbrough,Aston Villa,0,1,7,12,4,4,0.36,0.36,5,6,A,0,4
04/02/2006,Everton,Man City,2,1,7,2,6,5,0.33,0.44,13,7,H,1,0
04/02/2006,Bolton,Wigan,3,2,6,7,4,9,0.0,1.0,6,4,D,1,1
04/02/2006,Man Utd,Fulham,4,0,9,8,5,4,0.56,0.11,7,9,H,4,2
05/02/2006,Tottenham,Charlton,4,0,4,2,6,4,0.27,0.55,7,8,H,3,1
05/02/2006,Chelsea,Liverpool,4,3,9,4,5,4,0.64,0.27,11,8,H,2,0
08/02/2006,Charlton,Liverpool,3,2,5,7,4,6,0.3,0.7,5,5,H,2,0
11/02/2006,Portsmouth,Man Utd,2,1,2,11,9,9,0.4,0.6,1,7,A,1,3
11/02/2006,Wigan,Liverpool,2,1,5,7,2,6,0.0,1.0,5,4,A,0,1
11/02/2006,Middlesbrough,Chelsea,0,4,7,16,9,4,0.09,0.64,4,11,H,3,0
11/02/2006,Arsenal,Bolton,2,1,11,4,6,4,0.33,0.22,7,7,D,1,1
11/02/2006,Everton,Blackburn,3,3,7,2,7,6,0.33,0.56,13,10,H,1,0
11/02/2006,Aston Villa,Newcastle,1,1,8,4,4,7,0.18,0.27,8,4,A,1,2
11/02/2006,Fulham,West Brom,4,1,7,7,4,3,0.4,0.2,9,7,H,6,1
12/02/2006,Sunderland,Tottenham,0,1,3,9,5,3,0.14,0.86,3,7,D,1,1
12/02/2006,Man City,Charlton,3,0,6,6,6,4,0.33,0.33,6,8,H,3,2
13/02/2006,West Ham,Birmingham,2,0,10,7,8,5,0.33,0.33,12,7,H,3,0
14/02/2006,Liverpool,Arsenal,4,2,2,6,12,5,0.2,0.5,4,7,H,1,0
15/02/2006,Blackburn,Sunderland,3,1,5,6,3,8,0.0,0.5,7,4,H,2,0
19/02/2006,Tottenham,Wigan,4,2,4,4,5,6,1.0,0.0,5,5,D,2,2
22/02/2006,Newcastle,Charlton,2,0,4,6,6,7,0.4,0.2,6,5,D,0,0
25/02/2006,Chelsea,Portsmouth,4,0,6,6,2,12,1.0,0.0,8,1,H,2,0
25/02/2006,Charlton,Aston Villa,3,2,5,6,7,5,0.18,0.64,5,5,D,0,0
25/02/2006,Blackburn,Arsenal,4,2,7,6,5,6,0.22,0.67,9,4,H,1,0
25/02/2006,Newcastle,Everton,2,2,4,5,5,1,0.36,0.36,7,13,H,2,0
25/02/2006,Birmingham,Sunderland,3,1,6,8,2,8,1.0,0.0,4,4,H,1,0
26/02/2006,West Brom,Middlesbrough,3,1,4,7,8,14,0.2,0.6,7,6,A,0,2
26/02/2006,Liverpool,Man City,4,0,3,5,9,6,0.56,0.22,7,9,H,1,0
26/02/2006,Bolton,Fulham,2,0,5,3,11,7,0.11,0.67,7,9,H,2,1
04/03/2006,Aston Villa,Portsmouth,1,0,6,3,2,13,0.6,0.2,6,1,H,1,0
04/03/2006,Fulham,Arsenal,4,1,11,9,5,6,0.0,0.89,6,4,A,0,4
04/03/2006,Liverpool,Charlton,4,0,3,4,5,6,0.64,0.36,9,5,D,0,0
04/03/2006,Middlesbrough,Birmingham,1,0,10,7,7,6,0.57,0.43,9,7,H,1,0
04/03/2006,Newcastle,Bolton,2,0,6,4,7,4,0.44,0.44,10,9,H,3,1
04/03/2006,West Brom,Chelsea,2,3,3,9,6,5,0.0,1.0,4,8,A,1,2
04/03/2006,West Ham,Everton,3,2,12,4,4,3,0.29,0.43,15,10,D,2,2
05/03/2006,Tottenham,Blackburn,3,3,6,5,7,6,0.44,0.33,6,9,H,3,2
05/03/2006,Man City,Sunderland,3,1,6,6,1,9,0.8,0.2,6,1,H,2,1
06/03/2006,Wigan,Man Utd,1,1,7,7,12,10,0.0,1.0,6,9,A,1,2
11/03/2006,Blackburn,Aston Villa,4,2,5,6,7,3,0.22,0.56,6,8,H,2,0
11/03/2006,Bolton,West Ham,2,3,6,7,12,5,0.6,0.2,6,13,H,4,1
11/03/2006,Portsmouth,Man City,1,0,2,9,8,5,0.2,0.6,1,9,H,2,1
11/03/2006,Birmingham,West Brom,3,1,2,7,4,10,0.6,0.2,4,4,D,1,1
11/03/2006,Everton,Fulham,4,0,5,5,10,11,0.44,0.56,8,6,H,3,1
11/03/2006,Sunderland,Wigan,0,2,2,8,5,7,0.0,1.0,1,3,A,0,1
11/03/2006,Chelsea,Tottenham,4,1,7,5,9,7,0.73,0.0,10,8,H,2,1
12/03/2006,Arsenal,Liverpool,2,1,7,3,3,2,0.45,0.27,7,10,H,2,1
12/03/2006,Charlton,Middlesbrough,3,2,4,3,9,4,0.36,0.09,6,12,H,2,1
12/03/2006,Man Utd,Newcastle,5,1,13,8,9,2,0.73,0.09,12,13,H,2,0
15/03/2006,Liverpool,Fulham,3,0,4,2,10,14,0.56,0.22,10,3,H,5,1
18/03/2006,West Ham,Portsmouth,3,0,11,8,3,9,0.0,0.0,10,3,A,2,4
18/03/2006,West Brom,Man Utd,1,2,5,11,14,8,0.0,0.8,4,12,A,1,2
18/03/2006,Man City,Wigan,4,2,6,7,5,6,0.0,1.0,6,5,A,0,1
18/03/2006,Everton,Aston Villa,5,2,7,5,6,4,0.36,0.36,10,7,H,4,1
18/03/2006,Blackburn,Middlesbrough,4,2,7,4,7,6,0.44,0.44,9,9,H,3,2
18/03/2006,Birmingham,Tottenham,3,1,2,7,10,8,0.14,0.57,4,8,A,0,2
18/03/2006,Arsenal,Charlton,2,0,7,4,4,4,0.73,0.18,7,6,H,3,0
18/03/2006,Bolton,Sunderland,3,1,9,7,2,7,0.2,0.4,8,1,H,2,0
19/03/2006,Newcastle,Liverpool,3,1,7,4,8,3,0.27,0.45,10,10,A,1,3
19/03/2006,Fulham,Chelsea,4,3,9,15,8,5,0.0,0.67,3,12,H,1,0
25/03/2006,Wigan,West Ham,0,2,5,5,10,10,1.0,0.0,7,7,A,1,2
25/03/2006,Liverpool,Everton,3,2,10,4,10,6,0.64,0.09,10,10,H,3,1
25/03/2006,Sunderland,Blackburn,0,2,1,8,10,5,0.4,0.2,0,12,A,0,1
25/03/2006,Aston Villa,Fulham,1,0,3,8,4,14,0.56,0.11,4,3,D,0,0
25/03/2006,Chelsea,Man City,4,0,6,6,6,7,0.78,0.11,9,6,H,2,0
26/03/2006,Middlesbrough,Bolton,2,0,9,5,10,6,0.25,0.38,9,10,H,4,3
26/03/2006,Charlton,Newcastle,3,1,2,4,6,6,0.18,0.36,6,7,H,3,1
26/03/2006,Man Utd,Birmingham,5,0,13,5,2,7,0.71,0.0,15,4,H,3,0
27/03/2006,Tottenham,West Brom,3,1,9,7,4,13,0.4,0.2,8,1,H,2,1
29/03/2006,Man Utd,West Ham,5,3,12,3,10,11,0.57,0.14,15,7,H,1,0
01/04/2006,Fulham,Portsmouth,4,1,3,12,7,9,0.4,0.4,4,6,A,1,3
01/04/2006,Everton,Sunderland,5,0,10,9,1,7,0.57,0.29,7,0,D,2,2
01/04/2006,Newcastle,Tottenham,3,1,7,9,10,7,0.45,0.55,6,10,H,3,1
01/04/2006,Arsenal,Aston Villa,3,1,9,3,2,6,0.73,0.0,9,5,H,5,0
01/04/2006,Bolton,Man Utd,4,3,12,9,10,2,0.22,0.56,9,15,A,1,2
01/04/2006,Birmingham,Chelsea,2,2,2,7,8,3,0.0,0.57,4,12,D,0,0
01/04/2006,West Brom,Liverpool,1,2,4,9,12,5,0.0,1.0,1,10,A,0,2
02/04/2006,Man City,Middlesbrough,4,2,3,7,10,8,0.0,0.44,3,9,A,0,1
02/04/2006,West Ham,Charlton,3,0,7,12,5,5,0.29,0.43,4,8,D,0,0
03/04/2006,Blackburn,Wigan,5,3,9,5,6,6,1.0,0.0,12,7,D,1,1
04/04/2006,Birmingham,Bolton,1,0,1,7,11,10,0.5,0.33,2,6,H,1,0
08/04/2006,Wigan,Birmingham,0,0,5,5,2,6,0.0,1.0,7,5,D,1,1
08/04/2006,Tottenham,Man City,3,0,9,8,3,7,0.56,0.11,9,3,H,2,1
08/04/2006,Charlton,Everton,3,1,5,5,12,9,0.55,0.36,8,8,D,0,0
08/04/2006,Portsmouth,Blackburn,2,2,9,7,9,6,0.2,0.8,9,10,D,2,2
09/04/2006,Middlesbrough,Newcastle,3,1,9,8,8,10,0.18,0.55,9,6,A,1,2
09/04/2006,Man Utd,Arsenal,5,2,10,2,14,2,0.36,0.27,15,12,H,2,0
09/04/2006,Chelsea,West Ham,4,3,6,3,5,10,0.57,0.43,10,4,H,4,1
09/04/2006,Aston Villa,West Brom,1,1,2,11,4,9,0.4,0.0,4,1,D,0,0
09/04/2006,Liverpool,Bolton,4,0,14,5,10,8,0.44,0.22,12,6,H,1,0
12/04/2006,Portsmouth,Arsenal,1,2,11,7,14,3,0.0,0.6,10,12,D,1,1
14/04/2006,Man Utd,Sunderland,5,0,10,2,3,8,0.86,0.0,15,1,D,0,0
15/04/2006,Bolton,Chelsea,3,1,6,8,8,3,0.11,0.56,3,10,A,0,2
15/04/2006,Everton,Tottenham,4,1,10,7,8,7,0.09,0.55,8,9,A,0,1
15/04/2006,Arsenal,West Brom,3,0,11,4,3,7,0.6,0.2,10,2,H,3,1
15/04/2006,West Ham,Man City,2,0,5,10,2,8,0.4,0.4,4,0,H,1,0
15/04/2006,Portsmouth,Middlesbrough,1,3,12,7,9,10,0.4,0.0,11,6,H,1,0
15/04/2006,Newcastle,Wigan,3,2,7,10,5,4,0.0,1.0,6,8,H,3,1
15/04/2006,Fulham,Charlton,3,0,4,11,5,5,0.33,0.22,4,8,H,2,1
16/04/2006,Blackburn,Liverpool,4,3,9,5,14,3,0.0,0.44,11,15,A,0,1
16/04/2006,Aston Villa,Birmingham,1,0,1,11,2,6,0.14,0.57,2,5,H,3,1
17/04/2006,Charlton,Portsmouth,3,2,4,6,11,6,0.6,0.2,5,11,H,2,1
17/04/2006,Chelsea,Everton,5,0,8,2,7,7,0.64,0.09,10,5,H,3,0
17/04/2006,Middlesbrough,West Ham,3,2,8,9,4,6,0.29,0.57,6,7,H,2,0
17/04/2006,Sunderland,Newcastle,0,2,2,6,10,9,0.14,0.57,2,9,A,1,4
17/04/2006,Tottenham,Man Utd,4,4,8,5,8,1,0.09,0.73,12,13,A,1,2
17/04/2006,West Brom,Bolton,1,0,3,9,4,10,0.2,0.2,1,0,D,0,0
18/04/2006,Wigan,Aston Villa,0,1,5,7,4,10,1.0,0.0,5,5,H,3,2
19/04/2006,Birmingham,Blackburn,2,1,3,7,7,6,0.14,0.43,5,8,H,2,1
22/04/2006,Bolton,Charlton,3,0,1,6,6,4,0.56,0.11,1,8,H,4,1
22/04/2006,Arsenal,Tottenham,4,2,12,4,7,7,0.55,0.0,10,9,D,1,1
22/04/2006,Portsmouth,Sunderland,2,0,8,6,3,9,1.0,0.0,8,2,H,2,1
22/04/2006,Newcastle,West Brom,4,0,13,7,2,7,0.6,0.0,12,2,H,3,0
22/04/2006,Everton,Birmingham,3,0,3,9,5,5,0.43,0.14,2,8,D,0,0
24/04/2006,Fulham,Wigan,3,2,5,9,7,9,0.0,1.0,7,5,H,1,0
25/04/2006,Aston Villa,Man City,2,0,5,9,1,7,0.22,0.56,5,0,A,0,1
26/04/2006,West Ham,Liverpool,2,4,2,7,10,2,0.0,0.71,4,15,A,1,2
29/04/2006,Middlesbrough,Everton,4,0,8,6,2,6,0.18,0.45,9,3,A,0,1
29/04/2006,Wigan,Portsmouth,1,2,6,8,7,6,1.0,0.0,5,8,A,1,2
29/04/2006,Man City,Fulham,3,0,2,6,5,4,0.29,0.14,3,10,A,1,2
29/04/2006,Charlton,Blackburn,3,1,4,7,5,6,0.44,0.56,5,5,A,0,2
29/04/2006,Chelsea,Man Utd,5,5,11,1,7,2,0.36,0.27,13,13,H,3,0
29/04/2006,Birmingham,Newcastle,2,3,5,5,15,4,0.14,0.57,8,15,D,0,0
29/04/2006,Liverpool,Aston Villa,4,0,9,2,5,10,0.64,0.09,15,4,H,3,1
30/04/2006,Tottenham,Bolton,3,0,6,7,4,5,0.22,0.67,7,4,H,1,0
01/05/2006,West Brom,West Ham,0,1,1,8,3,8,0.33,0.67,2,4,A,0,1
01/05/2006,Man Utd,Middlesbrough,4,2,6,5,4,4,0.55,0.36,10,6,D,0,0
01/05/2006,Sunderland,Arsenal,0,1,4,9,10,5,0.14,0.57,2,8,A,0,3
02/05/2006,Blackburn,Chelsea,3,2,6,6,12,1,0.11,0.56,5,13,H,1,0
03/05/2006,Bolton,Middlesbrough,3,1,4,5,3,4,0.33,0.33,4,4,D,1,1
04/05/2006,Man City,Arsenal,2,2,3,6,8,5,0.0,0.89,3,8,A,1,3
04/05/2006,Sunderland,Fulham,0,1,4,11,6,5,0.0,0.8,2,10,H,2,1
07/05/2006,Blackburn,Man City,3,1,6,5,4,8,0.14,0.14,7,3,H,2,0
07/05/2006,Everton,West Brom,2,0,1,4,1,7,0.6,0.4,5,2,D,2,2
07/05/2006,Arsenal,Wigan,4,2,11,4,6,9,1.0,0.0,11,4,H,4,2
07/05/2006,Aston Villa,Sunderland,2,0,6,8,4,10,0.29,0.14,4,4,H,2,1
07/05/2006,Bolton,Birmingham,2,0,5,5,4,5,0.29,0.57,5,6,H,1,0
07/05/2006,Man Utd,Charlton,3,0,4,4,4,9,0.82,0.0,8,4,H,4,0
07/05/2006,Newcastle,Chelsea,4,2,12,3,12,2,0.18,0.55,13,12,H,1,0
07/05/2006,Portsmouth,Liverpool,3,4,7,5,9,2,0.2,0.6,10,15,A,1,3
07/05/2006,West Ham,Tottenham,1,2,4,8,6,4,0.14,0.43,6,10,H,2,1
07/05/2006,Fulham,Middlesbrough,3,1,7,7,3,3,0.33,0.44,9,5,H,1,0
19/08/2006,West Ham,Charlton,2,0,5,5,4,13,0.25,0.38,9,3,H,3,1
19/08/2006,Reading,Middlesbrough,0,1,0,0,3,3,0.0,0.0,0,5,H,3,2
19/08/2006,Arsenal,Aston Villa,4,0,14,5,8,9,0.75,0.0,13,6,D,1,1
19/08/2006,Bolton,Tottenham,2,2,6,3,5,5,0.6,0.3,8,7,H,2,0
19/08/2006,Everton,Watford,1,0,3,6,0,0,0.0,0.0,5,0,H,2,1
19/08/2006,Newcastle,Wigan,4,1,11,2,7,12,0.5,0.5,13,3,H,2,1
19/08/2006,Portsmouth,Blackburn,2,2,7,7,6,3,0.17,0.67,9,9,H,3,0
19/08/2006,Sheffield United,Liverpool,0,5,0,0,10,3,0.0,0.0,0,15,D,1,1
20/08/2006,Man Utd,Fulham,3,1,6,4,7,4,0.6,0.1,8,12,H,5,1
20/08/2006,Chelsea,Man City,5,1,8,2,3,8,0.8,0.1,9,3,H,3,0
22/08/2006,Watford,West Ham,0,2,1,2,7,6,0.0,0.0,0,9,D,1,1
22/08/2006,Tottenham,Sheffield United,4,0,4,7,1,1,0.0,0.0,4,1,H,2,0
23/08/2006,Middlesbrough,Chelsea,3,1,3,6,9,2,0.17,0.58,2,9,H,2,1
23/08/2006,Man City,Portsmouth,1,3,3,10,9,7,0.5,0.33,3,9,D,0,0
23/08/2006,Fulham,Bolton,4,0,6,8,8,3,0.6,0.2,9,10,D,1,1
23/08/2006,Aston Villa,Reading,2,0,6,9,3,2,0.0,0.0,4,3,H,2,1
23/08/2006,Blackburn,Everton,3,1,6,5,5,6,0.5,0.4,9,8,D,1,1
23/08/2006,Charlton,Man Utd,3,4,4,14,11,5,0.0,0.83,3,10,A,0,3
26/08/2006,Wigan,Reading,1,0,7,11,4,4,0.0,0.0,3,3,H,1,0
26/08/2006,Watford,Man Utd,0,4,2,3,12,4,0.0,0.0,1,10,A,1,2
26/08/2006,Tottenham,Everton,4,1,5,5,6,4,0.58,0.08,7,9,A,0,2
26/08/2006,Charlton,Bolton,2,0,2,16,5,3,0.1,0.6,0,8,H,2,0
26/08/2006,Liverpool,West Ham,4,1,10,4,8,5,0.75,0.0,13,10,H,2,1
26/08/2006,Fulham,Sheffield United,3,0,6,9,1,3,0.0,0.0,7,1,H,1,0
26/08/2006,Man City,Arsenal,0,3,2,10,12,5,0.0,0.9,1,11,H,1,0
27/08/2006,Aston Villa,Newcastle,3,2,6,7,10,2,0.17,0.33,7,13,H,2,0
27/08/2006,Blackburn,Chelsea,2,1,6,4,7,4,0.2,0.5,10,6,A,0,2
28/08/2006,Middlesbrough,Portsmouth,3,3,5,6,8,5,0.0,0.5,5,10,A,0,4
09/09/2006,Portsmouth,Wigan,3,0,10,4,5,9,0.5,0.5,10,3,H,1,0
09/09/2006,Newcastle,Fulham,5,1,6,3,5,8,0.4,0.4,10,7,A,1,2
09/09/2006,Sheffield United,Blackburn,0,2,1,4,4,6,0.0,0.0,1,7,D,0,0
09/09/2006,Man Utd,Tottenham,3,1,14,2,4,6,0.75,0.08,13,6,H,1,0
09/09/2006,Chelsea,Charlton,5,0,6,4,3,12,0.5,0.42,6,3,H,2,1
09/09/2006,Everton,Liverpool,1,4,8,4,11,5,0.08,0.67,11,13,H,3,0
09/09/2006,Bolton,Watford,3,0,5,4,3,5,0.0,0.0,8,1,H,1,0
09/09/2006,Arsenal,Middlesbrough,3,0,11,5,5,10,0.83,0.17,10,4,D,1,1
10/09/2006,West Ham,Aston Villa,3,0,8,5,8,6,0.25,0.25,10,10,D,1,1
11/09/2006,Reading,Man City,1,1,4,5,2,8,0.0,0.0,3,4,H,1,0
16/09/2006,Bolton,Middlesbrough,4,0,5,3,5,10,0.3,0.3,10,4,D,0,0
16/09/2006,Charlton,Portsmouth,2,3,4,12,9,3,0.67,0.17,3,10,A,0,1
16/09/2006,Everton,Wigan,2,0,10,4,5,9,0.0,0.5,11,3,D,2,2
16/09/2006,Sheffield United,Reading,0,0,1,4,5,5,0.0,0.0,2,6,A,1,2
16/09/2006,Watford,Aston Villa,0,0,3,6,8,4,0.0,0.0,1,11,D,0,0
17/09/2006,Tottenham,Fulham,3,2,3,7,6,7,0.4,0.5,3,10,D,0,0
17/09/2006,Man Utd,Arsenal,3,2,15,2,9,6,0.42,0.25,15,8,A,0,1
17/09/2006,West Ham,Newcastle,3,2,8,6,4,5,0.25,0.5,8,7,A,0,2
17/09/2006,Blackburn,Man City,2,1,3,6,1,6,0.25,0.12,5,4,H,4,2
17/09/2006,Chelsea,Liverpool,5,3,8,4,9,7,0.67,0.25,9,10,H,1,0
20/09/2006,Liverpool,Newcastle,5,3,6,7,6,5,0.5,0.25,7,9,H,2,0
23/09/2006,Middlesbrough,Blackburn,2,1,5,9,5,8,0.4,0.5,5,5,A,0,1
23/09/2006,Wigan,Watford,2,0,6,9,3,6,0.0,0.0,4,2,D,1,1
23/09/2006,Man City,West Ham,1,1,3,8,6,7,0.33,0.5,4,5,H,2,0
23/09/2006,Reading,Man Utd,2,4,7,6,11,3,0.0,0.0,9,12,D,1,1
23/09/2006,Fulham,Chelsea,4,2,5,7,9,3,0.1,0.6,8,12,A,0,2
23/09/2006,Aston Villa,Charlton,4,0,6,3,4,9,0.58,0.17,9,3,H,2,0
23/09/2006,Liverpool,Tottenham,5,1,5,6,2,5,0.42,0.25,7,4,H,3,0
23/09/2006,Arsenal,Sheffield United,2,0,7,5,2,6,0.0,0.0,8,2,H,3,0
24/09/2006,Newcastle,Everton,4,2,5,7,10,4,0.42,0.33,6,11,D,1,1
25/09/2006,Portsmouth,Bolton,4,0,9,0,4,3,0.33,0.33,13,8,A,0,1
30/09/2006,Sheffield United,Middlesbrough,0,0,1,8,3,7,0.0,0.0,1,5,H,2,1
30/09/2006,Chelsea,Aston Villa,5,0,8,3,7,2,0.42,0.25,12,11,D,1,1
30/09/2006,Everton,Man City,2,1,9,4,5,5,0.4,0.4,9,7,D,1,1
30/09/2006,Bolton,Liverpool,3,2,3,3,7,5,0.2,0.5,8,9,H,2,0
30/09/2006,Charlton,Arsenal,2,3,3,8,6,3,0.17,0.75,3,8,A,1,2
01/10/2006,Tottenham,Portsmouth,2,3,2,6,6,1,0.67,0.33,4,10,H,2,1
01/10/2006,West Ham,Reading,2,1,3,8,5,5,0.0,0.0,2,7,A,0,1
01/10/2006,Blackburn,Wigan,3,0,6,5,5,6,0.5,0.0,8,5,H,2,1
01/10/2006,Man Utd,Newcastle,3,2,7,3,4,7,0.75,0.08,10,4,H,2,0
02/10/2006,Watford,Fulham,0,2,3,5,4,4,0.0,0.0,3,8,D,3,3
14/10/2006,Portsmouth,West Ham,3,1,7,3,2,8,0.5,0.0,9,1,H,2,0
14/10/2006,Wigan,Man Utd,2,3,5,6,6,3,0.0,1.0,5,10,A,1,3
14/10/2006,Reading,Chelsea,2,2,5,3,8,2,0.0,0.0,10,13,A,0,1
14/10/2006,Middlesbrough,Everton,2,2,2,8,9,4,0.17,0.5,2,9,H,2,1
14/10/2006,Arsenal,Watford,2,0,7,3,5,7,0.0,0.0,10,3,H,3,0
14/10/2006,Liverpool,Blackburn,5,2,5,6,7,5,0.5,0.0,6,10,D,1,1
14/10/2006,Aston Villa,Tottenham,4,0,6,2,2,7,0.25,0.33,9,4,D,1,1
14/10/2006,Man City,Sheffield United,2,0,6,6,3,7,0.0,0.0,7,4,D,0,0
15/10/2006,Newcastle,Bolton,3,1,4,7,4,2,0.5,0.4,4,10,A,1,2
16/10/2006,Fulham,Charlton,3,0,6,6,4,7,0.4,0.2,8,3,H,2,1
21/10/2006,Everton,Sheffield United,2,0,8,6,3,6,0.0,0.0,6,5,H,2,0
21/10/2006,Chelsea,Portsmouth,4,3,7,2,5,3,1.0,0.0,13,9,H,2,1
21/10/2006,Wigan,Man City,2,0,5,9,5,6,1.0,0.0,2,5,H,4,0
21/10/2006,Aston Villa,Fulham,4,1,5,3,7,7,0.5,0.1,7,8,D,1,1
21/10/2006,Charlton,Watford,1,0,3,9,4,8,0.0,0.0,0,3,D,0,0
22/10/2006,Tottenham,West Ham,3,1,3,6,1,8,0.38,0.25,5,1,H,1,0
22/10/2006,Middlesbrough,Newcastle,2,1,4,5,4,7,0.17,0.58,5,4,H,1,0
22/10/2006,Reading,Arsenal,2,4,5,3,10,2,0.0,0.0,10,13,A,0,4
22/10/2006,Blackburn,Bolton,3,2,8,4,6,1,0.1,0.2,11,13,A,0,1
22/10/2006,Man Utd,Liverpool,4,1,7,3,6,4,0.5,0.42,10,7,H,2,0
28/10/2006,Watford,Tottenham,0,0,4,7,4,5,0.0,0.0,4,8,D,0,0
28/10/2006,Sheffield United,Chelsea,1,3,3,8,7,2,0.0,0.0,4,13,A,0,2
28/10/2006,Portsmouth,Reading,3,2,5,5,4,7,0.0,0.0,6,7,H,3,1
28/10/2006,Newcastle,Charlton,2,0,2,8,2,7,0.33,0.25,1,1,D,0,0
28/10/2006,Fulham,Wigan,3,0,6,7,9,8,0.5,0.5,6,5,A,0,1
28/10/2006,Bolton,Man Utd,4,3,6,1,8,3,0.2,0.6,13,10,A,0,4
28/10/2006,Arsenal,Everton,3,2,13,1,7,6,0.67,0.25,15,6,D,1,1
28/10/2006,Liverpool,Aston Villa,4,0,6,5,5,3,0.67,0.08,7,7,H,3,1
29/10/2006,West Ham,Blackburn,2,2,0,8,8,5,0.5,0.33,0,10,H,2,1
30/10/2006,Man City,Middlesbrough,2,0,5,9,4,4,0.0,0.5,5,7,H,1,0
04/11/2006,Bolton,Wigan,3,1,6,5,8,6,0.0,0.5,12,7,A,0,1
04/11/2006,Fulham,Everton,2,1,6,8,6,5,0.5,0.5,5,6,H,1,0
04/11/2006,Newcastle,Sheffield United,1,0,2,6,2,8,0.0,0.0,2,4,A,0,1
04/11/2006,Charlton,Man City,1,0,2,6,4,5,0.3,0.4,2,8,H,1,0
04/11/2006,Watford,Middlesbrough,0,0,4,7,4,5,0.0,0.0,4,6,H,2,0
04/11/2006,Man Utd,Portsmouth,4,2,12,2,7,6,0.67,0.33,13,6,H,3,0
04/11/2006,Liverpool,Reading,4,2,7,6,3,9,0.0,0.0,7,4,H,2,0
05/11/2006,Aston Villa,Blackburn,3,1,6,6,5,5,0.5,0.3,6,7,H,2,0
05/11/2006,Tottenham,Chelsea,3,4,4,5,8,2,0.0,0.75,8,13,H,2,1
05/11/2006,West Ham,Arsenal,2,4,2,7,13,2,0.12,0.5,3,13,H,1,0
11/11/2006,Portsmouth,Fulham,4,1,7,8,7,6,0.5,0.33,6,8,D,1,1
11/11/2006,Wigan,Charlton,2,0,8,5,3,4,0.5,0.5,9,5,H,3,2
11/11/2006,Sheffield United,Bolton,1,3,3,5,5,6,0.0,0.0,7,9,D,2,2
11/11/2006,Middlesbrough,West Ham,3,0,4,6,3,5,0.38,0.5,6,6,H,1,0
11/11/2006,Man City,Newcastle,3,1,2,6,1,6,0.4,0.5,5,1,D,0,0
11/11/2006,Chelsea,Watford,4,0,7,4,5,6,0.0,0.0,10,6,H,4,0
11/11/2006,Blackburn,Man Utd,2,4,4,7,14,1,0.4,0.3,4,15,A,0,1
11/11/2006,Everton,Aston Villa,3,0,5,5,6,6,0.42,0.33,5,6,A,0,1
12/11/2006,Reading,Tottenham,2,0,2,10,6,3,0.0,0.0,3,11,H,3,1
12/11/2006,Arsenal,Liverpool,2,0,10,3,6,6,0.5,0.25,10,7,H,3,0
18/11/2006,Arsenal,Newcastle,3,1,11,2,1,4,0.58,0.17,10,2,D,1,1
18/11/2006,Chelsea,West Ham,4,0,10,3,3,5,0.62,0.38,12,6,H,1,0
18/11/2006,Man City,Fulham,3,1,1,5,5,4,0.25,0.25,5,8,H,3,1
18/11/2006,Everton,Bolton,2,3,4,5,5,8,0.4,0.4,4,7,H,1,0
18/11/2006,Middlesbrough,Liverpool,3,0,4,4,6,7,0.25,0.33,9,7,D,0,0
18/11/2006,Portsmouth,Watford,3,0,7,7,2,7,0.0,0.0,7,5,H,2,1
18/11/2006,Reading,Charlton,2,0,4,11,4,5,0.0,0.0,3,5,H,2,0
18/11/2006,Sheffield United,Man Utd,1,4,3,6,13,1,0.0,0.0,5,15,A,1,2
19/11/2006,Blackburn,Tottenham,2,0,2,7,5,5,0.3,0.5,1,8,D,1,1
19/11/2006,Wigan,Aston Villa,3,1,10,5,6,5,1.0,0.0,12,8,D,0,0
25/11/2006,Charlton,Everton,2,1,3,5,4,3,0.5,0.33,5,7,D,1,1
25/11/2006,Aston Villa,Middlesbrough,3,0,5,4,2,3,0.42,0.33,8,7,D,1,1
25/11/2006,Bolton,Arsenal,2,3,3,8,9,3,0.2,0.3,4,8,H,3,1
25/11/2006,Liverpool,Man City,4,0,5,6,4,6,0.6,0.2,7,7,H,1,0
25/11/2006,West Ham,Sheffield United,2,1,3,4,4,8,0.0,0.0,6,4,H,1,0
25/11/2006,Fulham,Reading,3,2,4,6,6,10,0.0,0.0,5,6,A,0,1
26/11/2006,Man Utd,Chelsea,4,4,12,1,10,3,0.25,0.42,15,12,D,1,1
26/11/2006,Newcastle,Portsmouth,0,2,1,3,7,8,0.33,0.0,3,7,H,1,0
26/11/2006,Tottenham,Wigan,3,2,5,5,9,2,0.5,0.0,8,13,H,3,1
28/11/2006,Watford,Sheffield United,1,1,3,6,4,7,0.0,0.0,5,4,A,0,1
29/11/2006,Fulham,Arsenal,2,3,3,6,6,6,0.0,0.9,4,5,H,2,1
29/11/2006,Aston Villa,Man City,2,0,5,4,4,3,0.2,0.6,8,7,A,1,3
29/11/2006,Bolton,Chelsea,2,3,5,9,9,3,0.1,0.6,4,10,A,0,1
29/11/2006,Man Utd,Everton,3,0,11,2,3,4,0.75,0.08,13,5,H,3,0
29/11/2006,Liverpool,Portsmouth,4,1,6,4,6,7,0.67,0.17,10,7,D,0,0
02/12/2006,Arsenal,Tottenham,3,0,6,7,7,6,0.5,0.0,4,8,H,3,0
02/12/2006,Blackburn,Fulham,2,0,2,7,5,6,0.6,0.4,1,7,H,2,0
02/12/2006,Middlesbrough,Man Utd,3,4,2,4,10,2,0.33,0.5,5,13,A,1,2
02/12/2006,Portsmouth,Aston Villa,3,1,3,6,5,4,0.17,0.67,5,8,D,2,2
02/12/2006,Reading,Bolton,2,3,7,6,5,6,0.0,0.0,9,4,H,1,0
02/12/2006,Sheffield United,Charlton,1,0,5,5,4,6,0.0,0.0,7,5,H,2,1
02/12/2006,Wigan,Liverpool,2,0,6,5,3,3,0.0,1.0,10,8,A,0,4
03/12/2006,Everton,West Ham,2,0,2,6,4,3,0.38,0.25,4,9,H,2,0
04/12/2006,Man City,Watford,3,0,6,4,3,7,0.0,0.0,7,4,D,0,0
05/12/2006,Charlton,Blackburn,1,1,5,8,4,6,0.4,0.6,4,4,H,1,0
05/12/2006,Tottenham,Middlesbrough,4,0,7,9,3,5,0.25,0.33,7,5,H,2,1
06/12/2006,Newcastle,Reading,1,3,2,2,7,3,0.0,0.0,6,12,H,3,2
06/12/2006,West Ham,Wigan,3,2,2,4,5,9,0.5,0.5,6,7,A,0,2
09/12/2006,Blackburn,Newcastle,2,0,3,5,5,4,0.3,0.4,4,8,A,1,3
09/12/2006,Liverpool,Fulham,3,0,5,3,4,8,0.6,0.2,8,4,H,4,0
09/12/2006,Man Utd,Man City,4,1,9,3,6,3,0.3,0.3,13,8,H,3,1
09/12/2006,Bolton,West Ham,2,0,5,6,1,6,0.67,0.17,4,3,H,4,0
09/12/2006,Watford,Reading,1,2,3,7,9,4,0.0,0.0,4,12,D,0,0
09/12/2006,Portsmouth,Everton,3,0,5,5,4,5,0.17,0.83,6,7,H,2,0
09/12/2006,Middlesbrough,Wigan,3,3,4,5,6,9,0.0,0.5,5,7,D,1,1
09/12/2006,Tottenham,Charlton,5,0,7,9,5,8,0.33,0.5,7,4,H,5,1
10/12/2006,Chelsea,Arsenal,4,2,8,3,9,6,0.17,0.33,10,7,D,1,1
11/12/2006,Sheffield United,Aston Villa,2,1,6,6,5,6,0.0,0.0,7,6,D,2,2
13/12/2006,Chelsea,Newcastle,3,1,8,2,8,4,0.5,0.25,11,11,H,1,0
13/12/2006,Wigan,Arsenal,2,1,4,8,7,7,0.0,1.0,5,5,A,0,1
16/12/2006,Wigan,Sheffield United,2,2,4,9,6,6,0.0,0.0,4,7,A,0,1
16/12/2006,Arsenal,Portsmouth,3,0,7,6,6,4,0.5,0.0,7,8,D,2,2
16/12/2006,Aston Villa,Bolton,1,2,6,8,7,4,0.3,0.2,4,6,A,0,1
16/12/2006,Charlton,Liverpool,2,1,4,10,9,0,0.33,0.58,4,11,A,0,3
16/12/2006,Newcastle,Watford,2,0,8,5,1,7,0.0,0.0,10,2,H,2,1
16/12/2006,Reading,Blackburn,3,1,6,3,4,6,0.0,0.0,10,4,A,1,2
17/12/2006,West Ham,Man Utd,3,5,1,9,11,4,0.12,0.62,3,13,H,1,0
17/12/2006,Everton,Chelsea,3,3,4,6,5,2,0.08,0.67,7,11,A,2,3
17/12/2006,Man City,Tottenham,2,0,7,6,11,7,0.1,0.6,7,10,A,1,2
18/12/2006,Fulham,Middlesbrough,3,0,3,11,4,6,0.4,0.4,3,3,H,2,1
23/12/2006,Wigan,Chelsea,1,3,3,7,7,4,0.0,1.0,4,11,A,2,3
23/12/2006,Reading,Everton,3,0,5,5,5,9,0.0,0.0,7,4,A,0,2
23/12/2006,Portsmouth,Sheffield United,3,3,6,5,6,4,0.0,0.0,6,10,H,3,1
23/12/2006,Middlesbrough,Charlton,2,0,5,8,4,11,0.08,0.42,2,4,H,2,0
23/12/2006,Newcastle,Tottenham,3,1,9,5,12,7,0.5,0.5,12,12,H,3,1
23/12/2006,Liverpool,Watford,4,0,12,0,2,5,0.0,0.0,13,2,H,2,0
23/12/2006,Fulham,West Ham,3,0,4,9,2,8,0.17,0.67,6,6,D,0,0
23/12/2006,Aston Villa,Man Utd,1,4,6,9,9,4,0.0,0.83,3,10,A,0,3
23/12/2006,Arsenal,Blackburn,2,1,8,5,6,6,0.6,0.3,8,7,H,6,2
23/12/2006,Man City,Bolton,2,2,5,7,8,3,0.5,0.5,4,9,A,0,2
26/12/2006,Everton,Middlesbrough,3,0,6,8,6,7,0.46,0.23,6,4,D,0,0
26/12/2006,Blackburn,Liverpool,1,2,7,11,13,0,0.0,0.45,6,13,H,1,0
26/12/2006,Chelsea,Reading,4,1,9,5,4,7,1.0,0.0,13,4,D,2,2
26/12/2006,Man Utd,Wigan,4,3,11,3,5,6,1.0,0.0,12,4,H,3,1
26/12/2006,Bolton,Newcastle,2,1,7,2,11,6,0.45,0.45,9,12,H,2,1
26/12/2006,Watford,Arsenal,1,1,1,5,13,5,0.0,1.0,2,11,A,1,2
26/12/2006,Sheffield United,Man City,1,1,7,6,5,8,0.0,0.0,10,4,A,0,1
26/12/2006,Tottenham,Aston Villa,5,1,10,9,5,11,0.31,0.23,9,2,H,2,1
26/12/2006,West Ham,Portsmouth,4,0,1,8,9,5,0.0,0.67,4,9,A,1,2
27/12/2006,Charlton,Fulham,2,0,3,12,4,8,0.18,0.45,3,7,D,2,2
30/12/2006,Blackburn,Middlesbrough,2,0,6,11,5,5,0.55,0.36,6,5,H,2,1
30/12/2006,Bolton,Portsmouth,3,1,9,2,11,6,0.43,0.29,12,11,H,3,2
30/12/2006,Charlton,Aston Villa,2,1,4,12,5,10,0.15,0.62,4,2,H,2,1
30/12/2006,Chelsea,Fulham,3,0,10,7,4,9,0.64,0.09,11,5,D,2,2
30/12/2006,Everton,Newcastle,2,1,6,5,9,6,0.31,0.38,7,9,H,3,0
30/12/2006,Man Utd,Reading,4,1,11,4,5,9,0.0,0.0,12,2,H,3,2
30/12/2006,Sheffield United,Arsenal,1,2,6,7,12,6,0.0,1.0,7,11,H,1,0
30/12/2006,Tottenham,Liverpool,5,2,12,7,13,1,0.23,0.46,12,12,A,0,1
30/12/2006,West Ham,Man City,3,2,2,8,3,7,0.43,0.43,4,4,A,0,1
01/01/2007,Middlesbrough,Sheffield United,2,3,5,5,5,6,0.0,1.0,5,7,H,3,1
01/01/2007,Fulham,Watford,3,0,6,9,2,6,0.0,0.0,6,2,D,0,0
01/01/2007,Man City,Everton,1,1,4,7,7,5,0.36,0.36,6,7,H,2,1
01/01/2007,Liverpool,Bolton,4,2,10,1,12,3,0.45,0.27,12,15,H,3,0
01/01/2007,Portsmouth,Tottenham,3,1,11,7,10,7,0.29,0.71,10,9,D,1,1
01/01/2007,Wigan,Blackburn,0,1,4,9,8,11,0.0,0.67,1,9,A,0,3
01/01/2007,Reading,West Ham,3,0,5,9,2,7,1.0,0.0,2,4,H,6,0
01/01/2007,Newcastle,Man Utd,4,4,6,8,12,5,0.08,0.77,6,12,D,2,2
02/01/2007,Arsenal,Charlton,3,0,11,6,5,13,0.77,0.15,10,4,H,4,0
02/01/2007,Aston Villa,Chelsea,1,3,4,10,11,8,0.23,0.38,1,11,D,0,0
13/01/2007,West Ham,Fulham,2,0,2,9,6,5,0.57,0.14,4,7,D,3,3
13/01/2007,Watford,Liverpool,1,3,2,6,9,1,0.0,1.0,2,12,A,0,3
13/01/2007,Sheffield United,Portsmouth,2,1,4,7,10,8,0.0,1.0,6,8,D,1,1
13/01/2007,Man Utd,Aston Villa,4,0,11,6,2,8,0.85,0.0,10,1,H,3,1
13/01/2007,Charlton,Middlesbrough,2,0,4,12,7,5,0.38,0.15,4,7,A,1,3
13/01/2007,Blackburn,Arsenal,3,2,10,8,14,6,0.27,0.64,12,10,A,0,2
13/01/2007,Chelsea,Wigan,2,2,10,8,3,11,1.0,0.0,9,0,H,4,0
13/01/2007,Bolton,Man City,4,3,8,6,5,5,0.56,0.44,12,9,D,0,0
14/01/2007,Tottenham,Newcastle,4,1,6,7,8,9,0.46,0.54,7,7,A,2,3
14/01/2007,Everton,Reading,3,1,8,5,11,9,1.0,0.0,7,4,D,1,1
20/01/2007,Aston Villa,Watford,0,0,3,10,2,9,0.0,0.0,1,1,H,2,0
20/01/2007,Man City,Blackburn,2,2,4,3,8,9,0.11,0.33,10,9,A,0,3
20/01/2007,Liverpool,Chelsea,4,3,9,1,11,6,0.23,0.69,12,9,H,2,0
20/01/2007,Fulham,Tottenham,2,1,7,7,6,9,0.45,0.36,5,4,D,1,1
20/01/2007,Newcastle,West Ham,4,0,9,10,4,12,0.56,0.22,7,2,D,2,2
20/01/2007,Portsmouth,Charlton,3,0,9,7,5,12,0.29,0.57,8,4,A,0,1
20/01/2007,Reading,Sheffield United,3,2,11,8,4,8,1.0,0.0,5,4,H,3,1
20/01/2007,Middlesbrough,Bolton,2,2,9,4,7,6,0.27,0.27,10,10,H,5,1
21/01/2007,Arsenal,Man Utd,3,3,14,4,14,6,0.31,0.38,12,13,H,2,1
21/01/2007,Wigan,Everton,0,1,3,14,7,3,0.33,0.0,0,8,A,0,2
23/01/2007,Watford,Blackburn,1,3,1,9,9,3,0.0,0.0,1,12,H,2,1
30/01/2007,Sheffield United,Fulham,2,0,4,8,8,8,0.0,1.0,4,5,H,2,0
30/01/2007,Reading,Wigan,3,1,14,7,3,15,0.0,1.0,8,0,H,3,2
30/01/2007,West Ham,Liverpool,1,4,6,14,9,1,0.0,0.78,2,12,A,1,2
30/01/2007,Portsmouth,Middlesbrough,2,1,6,7,12,5,0.57,0.0,5,10,D,0,0
31/01/2007,Man Utd,Watford,5,0,12,8,3,8,1.0,0.0,10,4,H,4,0
31/01/2007,Newcastle,Aston Villa,3,0,8,11,5,7,0.31,0.23,5,4,H,3,1
31/01/2007,Bolton,Charlton,3,1,6,11,6,10,0.55,0.18,7,7,D,1,1
31/01/2007,Chelsea,Blackburn,2,3,8,6,9,5,0.55,0.18,6,9,H,3,0
03/02/2007,Blackburn,Sheffield United,3,2,7,7,6,7,0.0,0.0,6,7,H,2,1
03/02/2007,Liverpool,Everton,4,2,11,1,7,3,0.62,0.15,15,8,D,0,0
03/02/2007,Fulham,Newcastle,2,2,6,8,10,10,0.45,0.36,4,8,H,2,1
03/02/2007,Aston Villa,West Ham,1,0,5,8,6,14,0.22,0.22,4,2,H,1,0
03/02/2007,Middlesbrough,Arsenal,3,3,12,5,10,3,0.15,0.77,10,12,D,1,1
03/02/2007,Wigan,Portsmouth,0,1,3,15,4,6,0.33,0.67,0,3,H,1,0
03/02/2007,Charlton,Chelsea,2,3,5,9,9,4,0.38,0.54,7,8,A,0,1
03/02/2007,Watford,Bolton,1,2,2,10,5,11,0.0,1.0,4,5,A,0,1
03/02/2007,Man City,Reading,1,0,4,4,15,7,0.0,1.0,10,10,A,0,2
04/02/2007,Tottenham,Man Utd,3,2,6,7,13,7,0.08,0.77,5,10,A,0,4
10/02/2007,Sheffield United,Tottenham,2,1,6,9,4,10,0.0,1.0,4,2,H,2,1
10/02/2007,Chelsea,Middlesbrough,3,1,8,2,12,4,0.54,0.23,10,11,H,3,0
10/02/2007,Everton,Blackburn,2,2,7,3,6,8,0.36,0.45,8,6,H,1,0
10/02/2007,Man Utd,Charlton,5,1,14,5,3,9,0.85,0.0,10,4,H,2,0
10/02/2007,Newcastle,Liverpool,3,4,11,9,10,1,0.23,0.54,8,13,H,2,1
10/02/2007,Portsmouth,Man City,2,3,2,4,3,6,0.29,0.43,3,7,H,2,1
10/02/2007,Reading,Aston Villa,3,0,15,4,5,6,0.0,1.0,13,7,H,2,0
10/02/2007,West Ham,Watford,1,0,6,14,2,11,0.0,0.0,2,3,A,0,1
11/02/2007,Bolton,Fulham,3,0,3,9,6,7,0.18,0.55,5,6,H,2,1
11/02/2007,Arsenal,Wigan,4,1,9,3,3,12,1.0,0.0,10,3,H,2,1
21/02/2007,Watford,Wigan,1,0,3,8,4,11,0.0,0.0,6,3,D,1,1
21/02/2007,Everton,Tottenham,2,1,5,3,5,11,0.15,0.54,8,2,A,1,2
24/02/2007,Fulham,Man Utd,2,2,7,9,14,3,0.09,0.64,5,12,A,1,2
24/02/2007,Watford,Everton,1,2,4,7,5,3,0.0,1.0,7,8,A,0,3
24/02/2007,Middlesbrough,Reading,3,1,9,6,11,4,0.0,1.0,8,13,H,2,1
24/02/2007,Charlton,West Ham,1,0,3,7,6,9,0.33,0.33,4,2,H,4,0
24/02/2007,Liverpool,Sheffield United,4,1,8,3,7,7,0.0,0.0,10,7,H,4,0
25/02/2007,Blackburn,Portsmouth,3,1,6,7,3,4,0.57,0.29,6,5,H,3,0
25/02/2007,Tottenham,Bolton,2,3,6,11,5,7,0.27,0.64,4,8,H,4,1
25/02/2007,Wigan,Newcastle,1,1,5,8,11,8,0.33,0.67,4,10,H,1,0
03/03/2007,Portsmouth,Chelsea,2,3,2,6,11,2,0.0,1.0,4,12,A,0,2
03/03/2007,Newcastle,Middlesbrough,3,1,8,7,8,6,0.54,0.23,7,8,D,0,0
03/03/2007,Man City,Wigan,1,0,3,8,6,6,0.0,1.0,4,7,A,0,1
03/03/2007,Watford,Charlton,1,1,2,9,6,4,0.0,0.0,4,7,D,2,2
03/03/2007,Fulham,Aston Villa,1,0,5,8,5,8,0.09,0.45,4,6,D,1,1
03/03/2007,Arsenal,Reading,4,1,11,3,11,5,1.0,0.0,13,12,H,2,1
03/03/2007,Sheffield United,Everton,3,3,6,10,7,2,0.0,1.0,6,10,D,1,1
03/03/2007,Liverpool,Man Utd,4,3,9,3,13,3,0.38,0.54,10,12,A,0,1
04/03/2007,Bolton,Blackburn,3,2,6,11,6,7,0.27,0.09,7,6,A,1,2
04/03/2007,West Ham,Tottenham,0,1,3,10,8,9,0.22,0.44,1,7,A,3,4
14/03/2007,Aston Villa,Arsenal,2,3,5,6,9,4,0.0,0.69,7,13,A,0,1
14/03/2007,Man City,Chelsea,1,3,1,8,9,2,0.09,0.82,1,12,A,0,1
17/03/2007,Blackburn,West Ham,4,0,7,6,4,12,0.29,0.57,9,0,A,1,2
17/03/2007,Chelsea,Sheffield United,3,0,10,0,6,8,1.0,0.0,15,7,H,3,0
17/03/2007,Man Utd,Bolton,5,2,13,1,6,8,0.64,0.18,15,7,H,4,1
17/03/2007,Middlesbrough,Man City,4,2,3,5,1,9,0.45,0.09,6,0,A,0,2
17/03/2007,Reading,Portsmouth,4,1,9,6,2,7,0.0,1.0,9,4,D,0,0
17/03/2007,Tottenham,Watford,2,1,11,11,4,7,0.0,0.0,9,5,H,3,1
17/03/2007,Wigan,Fulham,2,0,5,3,5,8,0.67,0.33,10,4,D,0,0
18/03/2007,Aston Villa,Liverpool,2,3,3,7,7,4,0.08,0.69,4,7,D,0,0
18/03/2007,Charlton,Newcastle,2,1,7,6,6,5,0.23,0.31,5,7,H,2,0
18/03/2007,Everton,Arsenal,2,3,6,3,8,4,0.23,0.62,8,13,H,1,0
31/03/2007,Bolton,Sheffield United,2,0,6,11,4,11,0.0,0.0,6,4,H,1,0
31/03/2007,Charlton,Wigan,3,1,8,5,4,3,0.33,0.67,7,8,H,1,0
31/03/2007,Liverpool,Arsenal,3,2,5,3,6,4,0.23,0.54,5,10,H,4,1
31/03/2007,Fulham,Portsmouth,1,0,5,6,2,7,0.29,0.43,5,4,D,1,1
31/03/2007,Newcastle,Man City,2,3,3,6,3,6,0.45,0.36,4,3,A,0,1
31/03/2007,West Ham,Middlesbrough,0,1,5,11,3,7,0.44,0.44,3,5,H,2,0
31/03/2007,Man Utd,Blackburn,5,2,13,2,8,5,0.36,0.36,15,9,H,4,1
31/03/2007,Watford,Chelsea,1,3,5,9,10,0,0.0,1.0,5,15,A,0,1
01/04/2007,Tottenham,Reading,2,1,14,8,6,4,0.0,1.0,12,7,H,1,0
02/04/2007,Aston Villa,Everton,2,2,2,4,7,3,0.38,0.38,5,10,D,1,1
06/04/2007,Everton,Fulham,3,0,7,4,4,6,0.45,0.55,8,3,H,4,1
06/04/2007,Man City,Charlton,1,1,4,4,9,4,0.36,0.36,6,10,D,0,0
07/04/2007,Arsenal,West Ham,5,1,6,7,7,10,0.44,0.22,9,6,A,0,1
07/04/2007,Chelsea,Tottenham,4,2,10,0,14,6,0.69,0.08,15,15,H,1,0
07/04/2007,Middlesbrough,Watford,3,1,2,8,4,10,0.0,1.0,4,2,H,4,1
07/04/2007,Portsmouth,Man Utd,1,3,3,7,13,3,0.29,0.71,5,15,H,2,1
07/04/2007,Reading,Liverpool,4,3,4,5,9,4,0.0,1.0,4,7,A,1,2
07/04/2007,Sheffield United,Newcastle,3,1,3,10,2,5,1.0,0.0,4,4,A,1,2
07/04/2007,Wigan,Bolton,2,1,3,2,6,11,0.67,0.0,8,6,A,1,3
07/04/2007,Blackburn,Aston Villa,3,0,7,8,2,5,0.27,0.55,6,3,A,1,2
09/04/2007,Aston Villa,Wigan,2,1,4,4,3,4,0.0,0.67,6,7,D,1,1
09/04/2007,Bolton,Everton,2,2,7,11,10,3,0.36,0.45,6,11,D,1,1
09/04/2007,Charlton,Reading,3,1,9,2,3,7,0.0,1.0,11,1,D,0,0
09/04/2007,Fulham,Man City,1,3,4,8,3,2,0.22,0.33,3,7,A,1,3
09/04/2007,Newcastle,Arsenal,2,2,2,5,4,7,0.15,0.54,4,6,D,0,0
09/04/2007,Watford,Portsmouth,0,0,4,13,3,7,0.0,1.0,1,5,H,4,2
14/04/2007,Arsenal,Bolton,4,2,2,6,7,8,0.27,0.27,4,7,H,2,1
14/04/2007,Man City,Liverpool,0,3,6,2,10,3,0.18,0.64,10,10,D,0,0
14/04/2007,Middlesbrough,Aston Villa,3,1,6,6,4,4,0.31,0.38,7,6,A,1,3
14/04/2007,Portsmouth,Newcastle,2,2,5,8,2,4,0.0,0.43,5,5,H,2,1
14/04/2007,Reading,Fulham,3,0,2,5,4,9,1.0,0.0,2,3,H,1,0
14/04/2007,Sheffield United,West Ham,2,2,2,11,8,9,0.0,1.0,1,9,H,3,0
15/04/2007,Everton,Charlton,3,1,8,4,5,2,0.31,0.46,9,9,H,2,1
15/04/2007,Wigan,Tottenham,2,2,3,5,12,6,0.0,0.67,5,12,D,3,3
17/04/2007,Arsenal,Man City,4,3,3,7,6,1,0.82,0.09,4,11,H,3,1
17/04/2007,Man Utd,Sheffield United,5,0,12,5,5,7,1.0,0.0,12,4,H,2,0
18/04/2007,Blackburn,Watford,2,1,8,9,8,12,0.0,1.0,6,4,H,3,1
18/04/2007,Liverpool,Middlesbrough,3,1,6,3,5,8,0.31,0.23,8,4,H,2,0
18/04/2007,West Ham,Chelsea,1,4,8,8,8,0,0.33,0.67,9,15,A,1,4
21/04/2007,Liverpool,Wigan,3,1,8,2,5,8,1.0,0.0,11,3,H,2,0
21/04/2007,Bolton,Reading,2,1,7,8,2,3,0.0,1.0,7,5,A,1,3
21/04/2007,Fulham,Blackburn,1,1,3,9,8,10,0.36,0.64,2,6,D,1,1
21/04/2007,Charlton,Sheffield United,3,0,4,2,4,8,0.0,1.0,8,3,D,1,1
21/04/2007,Man Utd,Middlesbrough,5,0,12,4,5,10,0.54,0.31,12,3,D,1,1
21/04/2007,Watford,Man City,1,3,7,13,5,4,0.0,0.0,3,8,D,1,1
21/04/2007,West Ham,Everton,1,1,6,8,9,4,0.22,0.44,9,11,H,1,0
21/04/2007,Tottenham,Arsenal,3,1,11,8,6,7,0.0,0.54,10,7,D,2,2
22/04/2007,Aston Villa,Portsmouth,1,0,7,4,7,7,0.57,0.14,9,8,D,0,0
22/04/2007,Newcastle,Chelsea,2,5,3,6,10,1,0.23,0.54,4,15,D,0,0
28/04/2007,Sheffield United,Watford,3,1,5,6,7,11,1.0,0.0,4,4,H,1,0
28/04/2007,Blackburn,Charlton,3,0,7,10,3,3,0.55,0.45,4,6,H,4,1
28/04/2007,Chelsea,Bolton,5,2,9,1,7,7,0.64,0.09,13,7,D,2,2
28/04/2007,Everton,Man Utd,4,3,8,5,12,5,0.08,0.77,8,10,A,2,4
28/04/2007,Man City,Aston Villa,0,2,5,5,7,4,0.64,0.18,6,9,A,0,2
28/04/2007,Middlesbrough,Tottenham,2,2,6,9,9,7,0.31,0.31,4,8,A,2,3
28/04/2007,Portsmouth,Liverpool,3,2,7,7,10,2,0.14,0.57,8,13,H,2,1
28/04/2007,Wigan,West Ham,2,2,5,10,5,7,0.67,0.33,2,9,A,0,3
29/04/2007,Arsenal,Fulham,4,0,7,5,4,10,0.82,0.09,8,2,H,3,1
30/04/2007,Reading,Newcastle,3,1,5,4,3,4,0.0,1.0,7,5,H,1,0
05/05/2007,Reading,Watford,3,1,6,3,7,11,0.0,0.0,10,4,A,0,2
05/05/2007,West Ham,Bolton,2,1,6,7,8,9,0.14,0.71,9,5,H,3,1
05/05/2007,Wigan,Middlesbrough,1,0,5,12,8,10,0.33,0.0,2,4,A,0,1
05/05/2007,Newcastle,Blackburn,1,1,3,4,10,9,0.45,0.27,5,7,A,0,2
05/05/2007,Aston Villa,Sheffield United,0,0,8,3,6,5,0.0,0.0,11,7,H,3,0
05/05/2007,Fulham,Liverpool,0,1,4,12,7,3,0.18,0.64,1,10,H,1,0
05/05/2007,Everton,Portsmouth,3,0,9,8,8,7,0.71,0.29,7,10,H,3,0
05/05/2007,Man City,Man Utd,0,4,5,7,12,6,0.27,0.36,5,10,A,0,1
06/05/2007,Arsenal,Chelsea,4,4,10,5,8,3,0.31,0.15,11,11,D,1,1
07/05/2007,Charlton,Tottenham,3,3,3,7,9,8,0.46,0.38,3,8,A,0,2
09/05/2007,Chelsea,Man Utd,4,4,8,4,9,5,0.38,0.23,9,10,D,0,0
10/05/2007,Tottenham,Blackburn,3,2,10,8,11,5,0.45,0.27,8,10,D,1,1
13/05/2007,Man Utd,West Ham,4,3,8,3,8,8,0.56,0.22,11,9,A,0,1
13/05/2007,Blackburn,Reading,3,1,11,4,5,3,1.0,0.0,11,10,D,3,3
13/05/2007,Bolton,Aston Villa,2,3,6,11,9,2,0.27,0.27,2,11,D,2,2
13/05/2007,Chelsea,Everton,3,1,7,4,8,7,0.69,0.08,7,7,D,1,1
13/05/2007,Liverpool,Charlton,4,0,5,3,3,9,0.62,0.31,7,2,D,2,2
13/05/2007,Middlesbrough,Fulham,2,0,5,9,4,8,0.36,0.45,4,4,H,3,1
13/05/2007,Sheffield United,Wigan,3,1,5,6,4,10,1.0,0.0,7,2,A,1,2
13/05/2007,Tottenham,Man City,3,3,11,8,2,7,0.64,0.09,9,2,H,2,1
13/05/2007,Watford,Newcastle,1,1,8,7,1,5,0.0,1.0,7,2,D,1,1
13/05/2007,Portsmouth,Arsenal,4,1,6,9,11,6,0.0,0.43,7,11,D,0,0
11/08/2007,Middlesbrough,Blackburn,2,2,7,7,11,6,0.33,0.58,7,9,A,1,2
11/08/2007,Aston Villa,Liverpool,1,1,10,3,7,5,0.07,0.64,11,7,A,1,2
11/08/2007,Bolton,Newcastle,1,1,7,12,2,6,0.5,0.42,2,2,A,1,3
11/08/2007,Derby,Portsmouth,0,0,3,9,4,5,0.0,0.0,1,8,D,2,2
11/08/2007,Everton,Wigan,4,2,8,7,5,10,0.25,0.25,7,4,H,2,1
11/08/2007,Sunderland,Tottenham,1,3,5,12,10,6,0.12,0.75,3,11,H,1,0
11/08/2007,West Ham,Man City,3,2,9,5,3,9,0.38,0.5,12,1,A,0,2
12/08/2007,Chelsea,Birmingham,2,0,4,4,3,5,0.5,0.0,5,5,H,3,2
12/08/2007,Arsenal,Fulham,3,0,9,5,4,8,0.83,0.08,9,4,H,2,1
12/08/2007,Man Utd,Reading,3,1,6,4,8,6,0.5,0.0,8,10,D,0,0
14/08/2007,Tottenham,Everton,3,0,8,5,8,7,0.57,0.14,10,7,A,1,3
15/08/2007,Birmingham,Sunderland,2,0,4,5,5,8,1.0,0.0,5,6,D,2,2
15/08/2007,Man City,Derby,0,1,4,6,5,9,0.0,0.0,4,2,H,1,0
15/08/2007,Fulham,Bolton,1,1,5,9,7,13,0.5,0.25,4,2,H,2,1
15/08/2007,Wigan,Middlesbrough,0,1,3,9,8,7,0.25,0.25,3,7,H,1,0
15/08/2007,Reading,Chelsea,2,3,7,6,7,6,0.0,0.5,8,7,A,1,2
15/08/2007,Portsmouth,Man Utd,3,3,4,6,5,3,0.38,0.62,6,8,D,1,1
18/08/2007,Birmingham,West Ham,2,4,4,6,8,3,0.25,0.5,3,12,A,0,1
18/08/2007,Fulham,Middlesbrough,2,1,6,9,7,7,0.42,0.42,6,6,A,1,2
18/08/2007,Newcastle,Aston Villa,0,3,4,5,8,4,0.36,0.21,5,8,D,0,0
18/08/2007,Portsmouth,Bolton,3,1,5,7,7,12,0.25,0.5,6,2,H,3,1
18/08/2007,Reading,Everton,2,1,5,7,11,7,0.0,0.5,5,10,H,1,0
18/08/2007,Tottenham,Derby,2,0,6,6,3,7,0.5,0.5,7,2,H,4,0
18/08/2007,Wigan,Sunderland,1,0,4,7,6,8,1.0,0.0,6,7,H,3,0
19/08/2007,Liverpool,Chelsea,3,3,7,6,7,5,0.29,0.64,7,9,D,1,1
19/08/2007,Blackburn,Arsenal,2,0,12,6,8,5,0.25,0.67,11,9,D,1,1
19/08/2007,Man City,Man Utd,1,2,4,5,2,2,0.25,0.42,6,6,H,1,0
25/08/2007,Arsenal,Man City,4,2,7,4,5,3,0.83,0.08,9,9,H,1,0
25/08/2007,Chelsea,Portsmouth,2,0,7,5,6,7,1.0,0.0,9,6,H,1,0
25/08/2007,Bolton,Reading,1,1,6,13,5,7,0.0,1.0,1,5,H,3,0
25/08/2007,Aston Villa,Fulham,1,0,8,4,6,8,0.42,0.08,8,6,H,2,1
25/08/2007,Everton,Blackburn,4,2,9,4,9,6,0.42,0.42,10,9,D,1,1
25/08/2007,Derby,Birmingham,0,0,3,9,4,7,0.0,0.0,2,2,A,1,2
25/08/2007,Sunderland,Liverpool,2,2,6,8,6,7,0.12,0.5,7,5,A,0,2
25/08/2007,West Ham,Wigan,3,1,8,3,7,4,0.5,0.5,12,9,D,1,1
26/08/2007,Man Utd,Tottenham,2,2,1,3,8,6,0.79,0.07,3,7,H,1,0
26/08/2007,Middlesbrough,Newcastle,2,2,7,5,4,5,0.21,0.5,9,5,D,2,2
01/09/2007,Newcastle,Wigan,0,1,6,6,8,4,0.5,0.5,6,10,H,1,0
01/09/2007,Middlesbrough,Birmingham,1,1,8,7,6,8,0.62,0.38,7,4,H,2,0
01/09/2007,Man Utd,Sunderland,2,0,2,3,4,9,0.75,0.0,5,4,H,1,0
01/09/2007,Liverpool,Derby,3,0,7,5,4,10,0.75,0.0,8,2,H,6,0
01/09/2007,Fulham,Tottenham,2,2,6,10,7,6,0.42,0.33,3,6,D,3,3
01/09/2007,Bolton,Everton,1,1,8,10,7,5,0.33,0.42,4,8,A,1,2
01/09/2007,Reading,West Ham,3,4,5,8,6,4,1.0,0.0,5,10,A,0,3
02/09/2007,Aston Villa,Chelsea,2,2,8,5,8,5,0.21,0.36,8,11,H,2,0
02/09/2007,Blackburn,Man City,2,1,8,7,5,3,0.4,0.1,7,9,H,1,0
02/09/2007,Arsenal,Portsmouth,4,0,5,3,6,5,0.38,0.0,9,6,H,3,1
15/09/2007,West Ham,Middlesbrough,2,2,6,3,7,6,0.5,0.4,10,7,H,3,0
15/09/2007,Tottenham,Arsenal,2,0,8,8,7,3,0.0,0.5,4,11,A,1,3
15/09/2007,Sunderland,Reading,2,1,3,8,2,8,0.0,0.0,4,4,H,2,1
15/09/2007,Portsmouth,Liverpool,3,2,7,8,13,4,0.25,0.5,5,11,D,0,0
15/09/2007,Everton,Man Utd,3,2,8,5,3,2,0.07,0.79,10,8,A,0,1
15/09/2007,Chelsea,Blackburn,2,2,7,6,8,6,0.58,0.17,10,9,D,0,0
15/09/2007,Birmingham,Bolton,2,0,6,9,7,10,0.5,0.38,4,3,H,1,0
15/09/2007,Wigan,Fulham,2,0,6,4,8,10,0.5,0.25,7,4,D,1,1
16/09/2007,Man City,Aston Villa,2,3,4,2,7,5,0.58,0.25,9,8,H,1,0
17/09/2007,Derby,Newcastle,0,1,3,15,7,4,0.25,0.75,1,9,H,1,0
22/09/2007,Arsenal,Derby,4,0,10,4,2,13,0.75,0.0,13,3,H,5,0
22/09/2007,Reading,Wigan,2,1,3,10,6,3,0.5,0.5,3,8,H,2,1
22/09/2007,Fulham,Man City,2,1,8,9,3,2,0.2,0.4,5,9,D,3,3
22/09/2007,Middlesbrough,Sunderland,2,0,6,7,4,9,0.62,0.25,7,4,D,2,2
22/09/2007,Liverpool,Birmingham,3,1,11,2,5,6,0.25,0.38,11,7,D,0,0
23/09/2007,Newcastle,West Ham,1,4,6,4,8,3,0.5,0.2,8,10,H,3,1
23/09/2007,Man Utd,Chelsea,2,1,4,2,4,4,0.21,0.36,10,8,H,2,0
23/09/2007,Aston Villa,Everton,3,2,5,4,6,5,0.36,0.36,7,7,H,2,0
23/09/2007,Blackburn,Portsmouth,3,0,5,3,5,6,0.62,0.25,9,5,A,0,1
23/09/2007,Bolton,Tottenham,1,2,6,8,9,10,0.58,0.33,3,4,D,1,1
29/09/2007,Sunderland,Blackburn,3,2,4,9,3,3,0.33,0.33,4,6,A,1,2
29/09/2007,Wigan,Liverpool,2,2,6,5,9,1,0.0,1.0,5,9,A,0,1
29/09/2007,West Ham,Arsenal,3,1,9,4,13,3,0.3,0.4,10,13,A,0,1
29/09/2007,Portsmouth,Reading,2,1,5,5,4,9,0.5,0.0,7,6,H,7,4
29/09/2007,Birmingham,Man Utd,2,2,3,4,5,1,0.0,0.75,7,12,A,0,1
29/09/2007,Derby,Bolton,1,0,2,17,6,7,1.0,0.0,3,4,D,1,1
29/09/2007,Chelsea,Fulham,2,0,2,5,9,11,0.58,0.08,5,3,D,0,0
29/09/2007,Man City,Newcastle,3,1,5,5,6,4,0.42,0.42,7,8,H,3,1
30/09/2007,Everton,Middlesbrough,2,2,3,6,8,8,0.43,0.21,4,8,H,2,0
01/10/2007,Tottenham,Aston Villa,2,2,9,8,6,2,0.36,0.21,5,10,D,4,4
06/10/2007,Aston Villa,West Ham,4,4,10,6,8,5,0.3,0.2,10,7,H,1,0
06/10/2007,Man Utd,Wigan,3,1,6,0,3,6,1.0,0.0,15,2,H,4,0
07/10/2007,Arsenal,Sunderland,4,0,13,2,5,8,0.62,0.12,15,4,H,3,2
07/10/2007,Blackburn,Birmingham,2,1,4,3,3,4,0.38,0.25,8,7,H,2,1
07/10/2007,Fulham,Portsmouth,2,1,8,9,9,8,0.25,0.38,4,7,A,0,2
07/10/2007,Bolton,Chelsea,1,1,6,5,1,4,0.08,0.58,5,5,A,0,1
07/10/2007,Liverpool,Tottenham,2,1,9,0,9,12,0.5,0.21,11,3,D,2,2
07/10/2007,Reading,Derby,2,0,7,16,3,14,0.0,0.0,3,4,H,1,0
07/10/2007,Newcastle,Everton,2,2,7,7,5,5,0.36,0.36,7,7,H,3,2
07/10/2007,Man City,Middlesbrough,4,2,7,6,6,9,0.17,0.42,7,5,H,3,1
20/10/2007,Aston Villa,Man Utd,4,2,9,5,9,0,0.0,0.86,10,15,A,1,4
20/10/2007,Everton,Liverpool,3,3,6,7,9,2,0.14,0.57,6,9,A,1,2
20/10/2007,Arsenal,Bolton,5,0,15,4,3,6,0.33,0.25,15,2,H,2,0
20/10/2007,Blackburn,Reading,2,0,5,3,8,13,0.5,0.0,10,6,H,4,2
20/10/2007,Wigan,Portsmouth,2,2,2,9,11,7,0.5,0.5,1,10,A,0,2
20/10/2007,Man City,Birmingham,5,1,10,6,2,5,0.62,0.25,10,4,H,1,0
20/10/2007,Middlesbrough,Chelsea,2,2,5,10,1,4,0.21,0.57,4,5,A,0,2
20/10/2007,Fulham,Derby,1,0,7,9,2,13,0.5,0.0,4,4,D,0,0
21/10/2007,West Ham,Sunderland,2,0,7,5,7,9,0.5,0.25,6,4,H,3,1
22/10/2007,Newcastle,Tottenham,3,0,8,7,11,13,0.57,0.43,9,4,H,3,1
27/10/2007,Birmingham,Wigan,1,0,2,4,2,10,0.5,0.0,4,1,H,3,2
27/10/2007,Reading,Newcastle,3,1,10,14,10,8,0.5,0.5,6,9,H,2,1
27/10/2007,Sunderland,Fulham,3,0,8,11,4,6,0.17,0.67,4,4,D,1,1
27/10/2007,Portsmouth,West Ham,2,3,12,4,7,6,0.75,0.0,13,6,D,0,0
27/10/2007,Man Utd,Middlesbrough,4,1,12,1,3,12,0.5,0.29,15,1,H,4,1
27/10/2007,Chelsea,Man City,2,1,3,2,11,5,0.83,0.08,8,13,H,6,0
28/10/2007,Tottenham,Blackburn,2,2,9,13,8,5,0.42,0.25,3,10,A,1,2
28/10/2007,Liverpool,Arsenal,1,2,5,3,14,3,0.29,0.5,9,15,D,1,1
28/10/2007,Derby,Everton,1,2,2,7,5,8,0.25,0.5,5,3,A,0,2
28/10/2007,Bolton,Aston Villa,1,1,2,6,8,9,0.25,0.25,2,7,D,1,1
03/11/2007,Wigan,Chelsea,2,2,3,12,9,2,0.0,1.0,0,10,A,0,2
03/11/2007,Middlesbrough,Tottenham,1,0,4,13,9,12,0.29,0.36,1,3,D,1,1
03/11/2007,Fulham,Reading,0,0,4,6,11,13,0.0,1.0,4,9,H,3,1
03/11/2007,Newcastle,Portsmouth,4,3,11,9,12,4,0.38,0.12,9,13,A,1,4
03/11/2007,Blackburn,Liverpool,3,4,10,6,6,4,0.08,0.42,12,9,D,0,0
03/11/2007,Aston Villa,Derby,4,0,9,9,1,9,0.5,0.5,8,2,H,2,0
03/11/2007,Arsenal,Man Utd,5,3,12,3,15,2,0.36,0.36,13,15,D,2,2
03/11/2007,Everton,Birmingham,2,1,7,7,4,6,0.38,0.12,6,4,H,3,1
04/11/2007,West Ham,Bolton,2,0,4,6,3,6,0.25,0.62,4,3,D,1,1
05/11/2007,Man City,Sunderland,5,0,10,11,7,11,0.83,0.17,10,2,H,1,0
10/11/2007,Derby,West Ham,1,2,1,6,4,4,0.0,0.5,2,5,A,0,5
10/11/2007,Liverpool,Fulham,1,0,6,4,4,4,0.58,0.25,9,6,H,2,0
10/11/2007,Sunderland,Newcastle,2,1,5,10,9,12,0.12,0.62,1,6,D,1,1
11/11/2007,Portsmouth,Man City,2,1,15,5,8,8,0.38,0.38,13,12,D,0,0
11/11/2007,Tottenham,Wigan,1,0,9,12,2,12,0.5,0.0,3,0,H,4,0
11/11/2007,Man Utd,Blackburn,5,3,15,4,10,5,0.42,0.33,13,13,H,2,0
11/11/2007,Chelsea,Everton,3,2,11,0,10,6,0.64,0.07,13,9,D,1,1
11/11/2007,Bolton,Middlesbrough,1,1,3,6,3,12,0.25,0.33,3,1,D,0,0
11/11/2007,Birmingham,Aston Villa,2,0,5,9,9,9,0.5,0.25,3,8,A,1,2
12/11/2007,Reading,Arsenal,4,2,10,15,9,5,0.0,1.0,6,11,A,1,3
24/11/2007,Derby,Chelsea,1,3,0,10,12,1,0.0,0.75,1,13,A,0,2
24/11/2007,Arsenal,Wigan,4,0,11,6,2,15,1.0,0.0,11,0,H,2,0
24/11/2007,Bolton,Man Utd,0,3,2,5,16,4,0.17,0.67,3,13,H,1,0
24/11/2007,Birmingham,Portsmouth,2,4,6,10,8,1,0.33,0.17,3,11,A,0,2
24/11/2007,Everton,Sunderland,2,0,9,7,5,9,0.5,0.25,7,2,H,7,1
24/11/2007,Man City,Reading,5,0,5,7,7,11,0.0,1.0,10,6,H,2,1
24/11/2007,Newcastle,Liverpool,4,3,9,10,7,4,0.29,0.5,7,9,A,0,3
24/11/2007,Middlesbrough,Aston Villa,1,1,3,10,7,6,0.29,0.43,2,10,A,0,3
25/11/2007,Fulham,Blackburn,1,2,4,6,8,6,0.33,0.58,5,10,D,2,2
25/11/2007,West Ham,Tottenham,2,0,9,3,9,8,0.2,0.5,8,5,D,1,1
28/11/2007,Blackburn,Aston Villa,3,2,8,7,9,6,0.25,0.58,8,10,A,0,4
01/12/2007,Aston Villa,Arsenal,4,3,12,2,10,4,0.0,0.71,13,11,A,1,2
01/12/2007,Portsmouth,Everton,2,2,8,1,14,5,0.25,0.75,11,10,D,0,0
01/12/2007,Blackburn,Newcastle,2,0,4,9,6,11,0.33,0.42,5,4,H,3,1
01/12/2007,Reading,Middlesbrough,3,0,7,13,2,10,0.5,0.5,3,2,D,1,1
01/12/2007,Sunderland,Derby,1,0,4,13,0,11,0.5,0.25,2,1,H,1,0
01/12/2007,Wigan,Man City,1,0,2,13,4,7,1.0,0.0,0,10,D,1,1
01/12/2007,Chelsea,West Ham,2,2,13,1,10,3,0.7,0.3,13,9,H,1,0
02/12/2007,Liverpool,Bolton,2,0,8,2,3,4,0.5,0.25,11,6,H,4,0
02/12/2007,Tottenham,Birmingham,2,0,8,7,5,10,0.62,0.12,5,3,A,2,3
03/12/2007,Man Utd,Fulham,5,0,12,5,6,6,0.67,0.08,10,6,H,2,0
05/12/2007,Newcastle,Arsenal,3,4,4,13,10,5,0.14,0.5,1,11,D,1,1
08/12/2007,Chelsea,Sunderland,2,0,12,1,4,10,0.62,0.25,13,5,H,2,0
08/12/2007,Newcastle,Birmingham,2,1,4,12,8,11,0.5,0.12,2,6,H,2,1
08/12/2007,Man Utd,Derby,5,0,10,4,0,12,0.5,0.25,10,0,H,4,1
08/12/2007,Reading,Liverpool,3,3,6,10,10,1,0.0,1.0,4,11,H,3,1
08/12/2007,Aston Villa,Portsmouth,3,5,12,3,6,1,0.5,0.12,12,9,A,1,3
08/12/2007,Everton,Fulham,3,0,13,3,6,8,0.5,0.5,11,5,H,3,0
09/12/2007,Tottenham,Man City,1,0,9,7,4,8,0.67,0.08,5,8,H,2,1
09/12/2007,Middlesbrough,Arsenal,1,3,3,9,10,5,0.14,0.71,3,11,H,2,1
09/12/2007,Bolton,Wigan,1,0,3,6,3,12,0.25,0.5,6,1,H,4,1
09/12/2007,Blackburn,West Ham,3,1,5,9,7,3,0.25,0.62,5,6,A,0,1
15/12/2007,Derby,Middlesbrough,1,0,1,14,4,6,0.0,0.75,0,6,A,0,1
15/12/2007,Birmingham,Reading,2,0,6,11,7,10,0.0,0.0,3,4,D,1,1
15/12/2007,Man City,Bolton,5,0,5,4,6,6,0.4,0.5,8,8,H,4,2
15/12/2007,Fulham,Newcastle,1,0,5,10,5,9,0.5,0.33,4,5,A,0,1
15/12/2007,Wigan,Blackburn,0,2,2,13,5,10,0.0,0.75,1,4,H,5,3
15/12/2007,Sunderland,Aston Villa,2,3,3,11,11,6,0.12,0.38,4,9,D,1,1
15/12/2007,West Ham,Everton,2,1,8,3,14,3,0.3,0.4,8,11,A,0,2
15/12/2007,Portsmouth,Tottenham,1,0,9,2,10,6,0.25,0.62,11,8,A,0,1
16/12/2007,Arsenal,Chelsea,4,4,9,5,8,1,0.29,0.14,10,13,H,1,0
16/12/2007,Liverpool,Man Utd,2,3,10,3,10,4,0.36,0.57,10,10,A,0,1
22/12/2007,Bolton,Birmingham,2,1,7,9,6,9,0.33,0.56,7,4,H,3,0
22/12/2007,Aston Villa,Man City,2,0,10,6,8,6,0.23,0.62,7,8,D,1,1
22/12/2007,Arsenal,Tottenham,4,1,7,4,10,5,0.53,0.0,10,10,H,2,1
22/12/2007,Fulham,Wigan,1,0,2,10,7,14,0.2,0.4,1,4,D,1,1
22/12/2007,Reading,Sunderland,3,0,7,8,4,11,0.0,1.0,5,5,H,2,1
22/12/2007,Middlesbrough,West Ham,1,2,4,5,7,4,0.36,0.55,8,7,A,1,2
22/12/2007,Liverpool,Portsmouth,2,5,10,4,5,2,0.44,0.22,9,8,H,4,1
23/12/2007,Newcastle,Derby,2,0,5,8,1,13,0.6,0.4,7,0,D,2,2
23/12/2007,Blackburn,Chelsea,2,4,8,13,6,2,0.15,0.54,4,10,A,0,1
23/12/2007,Man Utd,Everton,5,2,9,2,13,2,0.8,0.07,12,11,H,2,1
26/12/2007,West Ham,Reading,1,0,4,5,8,6,0.33,0.67,7,8,D,1,1
26/12/2007,Birmingham,Middlesbrough,1,1,5,10,5,7,0.33,0.67,4,7,H,3,0
26/12/2007,Chelsea,Aston Villa,3,3,6,1,8,7,0.33,0.27,12,5,D,4,4
26/12/2007,Derby,Liverpool,0,3,3,10,12,5,0.0,0.8,1,9,A,1,2
26/12/2007,Everton,Bolton,4,0,13,3,10,9,0.46,0.31,10,9,H,2,0
26/12/2007,Portsmouth,Arsenal,1,2,6,6,7,5,0.0,0.44,7,10,D,0,0
26/12/2007,Sunderland,Man Utd,1,3,4,12,9,3,0.0,0.78,4,12,A,0,4
26/12/2007,Tottenham,Fulham,2,0,7,7,3,9,0.31,0.38,7,2,H,5,1
26/12/2007,Wigan,Newcastle,1,1,8,11,7,7,0.4,0.6,5,8,H,1,0
27/12/2007,Man City,Blackburn,5,2,9,7,6,12,0.09,0.45,8,3,D,2,2
29/12/2007,Wigan,Aston Villa,2,3,9,9,8,11,0.5,0.0,8,3,A,1,2
29/12/2007,Tottenham,Reading,3,0,11,7,8,5,0.5,0.5,9,9,H,6,4
29/12/2007,Sunderland,Bolton,1,0,3,9,9,11,0.33,0.33,4,6,H,3,1
29/12/2007,West Ham,Man Utd,1,3,4,5,13,2,0.3,0.5,7,15,H,2,1
29/12/2007,Everton,Arsenal,4,2,8,2,5,4,0.29,0.57,10,8,A,1,4
29/12/2007,Chelsea,Newcastle,3,1,8,5,6,5,0.5,0.21,10,8,H,2,1
29/12/2007,Birmingham,Fulham,2,0,8,8,2,12,0.38,0.12,7,1,D,1,1
29/12/2007,Portsmouth,Middlesbrough,0,1,4,6,5,7,0.5,0.0,5,7,A,0,1
30/12/2007,Man City,Liverpool,4,3,9,8,11,6,0.17,0.58,6,9,D,0,0
30/12/2007,Derby,Blackburn,0,1,4,10,8,10,1.0,0.0,1,4,A,1,2
01/01/2008,Reading,Portsmouth,3,4,11,10,4,7,0.0,0.67,8,4,A,0,2
01/01/2008,Middlesbrough,Everton,1,2,5,6,9,6,0.2,0.47,9,9,A,0,2
01/01/2008,Man Utd,Birmingham,5,1,12,4,6,7,0.78,0.0,12,5,H,1,0
01/01/2008,Aston Villa,Tottenham,1,1,9,10,15,8,0.2,0.33,6,12,H,2,1
01/01/2008,Arsenal,West Ham,4,3,8,4,6,5,0.45,0.27,10,10,H,2,0
01/01/2008,Fulham,Chelsea,1,4,3,11,9,6,0.08,0.54,2,10,A,1,2
02/01/2008,Newcastle,Man City,1,0,6,6,8,7,0.38,0.46,7,6,A,0,2
02/01/2008,Liverpool,Wigan,3,0,7,6,9,10,1.0,0.0,7,7,D,1,1
02/01/2008,Blackburn,Sunderland,1,0,7,10,5,10,0.43,0.29,4,4,H,1,0
02/01/2008,Bolton,Derby,3,0,10,10,5,11,0.0,0.67,6,1,H,1,0
12/01/2008,Everton,Man City,4,1,8,6,9,5,0.33,0.42,9,9,H,1,0
12/01/2008,Middlesbrough,Liverpool,1,2,3,7,7,4,0.21,0.36,6,8,D,1,1
12/01/2008,Man Utd,Newcastle,5,1,9,3,4,7,0.71,0.07,12,4,H,6,0
12/01/2008,Chelsea,Tottenham,3,1,9,7,14,9,0.71,0.07,10,9,H,2,0
12/01/2008,West Ham,Fulham,1,0,5,7,4,10,0.5,0.12,7,2,H,2,1
12/01/2008,Aston Villa,Reading,2,0,10,8,8,11,0.5,0.5,9,5,H,3,1
12/01/2008,Arsenal,Birmingham,4,1,9,2,5,6,0.75,0.12,13,5,D,1,1
12/01/2008,Derby,Wigan,0,0,4,8,9,7,0.0,0.0,1,8,A,0,1
13/01/2008,Bolton,Blackburn,4,1,7,9,8,9,0.25,0.17,6,7,A,1,2
13/01/2008,Sunderland,Portsmouth,2,4,5,9,3,6,0.0,1.0,4,4,H,2,0
19/01/2008,Portsmouth,Derby,0,0,3,7,4,8,0.0,0.0,4,1,H,3,1
19/01/2008,Newcastle,Bolton,1,0,3,13,6,7,0.46,0.46,1,6,D,0,0
19/01/2008,Reading,Man Utd,2,2,8,13,14,3,0.0,0.33,4,12,A,0,2
19/01/2008,Blackburn,Middlesbrough,2,2,7,5,3,8,0.62,0.31,10,4,D,1,1
19/01/2008,Birmingham,Chelsea,1,4,5,6,11,6,0.0,0.56,5,13,A,0,1
19/01/2008,Fulham,Arsenal,1,2,5,11,9,3,0.08,0.85,2,11,A,0,3
19/01/2008,Tottenham,Sunderland,4,0,13,11,6,8,0.67,0.22,6,6,H,2,0
20/01/2008,Wigan,Everton,2,2,5,4,7,6,0.2,0.4,8,9,A,1,2
20/01/2008,Man City,West Ham,3,3,5,4,7,6,0.56,0.33,6,10,D,1,1
21/01/2008,Liverpool,Aston Villa,3,3,8,4,12,8,0.67,0.07,9,11,D,2,2
26/01/2008,Aston Villa,Blackburn,2,2,13,9,8,5,0.62,0.23,11,11,D,1,1
29/01/2008,Sunderland,Birmingham,3,1,5,8,5,4,0.0,0.8,6,5,H,2,0
29/01/2008,Middlesbrough,Wigan,1,1,3,7,5,5,0.2,0.4,5,7,H,1,0
29/01/2008,Arsenal,Newcastle,4,1,10,2,1,11,0.47,0.13,11,1,H,3,0
29/01/2008,Bolton,Fulham,4,0,3,7,4,13,0.23,0.54,4,1,D,0,0
30/01/2008,Chelsea,Reading,4,0,11,6,6,14,0.67,0.0,13,1,H,1,0
30/01/2008,Derby,Man City,0,1,3,9,5,4,0.0,0.33,0,6,D,1,1
30/01/2008,Everton,Tottenham,4,1,8,5,14,9,0.2,0.53,12,9,D,0,0
30/01/2008,Man Utd,Portsmouth,5,3,14,2,5,4,0.56,0.33,12,7,H,2,0
30/01/2008,West Ham,Liverpool,2,2,6,6,6,5,0.0,0.8,8,7,H,1,0
02/02/2008,Man City,Arsenal,2,2,4,3,13,2,0.08,0.85,6,13,A,1,3
02/02/2008,Liverpool,Sunderland,2,0,4,5,7,4,0.56,0.11,4,9,H,3,0
02/02/2008,Portsmouth,Chelsea,1,4,5,6,8,2,0.0,1.0,6,15,D,1,1
02/02/2008,Blackburn,Everton,2,3,7,4,6,5,0.38,0.38,11,10,D,0,0
02/02/2008,Tottenham,Man Utd,4,3,9,8,12,2,0.07,0.8,7,12,D,1,1
02/02/2008,Wigan,West Ham,2,2,4,6,6,5,0.4,0.4,4,10,H,1,0
02/02/2008,Reading,Bolton,2,0,5,14,3,5,0.67,0.33,0,5,A,0,2
02/02/2008,Birmingham,Derby,1,0,2,6,3,8,1.0,0.0,2,1,D,1,1
03/02/2008,Fulham,Aston Villa,0,2,3,8,10,6,0.08,0.46,2,11,H,2,1
03/02/2008,Newcastle,Middlesbrough,1,2,1,13,4,4,0.47,0.2,1,8,D,1,1
09/02/2008,Derby,Tottenham,0,1,3,7,4,5,0.4,0.6,2,5,A,0,3
09/02/2008,Bolton,Portsmouth,3,2,4,2,6,6,0.44,0.33,8,7,A,0,1
09/02/2008,Everton,Reading,3,0,5,1,1,10,0.33,0.33,11,0,H,1,0
09/02/2008,Aston Villa,Newcastle,2,1,9,7,1,12,0.2,0.33,8,2,H,4,1
09/02/2008,Sunderland,Wigan,3,1,4,6,4,4,0.0,1.0,6,7,H,2,0
09/02/2008,West Ham,Birmingham,3,0,4,5,2,6,0.6,0.2,7,2,D,1,1
09/02/2008,Middlesbrough,Fulham,2,0,4,5,4,8,0.46,0.38,6,4,H,1,0
10/02/2008,Chelsea,Liverpool,4,1,7,2,7,5,0.6,0.27,13,6,D,0,0
10/02/2008,Man Utd,Man City,5,1,12,1,5,6,0.38,0.31,13,5,A,1,2
11/02/2008,Arsenal,Blackburn,4,2,12,2,5,3,0.62,0.23,13,9,H,2,0
23/02/2008,Liverpool,Middlesbrough,2,2,6,4,5,3,0.33,0.2,6,9,H,3,2
23/02/2008,Birmingham,Arsenal,1,3,3,6,12,2,0.11,0.67,3,13,D,2,2
23/02/2008,Fulham,West Ham,1,2,3,7,5,4,0.11,0.56,4,8,A,0,1
23/02/2008,Portsmouth,Sunderland,1,0,5,6,6,5,0.67,0.33,7,9,H,1,0
23/02/2008,Wigan,Derby,3,0,3,5,3,9,1.0,0.0,6,2,H,2,0
23/02/2008,Newcastle,Man Utd,1,3,2,14,12,3,0.07,0.73,2,10,A,1,5
24/02/2008,Blackburn,Bolton,1,1,4,5,3,3,0.23,0.23,6,5,H,4,1
24/02/2008,Reading,Aston Villa,2,1,1,9,11,7,0.33,0.67,0,8,A,1,2
25/02/2008,Man City,Everton,1,3,5,7,4,1,0.38,0.38,5,11,A,0,2
01/03/2008,Derby,Sunderland,0,0,3,10,4,6,0.2,0.6,2,6,D,0,0
01/03/2008,Fulham,Man Utd,1,3,2,6,11,4,0.08,0.69,4,10,A,0,3
01/03/2008,Birmingham,Tottenham,1,1,4,7,6,3,0.22,0.56,3,8,H,4,1
01/03/2008,Arsenal,Aston Villa,4,2,13,3,10,7,0.73,0.0,13,8,D,1,1
01/03/2008,West Ham,Chelsea,3,3,4,3,5,1,0.27,0.73,8,11,A,0,4
01/03/2008,Newcastle,Blackburn,0,2,3,13,6,5,0.38,0.38,2,6,A,0,1
01/03/2008,Middlesbrough,Reading,2,0,6,5,1,8,0.33,0.33,8,0,A,0,1
01/03/2008,Man City,Wigan,0,1,5,8,4,5,0.0,0.8,5,6,D,0,0
02/03/2008,Bolton,Liverpool,2,1,3,5,8,5,0.23,0.54,5,8,A,1,3
02/03/2008,Everton,Portsmouth,3,2,5,1,6,4,0.67,0.22,11,10,H,3,1
05/03/2008,Liverpool,West Ham,3,2,9,4,3,6,0.73,0.09,10,7,H,4,0
08/03/2008,Liverpool,Newcastle,3,0,13,3,3,14,0.53,0.27,13,1,H,3,0
08/03/2008,Reading,Man City,1,2,2,6,4,7,0.67,0.33,3,5,H,2,0
08/03/2008,Blackburn,Fulham,2,0,6,4,2,6,0.54,0.31,8,4,D,1,1
09/03/2008,Wigan,Arsenal,3,3,3,3,11,4,0.0,1.0,7,11,D,0,0
09/03/2008,Sunderland,Everton,4,3,4,4,6,1,0.22,0.56,7,11,A,0,1
09/03/2008,Tottenham,West Ham,4,1,7,5,2,10,0.45,0.18,8,4,H,4,0
12/03/2008,Chelsea,Derby,3,0,7,1,2,7,0.8,0.0,11,3,H,6,1
12/03/2008,Portsmouth,Birmingham,2,0,4,6,8,7,0.29,0.29,7,6,H,4,2
12/03/2008,Aston Villa,Middlesbrough,3,1,9,6,5,5,0.47,0.27,8,7,D,1,1
15/03/2008,Sunderland,Chelsea,4,4,2,5,12,2,0.22,0.67,4,11,A,0,1
15/03/2008,West Ham,Blackburn,3,3,2,13,6,4,0.67,0.22,4,8,H,2,1
15/03/2008,Portsmouth,Aston Villa,3,2,8,6,9,6,0.22,0.44,10,8,H,2,0
15/03/2008,Arsenal,Middlesbrough,3,1,8,4,5,6,0.67,0.2,9,5,D,1,1
15/03/2008,Derby,Man Utd,0,3,2,12,12,4,0.2,0.6,2,10,A,0,1
15/03/2008,Liverpool,Reading,4,1,13,3,4,5,0.67,0.33,13,6,H,2,1
16/03/2008,Wigan,Bolton,2,1,3,2,4,8,0.4,0.4,8,4,H,1,0
16/03/2008,Man City,Tottenham,0,1,3,8,9,5,0.08,0.69,4,8,H,2,1
16/03/2008,Fulham,Everton,1,4,3,7,7,1,0.46,0.54,4,13,H,1,0
17/03/2008,Birmingham,Newcastle,1,0,10,9,3,14,0.11,0.56,6,1,D,1,1
19/03/2008,Man Utd,Bolton,4,1,11,4,4,9,0.62,0.23,10,3,H,2,0
19/03/2008,Tottenham,Chelsea,4,4,10,7,12,2,0.07,0.73,7,11,D,4,4
22/03/2008,Aston Villa,Sunderland,3,0,8,6,2,3,0.33,0.11,8,4,A,0,1
22/03/2008,Blackburn,Wigan,2,1,7,6,3,2,0.6,0.2,7,8,H,3,1
22/03/2008,Bolton,Man City,1,2,2,11,4,6,0.45,0.45,0,7,D,0,0
22/03/2008,Everton,West Ham,3,1,7,2,3,13,0.45,0.27,12,6,D,1,1
22/03/2008,Middlesbrough,Derby,2,0,5,6,1,12,0.8,0.0,5,1,H,1,0
22/03/2008,Reading,Birmingham,1,0,5,5,10,9,0.0,0.0,6,6,H,2,1
22/03/2008,Tottenham,Portsmouth,3,2,13,10,9,5,0.67,0.22,7,12,H,2,0
22/03/2008,Newcastle,Fulham,0,0,3,14,2,6,0.38,0.46,1,4,H,2,0
23/03/2008,Chelsea,Arsenal,4,3,15,5,6,4,0.13,0.33,11,7,H,2,1
23/03/2008,Man Utd,Liverpool,4,1,12,3,15,4,0.6,0.33,12,15,H,3,0
29/03/2008,Sunderland,West Ham,3,1,1,3,3,14,0.22,0.56,4,4,H,2,1
29/03/2008,Reading,Blackburn,2,2,7,5,10,5,0.0,0.67,9,10,D,0,0
29/03/2008,Portsmouth,Wigan,4,1,8,7,4,3,0.6,0.4,9,8,H,2,0
29/03/2008,Man Utd,Aston Villa,4,1,14,1,4,6,0.87,0.0,15,5,H,4,0
29/03/2008,Derby,Fulham,0,0,1,10,2,7,0.0,0.33,1,4,D,2,2
29/03/2008,Bolton,Arsenal,0,2,2,10,5,6,0.23,0.38,1,4,A,2,3
29/03/2008,Birmingham,Man City,1,1,10,10,2,5,0.22,0.67,5,5,H,3,1
30/03/2008,Chelsea,Middlesbrough,4,0,17,6,5,6,0.6,0.2,13,5,H,1,0
30/03/2008,Liverpool,Everton,5,3,12,5,7,3,0.6,0.13,12,10,H,1,0
30/03/2008,Tottenham,Newcastle,3,0,12,10,4,10,0.4,0.6,7,4,A,1,4
05/04/2008,Blackburn,Tottenham,2,1,6,4,12,10,0.31,0.38,8,7,D,1,1
05/04/2008,Fulham,Sunderland,2,1,4,8,3,3,0.57,0.14,5,7,A,1,3
05/04/2008,Aston Villa,Bolton,2,1,2,9,3,9,0.23,0.23,2,1,H,4,0
05/04/2008,Arsenal,Liverpool,2,1,6,6,10,4,0.47,0.27,6,12,D,1,1
05/04/2008,Newcastle,Reading,1,1,7,6,6,3,0.33,0.67,7,10,H,3,0
05/04/2008,Man City,Chelsea,1,3,3,6,14,6,0.08,0.85,5,13,A,0,2
05/04/2008,Wigan,Birmingham,3,0,2,5,11,9,0.0,0.67,5,7,H,2,0
06/04/2008,Everton,Derby,3,0,5,4,3,10,0.6,0.2,7,2,H,1,0
06/04/2008,Middlesbrough,Man Utd,3,4,3,4,13,0,0.27,0.53,5,15,D,2,2
08/04/2008,West Ham,Portsmouth,3,1,4,12,9,7,0.0,0.6,4,9,A,0,1
12/04/2008,Tottenham,Middlesbrough,2,0,9,11,5,5,0.33,0.27,5,6,D,1,1
12/04/2008,Sunderland,Man City,3,1,6,4,3,8,0.14,0.86,9,4,A,1,2
12/04/2008,Reading,Fulham,2,0,5,6,5,8,0.67,0.33,7,5,A,0,2
12/04/2008,Portsmouth,Newcastle,4,1,9,4,10,5,0.22,0.33,12,10,D,0,0
12/04/2008,Derby,Aston Villa,0,1,3,11,5,8,0.4,0.6,1,4,A,0,6
12/04/2008,Bolton,West Ham,0,1,2,10,4,9,0.56,0.22,1,4,H,1,0
12/04/2008,Birmingham,Everton,2,2,7,10,3,3,0.11,0.44,4,7,D,1,1
13/04/2008,Liverpool,Blackburn,5,1,7,5,6,5,0.38,0.08,10,6,H,3,1
13/04/2008,Man Utd,Arsenal,4,2,12,2,6,6,0.33,0.33,13,6,H,2,1
14/04/2008,Chelsea,Wigan,4,0,10,5,4,5,1.0,0.0,13,7,D,1,1
17/04/2008,Everton,Chelsea,3,3,3,4,10,6,0.07,0.6,5,11,A,0,1
19/04/2008,Wigan,Tottenham,4,1,5,6,9,10,0.0,0.6,7,6,D,1,1
19/04/2008,West Ham,Derby,2,0,4,6,2,11,0.6,0.0,4,1,H,2,1
19/04/2008,Middlesbrough,Bolton,3,1,5,5,3,9,0.31,0.23,6,4,A,0,1
19/04/2008,Fulham,Liverpool,2,1,6,7,7,6,0.23,0.62,7,10,A,0,2
19/04/2008,Blackburn,Man Utd,2,3,6,7,13,3,0.31,0.46,5,13,D,1,1
19/04/2008,Arsenal,Reading,2,1,7,8,3,8,1.0,0.0,5,4,H,2,0
20/04/2008,Newcastle,Sunderland,2,2,10,2,7,5,0.56,0.11,11,9,H,2,0
20/04/2008,Man City,Portsmouth,1,2,5,7,5,2,0.33,0.33,7,10,H,3,1
20/04/2008,Aston Villa,Birmingham,2,0,10,7,6,7,0.33,0.44,6,5,H,5,1
26/04/2008,Wigan,Reading,3,1,5,7,2,8,0.33,0.67,5,4,D,0,0
26/04/2008,West Ham,Newcastle,2,1,4,6,11,1,0.18,0.55,4,13,D,2,2
26/04/2008,Tottenham,Bolton,2,1,6,7,4,7,0.31,0.54,6,7,D,1,1
26/04/2008,Sunderland,Middlesbrough,2,0,7,6,4,5,0.22,0.56,9,5,H,3,2
26/04/2008,Man City,Fulham,2,1,6,7,5,9,0.36,0.18,7,4,A,2,3
26/04/2008,Chelsea,Man Utd,3,3,7,2,12,4,0.33,0.27,13,11,H,2,1
26/04/2008,Birmingham,Liverpool,2,2,6,11,7,5,0.33,0.22,4,10,D,2,2
27/04/2008,Portsmouth,Blackburn,4,1,4,5,6,6,0.33,0.56,7,6,A,0,1
27/04/2008,Everton,Aston Villa,3,2,3,4,15,6,0.33,0.4,5,9,D,2,2
28/04/2008,Derby,Arsenal,0,1,3,12,8,7,0.0,0.8,1,7,A,2,6
03/05/2008,Reading,Tottenham,2,1,0,7,5,8,0.33,0.67,2,4,A,0,1
03/05/2008,Middlesbrough,Portsmouth,2,2,5,8,4,4,0.11,0.44,2,7,H,2,0
03/05/2008,Man Utd,West Ham,4,0,10,6,5,7,0.45,0.36,8,4,H,4,1
03/05/2008,Aston Villa,Wigan,3,0,17,7,4,4,0.2,0.4,10,6,A,0,2
03/05/2008,Bolton,Sunderland,1,2,5,8,9,8,0.29,0.43,7,9,H,2,0
03/05/2008,Blackburn,Derby,2,0,4,5,5,17,0.33,0.67,6,1,H,3,1
03/05/2008,Fulham,Birmingham,1,0,8,9,7,11,0.11,0.33,7,5,H,2,0
04/05/2008,Arsenal,Everton,2,2,13,7,4,5,0.6,0.27,10,5,H,1,0
04/05/2008,Liverpool,Man City,5,2,9,4,8,10,0.54,0.15,11,6,H,1,0
05/05/2008,Newcastle,Chelsea,3,4,11,3,7,2,0.2,0.53,11,13,A,0,2
11/05/2008,Birmingham,Blackburn,2,2,4,12,7,6,0.22,0.44,2,8,H,4,1
11/05/2008,Chelsea,Bolton,4,1,8,2,5,5,0.62,0.08,13,10,D,1,1
11/05/2008,Middlesbrough,Man City,2,1,7,7,7,8,0.38,0.23,5,6,H,8,1
11/05/2008,Everton,Newcastle,2,1,4,5,7,4,0.33,0.4,5,8,H,3,1
11/05/2008,Derby,Reading,0,1,4,18,0,8,0.0,1.0,0,1,A,0,4
11/05/2008,Sunderland,Arsenal,2,2,7,9,11,5,0.11,0.67,6,10,A,0,1
11/05/2008,Tottenham,Liverpool,1,2,5,4,9,4,0.2,0.47,7,11,A,0,2
11/05/2008,West Ham,Aston Villa,2,1,5,9,17,5,0.18,0.36,4,10,D,2,2
11/05/2008,Wigan,Man Utd,2,2,6,2,10,7,0.0,1.0,9,8,A,0,2
11/05/2008,Portsmouth,Fulham,3,2,2,6,8,7,0.44,0.22,4,9,A,0,1
16/08/2008,Arsenal,West Brom,2,0,11,4,3,9,0.67,0.17,12,2,H,1,0
16/08/2008,Everton,Blackburn,2,1,6,6,7,9,0.36,0.36,5,7,A,2,3
16/08/2008,Bolton,Stoke,2,0,6,2,0,0,0.0,0.0,11,0,H,3,1
16/08/2008,West Ham,Wigan,2,1,7,10,4,4,0.33,0.5,5,6,H,2,1
16/08/2008,Hull,Fulham,0,3,0,0,8,4,0.0,0.0,0,12,H,2,1
16/08/2008,Sunderland,Liverpool,2,2,4,9,10,3,0.1,0.6,3,13,A,0,1
16/08/2008,Middlesbrough,Tottenham,3,1,13,6,4,5,0.25,0.31,7,6,H,2,1
17/08/2008,Aston Villa,Man City,2,1,15,7,8,14,0.21,0.57,8,6,H,4,2
17/08/2008,Chelsea,Portsmouth,3,1,7,3,1,7,0.9,0.0,11,1,H,4,0
17/08/2008,Man Utd,Newcastle,5,1,10,5,5,7,0.75,0.06,10,5,D,1,1
23/08/2008,Liverpool,Middlesbrough,5,0,8,2,14,6,0.38,0.19,13,9,H,2,1
23/08/2008,Tottenham,Sunderland,1,2,4,6,3,8,0.7,0.2,5,3,A,1,2
23/08/2008,West Brom,Everton,0,1,2,7,7,8,0.33,0.5,2,4,A,1,2
23/08/2008,Newcastle,Bolton,3,1,6,8,8,3,0.43,0.43,5,11,H,1,0
23/08/2008,Stoke,Aston Villa,0,1,1,3,13,9,0.0,0.0,0,8,H,3,2
23/08/2008,Fulham,Arsenal,2,3,7,6,11,2,0.07,0.86,9,15,H,1,0
23/08/2008,Blackburn,Hull,2,0,9,8,2,1,0.0,0.0,10,3,D,1,1
24/08/2008,Wigan,Chelsea,2,4,4,5,10,2,0.0,0.83,5,13,A,0,1
24/08/2008,Man City,West Ham,2,0,8,17,9,10,0.5,0.3,3,8,H,3,0
25/08/2008,Portsmouth,Man Utd,2,2,1,11,9,5,0.3,0.6,0,8,A,0,1
30/08/2008,Hull,Wigan,1,1,3,2,3,5,0.0,0.0,4,4,A,0,5
30/08/2008,Arsenal,Newcastle,3,1,9,3,5,8,0.5,0.12,12,5,H,3,0
30/08/2008,Bolton,West Brom,3,0,7,4,3,9,0.17,0.17,8,1,D,0,0
30/08/2008,Everton,Portsmouth,2,1,9,8,0,9,0.7,0.2,7,0,A,0,3
30/08/2008,Middlesbrough,Stoke,3,0,15,7,4,5,0.0,0.0,9,3,H,2,1
30/08/2008,West Ham,Blackburn,2,2,7,12,9,8,0.7,0.2,5,10,H,4,1
31/08/2008,Aston Villa,Liverpool,3,3,10,11,8,3,0.06,0.62,5,13,D,0,0
31/08/2008,Chelsea,Tottenham,3,1,10,2,4,7,0.69,0.06,13,4,D,1,1
31/08/2008,Sunderland,Man City,2,1,5,7,8,16,0.12,0.88,6,3,A,0,3
13/09/2008,Blackburn,Arsenal,2,3,9,12,6,1,0.21,0.64,7,12,A,0,4
13/09/2008,Liverpool,Man Utd,5,2,6,1,9,4,0.31,0.62,13,10,H,2,1
13/09/2008,Fulham,Bolton,3,1,8,4,6,3,0.5,0.21,12,8,H,2,1
13/09/2008,Man City,Chelsea,3,4,9,13,9,2,0.07,0.86,6,11,A,1,3
13/09/2008,Wigan,Sunderland,1,3,8,5,2,8,0.75,0.25,6,3,D,1,1
13/09/2008,Portsmouth,Middlesbrough,1,0,3,8,15,5,0.4,0.2,3,12,H,2,1
13/09/2008,West Brom,West Ham,0,0,3,6,9,11,0.25,0.75,2,7,H,3,2
13/09/2008,Newcastle,Hull,4,0,3,9,3,7,0.0,0.0,4,4,A,1,2
14/09/2008,Stoke,Everton,1,1,5,7,7,9,0.0,0.0,3,6,A,2,3
15/09/2008,Tottenham,Aston Villa,0,1,4,7,8,9,0.31,0.25,4,5,A,1,2
20/09/2008,Bolton,Arsenal,3,3,5,5,9,1,0.21,0.43,5,12,A,1,3
20/09/2008,West Ham,Newcastle,3,0,10,10,4,9,0.17,0.5,7,4,H,3,1
20/09/2008,Blackburn,Fulham,1,3,6,15,7,3,0.5,0.29,4,12,H,1,0
20/09/2008,Sunderland,Middlesbrough,1,0,3,7,14,7,0.3,0.5,4,9,H,2,0
20/09/2008,Liverpool,Stoke,5,0,7,2,7,10,0.0,0.0,13,3,D,0,0
21/09/2008,Chelsea,Man Utd,2,2,10,3,9,4,0.38,0.25,11,10,D,1,1
21/09/2008,Hull,Everton,1,2,5,8,10,10,0.0,0.0,7,9,D,2,2
21/09/2008,Man City,Portsmouth,2,2,10,15,5,7,0.4,0.3,6,6,H,6,0
21/09/2008,Tottenham,Wigan,0,2,4,9,7,6,0.5,0.0,1,4,D,0,0
21/09/2008,West Brom,Aston Villa,1,2,6,7,10,8,0.0,0.33,5,8,A,1,2
27/09/2008,Everton,Liverpool,1,3,9,11,5,2,0.12,0.62,7,11,A,0,2
27/09/2008,Aston Villa,Sunderland,3,2,10,7,5,6,0.3,0.2,10,7,H,2,1
27/09/2008,Arsenal,Hull,4,1,11,2,7,10,0.0,0.0,12,8,A,1,2
27/09/2008,Fulham,West Ham,3,0,5,4,11,9,0.1,0.6,9,9,A,1,2
27/09/2008,Newcastle,Blackburn,3,2,4,9,6,11,0.36,0.43,4,7,A,1,2
27/09/2008,Stoke,Chelsea,1,5,7,10,10,3,0.0,0.0,4,11,A,0,2
27/09/2008,Middlesbrough,West Brom,4,0,6,8,5,7,0.67,0.17,6,4,A,0,1
27/09/2008,Man Utd,Bolton,4,1,6,4,5,7,0.64,0.21,8,4,H,2,0
28/09/2008,Portsmouth,Tottenham,1,1,5,12,4,7,0.2,0.7,6,2,H,2,0
28/09/2008,Wigan,Man City,0,2,7,4,15,7,0.67,0.0,5,9,H,2,1
04/10/2008,West Brom,Fulham,1,3,6,6,5,6,0.17,0.5,7,6,H,1,0
04/10/2008,Wigan,Middlesbrough,1,0,8,3,4,8,0.33,0.33,8,3,A,0,1
04/10/2008,Blackburn,Man Utd,2,2,5,10,6,4,0.29,0.43,7,8,A,0,2
04/10/2008,Sunderland,Arsenal,2,4,6,7,11,4,0.1,0.7,7,9,D,1,1
05/10/2008,Tottenham,Hull,0,2,3,7,7,10,0.0,0.0,2,8,A,0,1
05/10/2008,West Ham,Bolton,3,0,11,9,2,8,0.2,0.6,9,1,A,1,3
05/10/2008,Portsmouth,Stoke,2,0,7,8,6,9,0.0,0.0,9,4,H,2,1
05/10/2008,Chelsea,Aston Villa,2,2,8,3,8,6,0.31,0.25,11,10,H,2,0
05/10/2008,Everton,Newcastle,1,0,7,10,4,10,0.38,0.38,7,3,D,2,2
05/10/2008,Man City,Liverpool,3,3,14,5,6,2,0.14,0.57,9,11,A,2,3
18/10/2008,Middlesbrough,Chelsea,4,5,4,6,9,3,0.19,0.62,6,11,A,0,5
18/10/2008,Man Utd,West Brom,4,1,7,3,6,4,0.83,0.0,10,10,H,4,0
18/10/2008,Fulham,Sunderland,3,1,4,5,5,7,0.5,0.25,6,5,D,0,0
18/10/2008,Liverpool,Wigan,4,2,7,3,8,3,0.83,0.0,11,8,H,3,2
18/10/2008,Aston Villa,Portsmouth,3,1,6,5,9,8,0.4,0.3,10,12,D,0,0
18/10/2008,Arsenal,Everton,4,2,12,4,7,11,0.62,0.25,10,5,H,3,1
18/10/2008,Bolton,Blackburn,3,3,5,8,4,11,0.21,0.29,4,6,D,0,0
19/10/2008,Stoke,Tottenham,1,1,4,9,2,6,0.0,0.0,1,2,H,2,1
19/10/2008,Hull,West Ham,1,1,7,9,12,9,0.0,0.0,10,9,H,1,0
20/10/2008,Newcastle,Man City,2,1,5,12,13,8,0.36,0.5,1,6,D,2,2
25/10/2008,Blackburn,Middlesbrough,2,1,3,7,2,10,0.57,0.29,7,3,D,1,1
25/10/2008,Everton,Man Utd,1,3,8,11,10,3,0.06,0.81,5,10,D,1,1
25/10/2008,Sunderland,Newcastle,1,0,5,4,7,11,0.1,0.6,6,2,H,2,1
25/10/2008,West Brom,Hull,2,3,6,8,8,4,0.0,0.0,9,13,A,0,3
26/10/2008,Portsmouth,Fulham,3,2,6,8,3,5,0.4,0.3,10,4,D,1,1
26/10/2008,Chelsea,Liverpool,2,4,13,2,10,5,0.56,0.25,13,13,A,0,1
26/10/2008,Man City,Stoke,2,0,12,10,5,8,0.0,0.0,4,4,H,3,0
26/10/2008,Wigan,Aston Villa,1,2,5,6,6,5,0.5,0.17,5,10,A,0,4
26/10/2008,West Ham,Arsenal,3,3,8,9,12,5,0.25,0.5,6,10,A,0,2
26/10/2008,Tottenham,Bolton,0,1,2,7,5,8,0.29,0.5,1,4,H,2,0
28/10/2008,Newcastle,West Brom,1,1,7,11,3,9,0.67,0.0,2,6,H,2,1
29/10/2008,Man Utd,West Ham,4,1,10,2,6,8,0.5,0.33,11,6,H,2,0
29/10/2008,Stoke,Sunderland,2,1,3,8,6,4,0.0,0.0,4,8,H,1,0
29/10/2008,Middlesbrough,Man City,3,1,2,9,14,7,0.43,0.21,4,7,H,2,0
29/10/2008,Liverpool,Portsmouth,4,1,9,4,5,8,0.5,0.2,13,8,H,1,0
29/10/2008,Arsenal,Tottenham,4,1,10,5,3,5,0.56,0.0,10,4,D,4,4
29/10/2008,Fulham,Wigan,3,2,2,5,4,9,0.17,0.33,2,4,H,2,0
29/10/2008,Bolton,Everton,2,2,4,8,6,10,0.29,0.5,4,3,A,0,1
29/10/2008,Aston Villa,Blackburn,2,2,8,4,4,4,0.57,0.21,10,8,H,3,2
29/10/2008,Hull,Chelsea,2,5,9,3,10,2,0.0,0.0,13,10,A,0,3
01/11/2008,Middlesbrough,West Ham,3,1,4,7,3,9,0.33,0.58,7,3,D,1,1
01/11/2008,Everton,Fulham,0,1,5,8,4,4,0.5,0.5,5,5,H,1,0
01/11/2008,Man Utd,Hull,4,4,11,1,7,4,0.0,0.0,13,12,H,4,3
01/11/2008,Chelsea,Sunderland,2,1,12,1,4,5,0.7,0.2,12,5,H,5,0
01/11/2008,Tottenham,Liverpool,1,4,7,9,10,4,0.19,0.5,4,15,H,2,1
01/11/2008,West Brom,Blackburn,2,2,3,9,5,7,0.17,0.33,6,5,D,2,2
01/11/2008,Stoke,Arsenal,3,3,4,8,11,8,0.0,0.0,6,8,H,2,1
01/11/2008,Portsmouth,Wigan,3,1,5,3,4,11,0.67,0.33,8,3,A,1,2
02/11/2008,Bolton,Man City,1,1,3,6,8,9,0.42,0.42,4,4,H,2,0
03/11/2008,Newcastle,Aston Villa,2,3,8,9,9,5,0.31,0.25,5,10,H,2,0
08/11/2008,West Ham,Everton,3,3,2,9,6,6,0.25,0.42,1,8,A,1,3
08/11/2008,Wigan,Stoke,1,0,4,11,6,7,0.0,0.0,3,9,D,0,0
08/11/2008,Sunderland,Portsmouth,2,1,3,8,4,5,0.25,0.75,5,5,A,1,2
08/11/2008,Hull,Bolton,2,1,8,7,5,4,0.0,0.0,9,7,A,0,1
08/11/2008,Arsenal,Man Utd,3,2,11,8,13,4,0.31,0.38,8,13,H,2,1
08/11/2008,Liverpool,West Brom,4,1,9,6,4,11,1.0,0.0,12,4,H,3,0
09/11/2008,Man City,Tottenham,3,0,7,9,9,8,0.14,0.64,4,7,A,1,2
09/11/2008,Fulham,Newcastle,3,0,3,3,9,7,0.43,0.43,5,8,H,2,1
09/11/2008,Aston Villa,Middlesbrough,3,1,7,6,5,7,0.44,0.25,7,8,A,1,2
09/11/2008,Blackburn,Chelsea,1,5,5,8,15,1,0.14,0.57,3,12,A,0,2
15/11/2008,West Brom,Chelsea,2,5,3,14,15,1,0.0,1.0,1,12,A,0,3
15/11/2008,Arsenal,Aston Villa,3,3,12,8,8,6,0.69,0.0,10,7,A,0,2
15/11/2008,Blackburn,Sunderland,1,0,5,8,3,9,0.5,0.25,3,4,A,1,2
15/11/2008,Bolton,Liverpool,1,3,3,3,9,4,0.21,0.57,7,12,A,0,2
15/11/2008,Fulham,Tottenham,3,1,5,3,11,8,0.36,0.36,8,10,H,2,1
15/11/2008,Man Utd,Stoke,4,0,12,6,5,5,0.0,0.0,10,10,H,5,0
15/11/2008,Newcastle,Wigan,2,2,8,7,4,10,0.5,0.5,7,4,D,2,2
15/11/2008,West Ham,Portsmouth,2,2,2,9,4,5,0.0,0.67,1,5,D,0,0
16/11/2008,Hull,Man City,1,1,7,8,6,8,0.0,0.0,6,4,D,2,2
16/11/2008,Everton,Middlesbrough,1,2,7,5,6,8,0.5,0.19,10,8,D,1,1
22/11/2008,Middlesbrough,Bolton,2,2,7,4,3,5,0.29,0.29,9,6,A,1,3
22/11/2008,Portsmouth,Hull,3,4,4,5,8,10,0.0,0.0,5,4,D,2,2
22/11/2008,Man City,Arsenal,2,3,6,8,9,9,0.07,0.86,4,7,H,3,0
22/11/2008,Stoke,West Brom,3,1,3,9,3,13,0.0,0.0,7,1,H,1,0
22/11/2008,Chelsea,Newcastle,2,0,13,1,8,7,0.56,0.19,12,7,D,0,0
22/11/2008,Aston Villa,Man Utd,2,1,10,6,13,6,0.0,0.88,9,10,D,0,0
22/11/2008,Liverpool,Fulham,4,0,8,2,7,4,0.64,0.21,12,10,D,0,0
23/11/2008,Sunderland,West Ham,2,1,5,10,2,8,0.3,0.5,6,2,A,0,1
23/11/2008,Tottenham,Blackburn,2,1,11,8,6,10,0.36,0.29,10,2,H,1,0
24/11/2008,Wigan,Everton,1,3,4,9,7,3,0.17,0.5,5,11,H,1,0
29/11/2008,Sunderland,Bolton,2,3,3,10,6,4,0.38,0.38,3,9,A,1,4
29/11/2008,Stoke,Hull,4,3,4,6,7,12,0.0,0.0,10,2,D,1,1
29/11/2008,Wigan,West Brom,2,1,5,5,3,11,0.5,0.5,8,1,H,2,1
29/11/2008,Aston Villa,Fulham,2,0,6,6,6,3,0.43,0.14,7,10,D,0,0
29/11/2008,Middlesbrough,Newcastle,1,0,7,6,7,5,0.19,0.44,8,8,D,0,0
30/11/2008,Man City,Man Utd,3,1,6,8,12,5,0.36,0.36,4,10,A,0,1
30/11/2008,Chelsea,Arsenal,2,2,13,0,7,12,0.19,0.31,13,4,A,1,2
30/11/2008,Portsmouth,Blackburn,2,1,5,6,5,10,0.3,0.6,5,1,H,3,2
30/11/2008,Tottenham,Everton,3,2,10,8,6,3,0.5,0.19,10,10,A,0,1
01/12/2008,Liverpool,West Ham,3,2,7,2,3,6,0.75,0.08,10,5,D,0,0
06/12/2008,Newcastle,Stoke,2,0,5,4,4,7,0.0,0.0,6,8,D,2,2
06/12/2008,Arsenal,Wigan,2,1,5,9,7,4,0.83,0.0,6,11,H,1,0
06/12/2008,Blackburn,Liverpool,1,4,5,10,6,2,0.07,0.43,1,8,A,1,3
06/12/2008,Bolton,Chelsea,1,5,10,4,11,2,0.07,0.57,12,10,A,0,2
06/12/2008,Fulham,Man City,3,0,4,3,6,7,0.25,0.33,8,4,D,1,1
06/12/2008,Hull,Middlesbrough,1,2,8,10,5,6,0.0,0.0,3,6,H,2,1
06/12/2008,Man Utd,Sunderland,5,1,11,5,4,13,0.8,0.0,10,3,H,1,0
07/12/2008,Everton,Aston Villa,1,3,6,3,3,4,0.31,0.38,10,5,A,2,3
07/12/2008,West Brom,Portsmouth,1,1,3,11,8,7,0.5,0.5,1,8,D,1,1
08/12/2008,West Ham,Tottenham,1,1,3,4,6,5,0.17,0.5,6,9,A,0,2
13/12/2008,Liverpool,Hull,3,2,8,1,7,7,0.0,0.0,11,6,D,2,2
13/12/2008,Middlesbrough,Arsenal,1,2,5,7,5,7,0.19,0.62,5,9,D,1,1
13/12/2008,Man City,Everton,2,3,7,6,7,6,0.36,0.43,5,7,A,0,1
13/12/2008,Aston Villa,Bolton,1,4,6,4,8,6,0.29,0.21,8,9,H,4,2
13/12/2008,Stoke,Fulham,4,0,4,8,5,3,0.0,0.0,6,9,D,0,0
13/12/2008,Sunderland,West Brom,1,0,4,9,2,10,0.25,0.25,3,1,H,4,0
13/12/2008,Tottenham,Man Utd,3,2,6,4,8,2,0.06,0.75,9,10,D,0,0
13/12/2008,Wigan,Blackburn,2,0,5,4,4,11,0.17,0.67,8,0,H,3,0
14/12/2008,Chelsea,West Ham,2,1,8,2,2,5,0.75,0.25,10,5,D,1,1
14/12/2008,Portsmouth,Newcastle,2,0,8,6,5,6,0.2,0.3,9,4,A,0,3
20/12/2008,Hull,Sunderland,2,1,9,8,7,7,0.0,0.0,7,6,A,1,4
20/12/2008,Bolton,Portsmouth,1,1,9,10,6,8,0.4,0.4,6,6,H,2,1
20/12/2008,Fulham,Middlesbrough,3,2,3,2,4,7,0.36,0.5,7,3,H,3,0
20/12/2008,West Ham,Aston Villa,0,3,2,3,9,4,0.17,0.33,6,11,A,0,1
20/12/2008,Blackburn,Stoke,0,0,4,12,4,8,0.0,0.0,0,6,H,3,0
21/12/2008,West Brom,Man City,1,0,2,11,6,5,0.5,0.17,1,5,H,2,1
21/12/2008,Arsenal,Liverpool,3,4,4,7,7,3,0.44,0.25,7,9,D,1,1
21/12/2008,Newcastle,Tottenham,2,2,7,4,4,3,0.62,0.38,7,7,H,2,1
22/12/2008,Everton,Chelsea,1,5,5,5,7,3,0.06,0.62,7,8,D,0,0
26/12/2008,Stoke,Man Utd,3,1,4,6,7,0,0.0,1.0,6,11,A,0,1
26/12/2008,Wigan,Newcastle,3,1,8,4,7,3,0.43,0.43,10,9,H,2,1
26/12/2008,Tottenham,Fulham,3,0,4,3,4,1,0.33,0.4,7,7,D,0,0
26/12/2008,Sunderland,Blackburn,2,0,9,7,6,10,0.33,0.44,6,3,D,0,0
26/12/2008,Portsmouth,West Ham,1,1,7,10,2,4,0.57,0.0,5,5,A,1,4
26/12/2008,Man City,Hull,2,1,5,5,8,10,0.0,0.0,4,6,H,5,1
26/12/2008,Liverpool,Bolton,2,3,6,4,11,9,0.6,0.2,7,9,H,3,0
26/12/2008,Chelsea,West Brom,1,0,4,3,4,9,1.0,0.0,6,4,H,2,0
26/12/2008,Aston Villa,Arsenal,2,2,8,4,5,6,0.06,0.65,11,8,D,2,2
26/12/2008,Middlesbrough,Everton,1,4,3,9,4,4,0.18,0.47,2,7,A,0,1
28/12/2008,Fulham,Chelsea,4,4,4,1,6,3,0.07,0.57,7,8,D,2,2
28/12/2008,West Ham,Stoke,0,0,5,5,3,7,0.0,0.0,5,3,H,2,1
28/12/2008,West Brom,Tottenham,1,2,4,10,3,3,0.17,0.5,4,5,H,2,0
28/12/2008,Newcastle,Liverpool,3,3,8,5,9,4,0.25,0.56,8,9,A,1,5
28/12/2008,Everton,Sunderland,1,2,5,3,9,6,0.6,0.2,10,7,H,3,0
28/12/2008,Bolton,Wigan,2,1,8,11,8,3,0.33,0.5,6,12,A,0,1
28/12/2008,Blackburn,Man City,1,0,6,9,7,6,0.42,0.08,4,4,D,2,2
28/12/2008,Arsenal,Portsmouth,2,1,7,5,6,12,0.4,0.0,9,4,H,1,0
29/12/2008,Man Utd,Middlesbrough,5,1,3,0,2,7,0.5,0.25,11,2,H,1,0
30/12/2008,Hull,Aston Villa,1,4,7,13,10,6,0.0,0.0,5,11,A,0,1
10/01/2009,Stoke,Liverpool,2,3,3,8,14,5,0.0,0.0,2,11,D,0,0
10/01/2009,Newcastle,West Ham,2,2,9,10,7,6,0.46,0.23,7,7,D,2,2
10/01/2009,Middlesbrough,Sunderland,0,2,2,8,8,5,0.45,0.36,1,7,D,1,1
10/01/2009,Everton,Hull,2,0,7,3,6,13,0.0,0.0,10,4,H,2,0
10/01/2009,Aston Villa,West Brom,1,0,11,6,5,8,0.43,0.0,13,7,H,2,1
10/01/2009,Arsenal,Bolton,3,3,6,4,4,11,0.47,0.2,9,3,H,1,0
11/01/2009,Man Utd,Chelsea,5,3,4,0,7,3,0.24,0.35,13,9,H,3,0
11/01/2009,Wigan,Tottenham,4,2,8,3,3,4,0.0,0.43,12,5,H,1,0
14/01/2009,Man Utd,Wigan,5,2,6,0,7,2,1.0,0.0,13,12,H,1,0
17/01/2009,Blackburn,Newcastle,1,1,6,8,9,10,0.47,0.33,5,7,H,3,0
17/01/2009,Hull,Arsenal,1,1,4,14,6,4,1.0,0.0,1,9,A,1,3
17/01/2009,Chelsea,Stoke,2,0,5,6,1,6,1.0,0.0,6,2,H,2,1
17/01/2009,Man City,Wigan,2,2,9,7,7,2,0.0,0.71,5,12,H,1,0
17/01/2009,West Brom,Middlesbrough,2,1,5,9,2,7,0.29,0.57,6,2,H,3,0
17/01/2009,Sunderland,Aston Villa,1,4,9,5,10,5,0.18,0.36,8,13,A,1,2
17/01/2009,Bolton,Man Utd,2,2,4,10,6,0,0.2,0.67,3,13,A,0,1
18/01/2009,Tottenham,Portsmouth,2,1,1,5,3,11,0.64,0.27,2,1,D,1,1
18/01/2009,West Ham,Fulham,1,0,9,6,6,3,0.64,0.09,8,7,H,3,1
19/01/2009,Liverpool,Everton,2,4,11,4,7,0,0.65,0.12,9,13,D,1,1
27/01/2009,West Brom,Man Utd,3,3,8,5,7,0,0.0,0.86,9,15,A,0,5
27/01/2009,Tottenham,Stoke,1,0,2,6,2,8,0.0,1.0,2,1,H,3,1
27/01/2009,Portsmouth,Aston Villa,1,5,3,11,8,4,0.27,0.36,1,13,A,0,1
27/01/2009,Sunderland,Fulham,1,0,6,7,6,5,0.22,0.44,5,6,H,1,0
28/01/2009,Wigan,Liverpool,5,3,4,3,10,3,0.0,0.86,9,9,D,1,1
28/01/2009,Man City,Newcastle,3,1,9,6,6,13,0.47,0.33,7,4,H,2,1
28/01/2009,West Ham,Hull,2,0,11,6,3,15,0.0,1.0,10,0,H,2,0
28/01/2009,Chelsea,Middlesbrough,2,0,6,6,1,9,0.65,0.18,8,1,H,2,0
28/01/2009,Blackburn,Bolton,2,2,8,5,2,7,0.27,0.2,8,3,D,2,2
28/01/2009,Everton,Arsenal,2,2,7,1,8,4,0.24,0.65,11,11,D,1,1
31/01/2009,Aston Villa,Wigan,2,1,8,4,3,3,0.29,0.43,13,7,D,0,0
31/01/2009,Arsenal,West Ham,3,2,8,4,13,5,0.54,0.23,11,13,D,0,0
31/01/2009,Bolton,Tottenham,1,1,2,8,4,5,0.47,0.33,1,5,H,3,2
31/01/2009,Fulham,Portsmouth,3,0,6,6,3,9,0.27,0.36,5,1,H,3,1
31/01/2009,Hull,West Brom,1,0,2,13,6,9,1.0,0.0,0,6,D,2,2
31/01/2009,Man Utd,Everton,5,3,11,0,8,2,0.76,0.06,15,11,H,1,0
31/01/2009,Middlesbrough,Blackburn,0,0,1,8,10,4,0.27,0.53,1,9,D,0,0
31/01/2009,Stoke,Man City,1,0,3,8,11,6,0.0,1.0,1,10,H,1,0
01/02/2009,Newcastle,Sunderland,1,2,5,14,3,6,0.55,0.18,1,5,D,1,1
01/02/2009,Liverpool,Chelsea,1,2,10,3,8,6,0.29,0.53,9,10,H,2,0
07/02/2009,Blackburn,Aston Villa,2,5,7,4,6,2,0.2,0.6,7,13,A,0,2
07/02/2009,Chelsea,Hull,3,0,6,8,3,10,1.0,0.0,7,1,D,0,0
07/02/2009,Man City,Middlesbrough,3,0,10,5,1,7,0.2,0.47,10,2,H,1,0
07/02/2009,Everton,Bolton,2,1,7,3,5,7,0.53,0.27,8,4,H,3,0
07/02/2009,Sunderland,Stoke,2,0,4,7,4,7,0.0,1.0,5,4,H,2,0
07/02/2009,Portsmouth,Liverpool,1,2,3,10,9,3,0.18,0.55,1,9,A,2,3
07/02/2009,West Brom,Newcastle,3,1,8,9,5,13,0.0,0.71,7,2,A,2,3
07/02/2009,Wigan,Fulham,4,0,2,3,6,7,0.29,0.29,5,5,D,0,0
08/02/2009,Tottenham,Arsenal,1,2,6,8,6,2,0.0,0.53,4,11,D,0,0
08/02/2009,West Ham,Man Utd,3,4,9,4,11,0,0.31,0.54,11,15,A,0,1
14/02/2009,Portsmouth,Man City,1,0,4,9,6,4,0.27,0.45,1,10,H,2,0
18/02/2009,Man Utd,Fulham,5,0,9,0,6,7,0.71,0.07,15,5,H,3,0
21/02/2009,Bolton,West Ham,2,1,5,9,7,4,0.64,0.18,4,8,H,2,1
21/02/2009,Arsenal,Sunderland,3,1,5,2,6,4,0.64,0.09,9,8,D,0,0
21/02/2009,Aston Villa,Chelsea,2,1,7,2,4,6,0.24,0.35,13,7,A,0,1
21/02/2009,Man Utd,Blackburn,5,0,11,0,7,6,0.47,0.27,15,6,H,2,1
21/02/2009,Middlesbrough,Wigan,0,1,1,7,1,3,0.43,0.29,2,3,D,0,0
21/02/2009,Stoke,Portsmouth,1,0,3,7,6,8,0.0,1.0,4,4,D,2,2
22/02/2009,Fulham,West Brom,3,0,4,8,8,12,0.43,0.29,4,4,H,2,0
22/02/2009,Liverpool,Man City,2,0,7,4,4,4,0.6,0.13,9,9,D,1,1
22/02/2009,Newcastle,Everton,1,3,7,10,7,3,0.35,0.35,5,8,D,0,0
23/02/2009,Hull,Tottenham,1,1,3,9,6,6,1.0,0.0,2,5,A,1,2
28/02/2009,Chelsea,Wigan,3,1,5,3,1,2,0.86,0.0,10,4,H,2,1
28/02/2009,Arsenal,Fulham,2,0,4,2,5,5,0.8,0.13,7,7,D,0,0
28/02/2009,Middlesbrough,Liverpool,0,2,0,6,8,5,0.18,0.41,2,9,H,2,0
28/02/2009,Everton,West Brom,3,0,5,3,7,12,0.57,0.29,6,4,H,2,0
01/03/2009,Aston Villa,Stoke,2,0,5,2,5,9,0.0,1.0,10,4,D,2,2
01/03/2009,Bolton,Newcastle,3,2,7,9,5,8,0.4,0.47,7,5,H,1,0
01/03/2009,Hull,Blackburn,0,0,4,9,6,6,0.0,0.0,2,5,A,1,2
01/03/2009,West Ham,Man City,3,0,6,4,4,5,0.27,0.55,7,7,H,1,0
03/03/2009,Liverpool,Sunderland,2,1,7,6,5,3,0.64,0.09,8,8,H,2,0
03/03/2009,Portsmouth,Chelsea,1,1,7,9,5,3,0.0,0.91,4,10,A,0,1
03/03/2009,West Brom,Arsenal,3,1,4,14,1,1,0.14,0.71,1,5,A,1,3
04/03/2009,Stoke,Bolton,1,0,6,9,8,8,0.0,1.0,5,10,H,2,0
04/03/2009,Wigan,West Ham,3,1,2,3,4,3,0.43,0.43,4,7,A,0,1
04/03/2009,Blackburn,Everton,2,2,5,7,6,2,0.4,0.33,5,8,D,0,0
04/03/2009,Fulham,Hull,3,0,5,4,4,8,0.0,1.0,8,2,A,0,1
04/03/2009,Man City,Aston Villa,4,5,2,5,5,3,0.53,0.27,4,8,H,2,0
04/03/2009,Newcastle,Man Utd,1,4,5,6,12,1,0.06,0.71,5,15,A,1,2
04/03/2009,Tottenham,Middlesbrough,1,0,8,6,2,3,0.29,0.29,8,5,H,4,0
07/03/2009,Sunderland,Tottenham,3,1,4,3,11,5,0.27,0.64,8,10,D,1,1
11/03/2009,Fulham,Blackburn,3,1,2,4,3,5,0.27,0.53,5,5,A,1,2
14/03/2009,Arsenal,Blackburn,2,2,3,1,5,6,0.67,0.2,7,7,H,4,0
14/03/2009,Bolton,Fulham,3,0,6,8,3,6,0.2,0.53,9,4,A,1,3
14/03/2009,Everton,Stoke,4,0,5,1,7,6,1.0,0.0,8,8,H,3,1
14/03/2009,Hull,Newcastle,0,1,5,6,5,6,1.0,0.0,5,5,D,1,1
14/03/2009,Man Utd,Liverpool,5,2,9,2,8,5,0.59,0.35,15,10,A,1,4
14/03/2009,Middlesbrough,Portsmouth,1,0,2,5,7,9,0.18,0.45,5,4,D,1,1
14/03/2009,Sunderland,Wigan,2,0,4,4,1,3,0.2,0.6,6,3,A,1,2
15/03/2009,Aston Villa,Tottenham,1,1,4,5,9,5,0.29,0.29,5,8,A,1,2
15/03/2009,Chelsea,Man City,4,0,4,3,4,4,0.87,0.07,10,7,H,1,0
16/03/2009,West Ham,West Brom,4,0,3,3,5,12,0.6,0.4,7,1,D,0,0
21/03/2009,Blackburn,West Ham,1,2,5,8,3,3,0.18,0.73,7,7,D,1,1
21/03/2009,Fulham,Man Utd,2,5,6,4,9,6,0.07,0.73,7,12,H,2,0
21/03/2009,West Brom,Bolton,2,0,3,10,4,9,0.14,0.14,1,6,D,1,1
21/03/2009,Newcastle,Arsenal,0,2,5,6,7,1,0.12,0.53,5,9,A,1,3
21/03/2009,Stoke,Middlesbrough,2,0,7,9,3,6,0.0,1.0,5,5,H,1,0
21/03/2009,Tottenham,Chelsea,2,2,9,3,5,1,0.06,0.65,11,13,H,1,0
21/03/2009,Portsmouth,Everton,1,1,7,7,8,1,0.27,0.64,5,11,H,2,1
22/03/2009,Liverpool,Aston Villa,3,4,10,6,5,7,0.59,0.06,10,4,H,5,0
22/03/2009,Man City,Sunderland,5,0,3,5,4,5,0.89,0.11,4,5,H,1,0
22/03/2009,Wigan,Hull,2,1,3,4,4,5,1.0,0.0,5,5,H,1,0
04/04/2009,Bolton,Middlesbrough,3,0,5,7,3,6,0.33,0.27,7,5,H,4,1
04/04/2009,Arsenal,Man City,2,0,10,2,4,3,0.8,0.13,11,7,H,2,0
04/04/2009,Blackburn,Tottenham,1,2,5,7,10,3,0.27,0.4,8,13,H,2,1
04/04/2009,Fulham,Liverpool,3,2,6,4,12,4,0.2,0.6,7,10,A,0,1
04/04/2009,Hull,Portsmouth,0,0,4,6,7,5,0.0,0.0,4,8,D,0,0
04/04/2009,West Brom,Stoke,1,0,2,8,8,7,0.0,1.0,2,8,A,0,2
04/04/2009,West Ham,Sunderland,3,0,4,3,2,6,0.55,0.27,8,2,H,2,0
04/04/2009,Newcastle,Chelsea,0,2,3,7,5,2,0.18,0.53,2,12,A,0,2
05/04/2009,Everton,Wigan,4,1,6,3,4,4,0.43,0.29,8,7,H,4,0
05/04/2009,Man Utd,Aston Villa,4,3,8,8,3,12,0.82,0.0,9,1,H,3,2
11/04/2009,Liverpool,Blackburn,3,2,12,3,5,7,0.47,0.07,12,8,H,4,0
11/04/2009,Chelsea,Bolton,4,0,6,2,7,7,0.6,0.07,12,7,H,4,3
11/04/2009,Portsmouth,West Brom,2,0,5,5,2,8,0.4,0.4,6,2,D,2,2
11/04/2009,Middlesbrough,Hull,1,1,4,10,3,4,0.0,1.0,4,5,H,3,1
11/04/2009,Wigan,Arsenal,2,3,4,8,12,2,0.0,0.86,6,13,A,1,4
11/04/2009,Sunderland,Man Utd,2,4,2,8,8,10,0.0,0.82,1,9,A,1,2
11/04/2009,Tottenham,West Ham,3,1,9,4,5,1,0.54,0.15,10,11,H,1,0
11/04/2009,Stoke,Newcastle,3,1,8,5,3,9,0.0,0.0,10,1,D,1,1
12/04/2009,Aston Villa,Everton,1,0,5,14,10,3,0.41,0.29,1,10,D,3,3
12/04/2009,Man City,Fulham,5,1,3,4,6,5,0.31,0.23,6,6,A,1,3
18/04/2009,Sunderland,Hull,2,1,3,8,3,5,1.0,0.0,1,5,H,1,0
18/04/2009,Middlesbrough,Fulham,2,2,5,11,9,5,0.47,0.4,4,9,D,0,0
18/04/2009,Portsmouth,Bolton,2,0,5,5,9,11,0.36,0.45,6,4,H,1,0
18/04/2009,Stoke,Blackburn,3,2,7,4,5,11,0.0,1.0,10,7,H,1,0
18/04/2009,Aston Villa,West Ham,0,1,6,15,4,2,0.38,0.15,1,8,D,1,1
19/04/2009,Man City,West Brom,4,0,4,6,4,8,0.14,0.57,6,3,H,4,2
19/04/2009,Tottenham,Newcastle,4,1,6,4,4,9,0.35,0.65,10,2,H,1,0
21/04/2009,Liverpool,Arsenal,4,3,16,1,16,3,0.24,0.41,15,15,D,4,4
22/04/2009,Chelsea,Everton,4,0,8,4,11,6,0.59,0.06,12,8,D,0,0
22/04/2009,Man Utd,Portsmouth,4,0,8,10,6,4,0.64,0.27,9,9,H,2,0
25/04/2009,Fulham,Stoke,2,1,8,3,6,4,0.0,0.0,10,10,H,1,0
25/04/2009,Hull,Liverpool,0,3,2,6,18,5,0.0,0.0,2,13,A,1,3
25/04/2009,Bolton,Aston Villa,4,2,9,10,7,14,0.2,0.33,4,2,D,1,1
25/04/2009,West Brom,Sunderland,0,0,5,9,3,7,0.2,0.4,3,3,H,3,0
25/04/2009,West Ham,Chelsea,3,3,4,3,7,4,0.23,0.69,6,10,A,0,1
25/04/2009,Everton,Man City,4,0,11,6,6,8,0.47,0.33,8,6,A,1,2
25/04/2009,Man Utd,Tottenham,4,2,8,9,6,3,0.71,0.06,9,12,H,5,2
26/04/2009,Arsenal,Middlesbrough,2,0,17,6,5,7,0.59,0.18,13,5,H,2,0
26/04/2009,Blackburn,Wigan,1,1,3,11,4,10,0.57,0.29,4,6,H,2,0
27/04/2009,Newcastle,Portsmouth,0,0,3,8,5,5,0.36,0.18,2,8,D,0,0
02/05/2009,Tottenham,West Brom,4,0,6,7,8,9,0.43,0.29,9,5,H,1,0
02/05/2009,Chelsea,Fulham,3,2,7,4,6,2,0.53,0.07,10,10,H,3,1
02/05/2009,Man City,Blackburn,4,2,8,8,5,7,0.08,0.38,9,7,H,3,1
02/05/2009,Middlesbrough,Man Utd,2,4,4,8,12,7,0.24,0.53,4,12,A,0,2
02/05/2009,Portsmouth,Arsenal,3,3,3,4,15,6,0.0,0.45,6,13,A,0,3
02/05/2009,Stoke,West Ham,3,1,5,2,4,4,0.0,1.0,10,5,A,0,1
02/05/2009,Wigan,Bolton,1,0,4,11,9,8,0.57,0.29,6,5,D,0,0
03/05/2009,Liverpool,Newcastle,3,1,17,5,2,7,0.59,0.24,13,2,H,3,0
03/05/2009,Sunderland,Everton,2,0,2,8,9,7,0.18,0.64,3,5,A,0,2
04/05/2009,Aston Villa,Hull,0,1,7,13,2,8,1.0,0.0,3,1,H,1,0
09/05/2009,Blackburn,Portsmouth,2,0,5,9,3,7,0.55,0.36,6,5,H,2,0
09/05/2009,Bolton,Sunderland,3,0,8,7,2,9,0.44,0.33,5,3,D,0,0
09/05/2009,Everton,Tottenham,4,2,10,5,6,7,0.24,0.47,8,9,D,0,0
09/05/2009,Fulham,Aston Villa,2,1,5,5,8,8,0.13,0.4,7,6,H,3,1
09/05/2009,Hull,Stoke,0,1,2,8,4,3,0.0,0.0,1,7,A,1,2
09/05/2009,West Brom,Wigan,1,1,7,9,2,10,0.33,0.67,4,4,H,3,1
09/05/2009,West Ham,Liverpool,2,4,4,3,15,5,0.08,0.69,7,13,A,0,3
10/05/2009,Arsenal,Chelsea,3,4,15,5,10,4,0.35,0.18,13,13,A,1,4
10/05/2009,Man Utd,Man City,4,1,14,5,10,9,0.4,0.33,15,9,H,2,0
11/05/2009,Newcastle,Middlesbrough,0,0,1,7,4,9,0.41,0.18,2,4,H,3,1
13/05/2009,Wigan,Man Utd,1,4,2,13,13,3,0.0,1.0,1,15,A,1,2
16/05/2009,Man Utd,Arsenal,4,4,13,3,14,9,0.35,0.35,15,10,D,0,0
16/05/2009,Everton,West Ham,3,2,6,5,2,6,0.46,0.23,6,4,H,3,1
16/05/2009,Tottenham,Man City,5,1,5,5,10,9,0.67,0.13,10,9,H,2,1
16/05/2009,Bolton,Hull,2,1,4,6,3,10,1.0,0.0,3,0,D,1,1
16/05/2009,Newcastle,Fulham,1,2,4,6,8,5,0.4,0.47,5,10,A,0,1
16/05/2009,Stoke,Wigan,3,1,4,4,3,11,0.0,0.0,7,1,H,2,0
16/05/2009,Middlesbrough,Aston Villa,2,0,4,8,7,8,0.29,0.41,4,6,D,1,1
17/05/2009,Chelsea,Blackburn,4,1,12,5,5,8,0.6,0.13,13,6,H,2,0
17/05/2009,West Brom,Liverpool,2,4,10,8,17,5,0.0,1.0,7,13,A,0,2
18/05/2009,Portsmouth,Sunderland,2,0,1,7,2,7,0.8,0.2,4,4,H,3,1
24/05/2009,Hull,Man Utd,0,4,3,8,11,3,0.0,1.0,1,13,A,0,1
24/05/2009,Arsenal,Stoke,3,2,10,8,5,3,0.0,1.0,8,9,H,4,1
24/05/2009,Aston Villa,Newcastle,1,0,5,6,3,6,0.24,0.35,6,4,H,1,0
24/05/2009,Blackburn,West Brom,3,0,5,6,8,8,0.29,0.14,6,6,D,0,0
24/05/2009,Fulham,Everton,3,1,6,4,6,3,0.47,0.53,10,8,A,0,2
24/05/2009,Man City,Bolton,4,0,10,8,2,3,0.38,0.46,9,4,H,1,0
24/05/2009,Sunderland,Chelsea,1,4,2,8,10,2,0.18,0.73,4,13,A,2,3
24/05/2009,West Ham,Middlesbrough,2,0,3,8,2,8,0.54,0.31,4,2,H,2,1
24/05/2009,Wigan,Portsmouth,1,0,2,9,3,8,0.43,0.57,1,4,H,1,0
24/05/2009,Liverpool,Tottenham,4,1,15,5,6,6,0.47,0.24,13,10,H,3,1
15/08/2009,Bolton,Sunderland,1,0,2,3,3,11,0.4,0.3,4,1,A,0,1
15/08/2009,Aston Villa,Wigan,2,1,5,5,3,7,0.25,0.38,8,4,A,0,2
15/08/2009,Chelsea,Hull,4,0,13,4,3,8,0.5,0.0,15,1,H,2,1
15/08/2009,Blackburn,Man City,3,1,5,5,7,6,0.36,0.14,7,9,A,0,2
15/08/2009,Stoke,Burnley,3,0,5,7,0,0,0.0,0.0,6,0,H,2,0
15/08/2009,Wolves,West Ham,2,1,7,6,4,8,0.0,0.0,8,6,A,0,2
15/08/2009,Portsmouth,Fulham,3,3,3,7,6,6,0.33,0.33,4,9,A,0,1
15/08/2009,Everton,Arsenal,3,3,8,3,10,5,0.22,0.61,10,10,A,1,6
16/08/2009,Man Utd,Birmingham,4,0,7,1,8,11,0.8,0.0,13,5,H,1,0
16/08/2009,Tottenham,Liverpool,5,5,6,9,14,2,0.22,0.5,7,15,H,2,1
18/08/2009,Sunderland,Chelsea,1,4,4,8,14,5,0.17,0.75,4,15,A,1,3
18/08/2009,Wigan,Wolves,2,0,5,7,5,8,0.0,0.0,6,5,A,0,1
19/08/2009,Birmingham,Portsmouth,2,0,7,11,3,8,0.25,0.38,4,3,H,1,0
19/08/2009,Burnley,Man Utd,0,4,0,2,6,1,0.0,0.0,0,13,H,1,0
19/08/2009,Hull,Tottenham,0,1,3,7,6,5,0.5,0.5,1,10,A,1,5
19/08/2009,Liverpool,Stoke,4,2,12,3,7,6,0.0,0.0,12,9,H,4,0
22/08/2009,Arsenal,Portsmouth,4,0,14,6,3,6,0.5,0.0,10,3,H,4,1
22/08/2009,Birmingham,Stoke,3,2,7,6,7,9,0.0,0.0,7,9,D,0,0
22/08/2009,Hull,Bolton,0,0,4,11,1,3,0.0,0.5,1,3,H,1,0
22/08/2009,Man City,Wolves,4,1,7,5,4,6,0.0,0.5,9,7,H,1,0
22/08/2009,Sunderland,Blackburn,1,0,5,9,3,7,0.3,0.4,4,4,H,2,1
22/08/2009,Wigan,Man Utd,1,4,4,5,4,2,0.0,1.0,6,10,A,0,5
23/08/2009,Burnley,Everton,1,2,1,2,8,7,0.0,0.0,3,10,H,1,0
23/08/2009,Fulham,Chelsea,3,5,6,6,14,5,0.06,0.56,9,15,A,0,2
23/08/2009,West Ham,Tottenham,2,1,6,7,10,6,0.14,0.57,9,10,A,1,2
24/08/2009,Liverpool,Aston Villa,4,0,13,3,4,6,0.61,0.06,12,7,A,1,3
29/08/2009,Man Utd,Arsenal,4,3,7,1,15,7,0.33,0.33,10,10,H,2,1
29/08/2009,Blackburn,West Ham,3,2,3,6,6,9,0.17,0.67,4,6,D,0,0
29/08/2009,Bolton,Liverpool,1,4,1,4,11,6,0.19,0.62,2,9,A,2,3
29/08/2009,Stoke,Sunderland,3,1,5,8,7,10,0.5,0.5,7,6,H,1,0
29/08/2009,Tottenham,Birmingham,5,0,12,7,5,4,0.5,0.3,12,7,H,2,1
29/08/2009,Wolves,Hull,2,0,2,6,4,9,0.0,0.0,4,4,D,1,1
29/08/2009,Chelsea,Burnley,4,0,12,4,2,2,0.0,0.0,15,6,H,3,0
30/08/2009,Aston Villa,Fulham,2,3,6,7,5,5,0.38,0.19,7,9,H,2,0
30/08/2009,Everton,Wigan,2,1,6,8,3,8,0.5,0.25,7,6,H,2,1
30/08/2009,Portsmouth,Man City,2,2,4,8,5,4,0.33,0.42,3,9,A,0,1
12/09/2009,Wigan,West Ham,1,2,4,8,6,6,0.38,0.5,6,7,H,1,0
12/09/2009,Man City,Arsenal,4,2,6,2,15,5,0.12,0.81,12,10,H,4,2
12/09/2009,Liverpool,Burnley,3,0,12,8,2,5,0.0,0.0,9,6,H,4,0
12/09/2009,Blackburn,Wolves,2,1,1,6,2,6,0.5,0.0,2,4,H,3,1
12/09/2009,Portsmouth,Bolton,2,0,1,8,3,7,0.42,0.42,0,1,A,2,3
12/09/2009,Stoke,Chelsea,4,5,4,8,13,4,0.0,1.0,7,15,A,1,2
12/09/2009,Tottenham,Man Utd,5,4,12,7,9,2,0.06,0.72,12,12,A,1,3
12/09/2009,Sunderland,Hull,2,0,6,8,4,9,1.0,0.0,6,4,H,4,1
13/09/2009,Fulham,Everton,2,2,2,6,8,9,0.44,0.56,6,9,H,2,1
13/09/2009,Birmingham,Aston Villa,2,1,6,4,7,4,0.4,0.4,7,10,A,0,1
19/09/2009,Bolton,Stoke,0,1,5,8,4,6,0.5,0.5,3,7,D,1,1
19/09/2009,Aston Villa,Portsmouth,3,0,7,3,3,10,0.42,0.25,12,0,H,2,0
19/09/2009,Arsenal,Wigan,4,1,17,9,4,8,0.88,0.0,9,6,H,4,0
19/09/2009,Hull,Birmingham,1,0,5,12,2,4,0.0,0.0,4,4,A,0,1
19/09/2009,West Ham,Liverpool,2,4,5,4,13,7,0.07,0.71,7,9,A,2,3
19/09/2009,Burnley,Sunderland,2,1,2,9,8,6,0.0,0.0,6,9,H,3,1
20/09/2009,Chelsea,Tottenham,4,2,12,3,12,7,0.61,0.11,15,12,H,3,0
20/09/2009,Everton,Blackburn,2,0,6,10,4,5,0.31,0.38,6,5,H,3,0
20/09/2009,Man Utd,Man City,4,3,11,3,9,2,0.44,0.31,12,15,H,4,3
20/09/2009,Wolves,Fulham,2,2,3,7,3,7,0.5,0.0,4,6,H,2,1
26/09/2009,Fulham,Arsenal,3,2,4,7,17,8,0.12,0.75,6,9,A,0,1
26/09/2009,Birmingham,Bolton,2,1,3,3,6,8,0.5,0.4,7,4,A,1,2
26/09/2009,Blackburn,Aston Villa,2,2,4,8,8,3,0.19,0.62,4,12,H,2,1
26/09/2009,Liverpool,Hull,4,0,15,7,4,11,0.5,0.0,12,4,H,6,1
26/09/2009,Portsmouth,Everton,1,2,3,11,7,10,0.33,0.58,0,6,A,0,1
26/09/2009,Tottenham,Burnley,4,0,10,9,5,8,0.0,0.0,9,9,H,5,0
26/09/2009,Wigan,Chelsea,2,5,2,12,13,2,0.0,0.88,3,15,H,3,1
26/09/2009,Stoke,Man Utd,3,4,3,7,14,6,0.0,1.0,5,12,A,0,2
27/09/2009,Sunderland,Wolves,2,1,8,9,5,6,0.0,0.0,6,7,H,5,2
28/09/2009,Man City,West Ham,5,2,11,6,5,6,0.5,0.33,12,4,H,3,1
03/10/2009,Hull,Wigan,1,1,4,12,5,12,0.0,1.0,4,6,H,2,1
03/10/2009,Bolton,Tottenham,0,2,8,8,10,8,0.5,0.31,7,9,D,2,2
03/10/2009,Burnley,Birmingham,3,1,4,13,3,5,0.0,0.0,6,4,H,2,1
03/10/2009,Wolves,Portsmouth,2,0,6,11,3,11,0.0,0.0,4,0,A,0,1
03/10/2009,Man Utd,Sunderland,4,1,16,5,12,8,0.83,0.0,15,9,D,2,2
04/10/2009,Arsenal,Blackburn,4,0,12,7,6,7,0.69,0.19,9,7,H,6,2
04/10/2009,Chelsea,Liverpool,5,4,11,4,17,8,0.5,0.33,12,12,H,2,0
04/10/2009,Everton,Stoke,3,1,7,4,3,5,1.0,0.0,9,5,D,1,1
04/10/2009,West Ham,Fulham,1,2,4,9,3,8,0.67,0.08,1,3,D,2,2
05/10/2009,Aston Villa,Man City,4,2,9,3,12,7,0.25,0.56,12,12,D,1,1
17/10/2009,Man Utd,Bolton,3,2,13,7,10,9,0.69,0.19,13,8,H,2,1
17/10/2009,Portsmouth,Tottenham,1,2,3,7,10,9,0.25,0.58,3,7,A,1,2
17/10/2009,Everton,Wolves,3,1,8,4,6,11,0.5,0.5,10,4,D,1,1
17/10/2009,Sunderland,Liverpool,3,3,12,9,16,7,0.08,0.67,7,12,H,1,0
17/10/2009,Arsenal,Birmingham,4,1,14,8,4,7,0.6,0.1,9,3,H,3,1
17/10/2009,Stoke,West Ham,3,1,4,6,5,9,0.0,1.0,5,2,H,2,1
17/10/2009,Aston Villa,Chelsea,3,4,7,3,11,4,0.22,0.39,10,12,H,2,1
18/10/2009,Wigan,Man City,3,2,6,9,12,8,0.62,0.12,6,10,D,1,1
18/10/2009,Blackburn,Burnley,2,0,7,11,5,14,0.0,0.0,7,6,H,3,2
19/10/2009,Fulham,Hull,2,0,5,8,5,13,0.0,1.0,4,4,H,2,0
24/10/2009,Wolves,Aston Villa,1,2,6,11,7,4,0.0,1.0,4,10,D,1,1
24/10/2009,Tottenham,Stoke,4,0,10,9,5,7,0.5,0.5,7,5,A,0,1
24/10/2009,Hull,Portsmouth,2,1,4,14,4,8,0.0,0.0,3,3,D,0,0
24/10/2009,Burnley,Wigan,4,1,7,14,6,8,0.0,0.0,6,7,A,1,3
24/10/2009,Birmingham,Sunderland,2,1,4,8,13,8,0.67,0.17,3,10,H,2,1
24/10/2009,Chelsea,Blackburn,5,0,9,6,10,13,0.62,0.12,9,9,H,5,0
25/10/2009,Bolton,Everton,0,3,9,8,7,4,0.25,0.56,8,8,H,3,2
25/10/2009,Liverpool,Man Utd,4,4,13,6,13,7,0.39,0.56,9,13,H,2,0
25/10/2009,Man City,Fulham,5,2,12,9,7,6,0.29,0.29,8,7,D,2,2
25/10/2009,West Ham,Arsenal,1,2,6,11,16,7,0.21,0.5,1,12,D,2,2
31/10/2009,Burnley,Hull,4,0,8,13,3,10,0.0,0.0,6,4,H,2,0
31/10/2009,Arsenal,Tottenham,5,3,16,5,9,7,0.5,0.0,13,7,H,3,0
31/10/2009,Bolton,Chelsea,1,3,9,8,12,5,0.06,0.62,8,9,A,0,4
31/10/2009,Everton,Aston Villa,2,2,8,5,7,5,0.28,0.39,8,8,D,1,1
31/10/2009,Sunderland,West Ham,4,1,10,9,8,12,0.25,0.58,7,2,D,2,2
31/10/2009,Portsmouth,Wigan,0,2,2,5,8,9,0.5,0.5,4,7,H,4,0
31/10/2009,Stoke,Wolves,3,1,5,5,6,9,0.0,0.0,8,5,D,2,2
31/10/2009,Man Utd,Blackburn,4,0,10,8,7,17,0.5,0.25,10,6,H,2,0
31/10/2009,Fulham,Liverpool,2,2,7,7,11,6,0.19,0.62,5,9,H,3,1
01/11/2009,Birmingham,Man City,2,2,6,8,10,9,0.3,0.6,6,6,D,0,0
04/11/2009,West Ham,Aston Villa,1,2,8,11,6,6,0.14,0.36,3,6,H,2,1
07/11/2009,Aston Villa,Bolton,3,2,6,6,8,11,0.31,0.19,6,7,H,5,1
07/11/2009,Blackburn,Portsmouth,3,1,7,16,6,3,0.58,0.33,6,7,H,3,1
07/11/2009,Man City,Burnley,4,0,7,5,7,12,0.0,0.0,7,6,D,3,3
07/11/2009,Tottenham,Sunderland,3,1,9,7,11,8,0.58,0.25,7,8,H,2,0
07/11/2009,Wolves,Arsenal,1,2,6,10,15,5,0.0,1.0,3,13,A,1,4
08/11/2009,West Ham,Everton,1,2,9,9,6,6,0.21,0.5,6,6,A,1,2
08/11/2009,Chelsea,Man Utd,5,3,13,5,8,5,0.33,0.28,9,10,H,1,0
08/11/2009,Hull,Stoke,2,1,3,11,6,6,0.0,0.5,4,8,H,2,1
08/11/2009,Wigan,Fulham,2,1,8,9,9,6,0.25,0.25,7,8,D,1,1
09/11/2009,Liverpool,Birmingham,4,1,9,7,5,8,0.2,0.3,6,4,D,2,2
21/11/2009,Liverpool,Man City,3,1,5,8,7,7,0.56,0.12,4,5,D,2,2
21/11/2009,Sunderland,Arsenal,4,2,6,8,18,6,0.08,0.58,5,13,H,1,0
21/11/2009,Hull,West Ham,3,0,4,6,8,9,0.5,0.5,7,5,D,3,3
21/11/2009,Man Utd,Everton,4,2,6,6,7,7,0.78,0.06,7,6,H,3,0
21/11/2009,Burnley,Aston Villa,4,1,10,10,10,6,0.0,0.0,7,8,D,1,1
21/11/2009,Chelsea,Wolves,5,0,13,2,5,9,1.0,0.0,12,3,H,4,0
21/11/2009,Birmingham,Fulham,1,0,6,8,10,6,0.3,0.2,5,9,H,1,0
22/11/2009,Bolton,Blackburn,1,0,7,15,8,16,0.19,0.25,4,6,A,0,2
22/11/2009,Stoke,Portsmouth,2,1,7,6,7,5,0.0,0.5,8,7,H,1,0
22/11/2009,Tottenham,Wigan,3,1,6,7,6,9,0.38,0.12,7,5,H,9,1
25/11/2009,Fulham,Blackburn,3,1,8,5,8,10,0.25,0.56,8,9,H,3,0
25/11/2009,Hull,Everton,2,2,5,8,6,9,0.0,0.5,5,5,H,3,2
28/11/2009,Wigan,Sunderland,2,0,6,16,5,6,0.67,0.17,5,7,H,1,0
28/11/2009,Portsmouth,Man Utd,1,3,6,6,7,4,0.25,0.67,4,9,A,1,4
28/11/2009,Man City,Hull,3,0,8,8,8,8,0.5,0.0,5,8,D,1,1
28/11/2009,West Ham,Burnley,1,0,10,10,9,10,0.0,0.0,6,5,H,5,3
28/11/2009,Blackburn,Stoke,4,1,5,11,7,5,0.5,0.5,6,10,D,0,0
28/11/2009,Aston Villa,Tottenham,4,2,9,6,13,6,0.28,0.33,6,9,D,1,1
28/11/2009,Fulham,Bolton,4,2,9,5,5,15,0.56,0.19,8,3,D,1,1
29/11/2009,Wolves,Birmingham,1,1,5,12,6,6,0.0,0.0,3,8,A,0,1
29/11/2009,Arsenal,Chelsea,5,3,12,5,15,2,0.33,0.22,10,12,A,0,3
29/11/2009,Everton,Liverpool,2,2,7,11,7,8,0.11,0.61,4,5,A,0,2
05/12/2009,Wolves,Bolton,1,2,4,12,5,14,0.0,0.5,2,4,H,2,1
05/12/2009,Wigan,Birmingham,3,2,6,15,6,3,0.25,0.5,7,11,A,2,3
05/12/2009,West Ham,Man Utd,2,3,13,11,9,4,0.29,0.57,8,9,A,0,4
05/12/2009,Portsmouth,Burnley,1,0,6,8,10,12,0.0,0.0,4,5,H,2,0
05/12/2009,Man City,Chelsea,2,3,8,8,17,0,0.06,0.88,5,15,H,2,1
05/12/2009,Aston Villa,Hull,3,0,9,6,9,9,1.0,0.0,6,8,H,3,0
05/12/2009,Arsenal,Stoke,4,1,9,7,5,4,0.5,0.5,7,8,H,2,0
05/12/2009,Blackburn,Liverpool,4,2,5,6,9,7,0.06,0.5,7,8,D,0,0
06/12/2009,Everton,Tottenham,1,1,5,10,12,6,0.22,0.44,4,7,D,2,2
06/12/2009,Fulham,Sunderland,3,0,8,4,4,7,0.4,0.3,8,4,H,1,0
12/12/2009,Birmingham,West Ham,2,0,7,4,11,13,0.17,0.5,11,7,H,1,0
12/12/2009,Bolton,Man City,1,0,3,14,8,7,0.43,0.43,1,7,D,3,3
12/12/2009,Chelsea,Everton,5,2,13,2,6,11,0.56,0.06,12,4,D,3,3
12/12/2009,Burnley,Fulham,3,0,9,11,6,3,0.0,0.0,5,8,D,1,1
12/12/2009,Tottenham,Wolves,3,0,14,7,5,12,1.0,0.0,8,4,A,0,1
12/12/2009,Hull,Blackburn,3,1,9,10,5,4,0.0,0.5,8,8,D,0,0
12/12/2009,Stoke,Wigan,2,1,4,6,5,17,0.5,0.0,5,4,D,2,2
12/12/2009,Sunderland,Portsmouth,4,1,3,6,8,8,0.17,0.83,4,6,D,1,1
12/12/2009,Man Utd,Aston Villa,4,0,13,2,11,5,0.83,0.0,12,8,A,0,1
13/12/2009,Liverpool,Arsenal,3,2,7,7,9,5,0.22,0.39,6,9,A,1,2
15/12/2009,Birmingham,Blackburn,3,1,8,4,2,3,0.3,0.4,13,6,H,2,1
15/12/2009,Bolton,West Ham,1,0,6,13,9,13,0.67,0.17,2,4,H,3,1
15/12/2009,Man Utd,Wolves,3,1,11,3,4,10,0.5,0.5,9,6,H,3,0
15/12/2009,Sunderland,Aston Villa,3,1,2,5,11,3,0.17,0.42,4,11,A,0,2
16/12/2009,Liverpool,Wigan,2,1,7,6,7,15,0.75,0.0,6,5,H,2,1
16/12/2009,Tottenham,Man City,3,0,14,5,11,10,0.69,0.12,8,7,H,3,0
16/12/2009,Burnley,Arsenal,2,3,8,12,8,6,0.0,0.0,3,9,D,1,1
16/12/2009,Chelsea,Portsmouth,4,1,12,5,5,9,0.92,0.0,10,4,H,2,1
19/12/2009,Man City,Sunderland,2,0,8,10,2,5,0.9,0.1,6,4,H,4,3
19/12/2009,Fulham,Man Utd,4,3,6,3,14,2,0.12,0.69,8,12,H,3,0
19/12/2009,Blackburn,Tottenham,3,1,1,5,15,5,0.31,0.38,3,8,A,0,2
19/12/2009,Arsenal,Hull,4,0,5,6,7,9,0.5,0.5,7,6,H,3,0
19/12/2009,Portsmouth,Liverpool,2,1,5,8,7,5,0.17,0.58,4,8,H,2,0
19/12/2009,Aston Villa,Stoke,3,1,8,2,4,6,0.0,0.5,11,5,H,1,0
20/12/2009,Wolves,Burnley,1,0,3,9,6,10,0.0,0.0,6,3,H,2,0
20/12/2009,West Ham,Chelsea,2,2,9,14,13,6,0.21,0.71,4,10,D,1,1
20/12/2009,Everton,Birmingham,0,2,7,13,8,3,0.4,0.1,2,15,D,1,1
26/12/2009,Burnley,Bolton,1,1,5,11,8,9,0.0,0.0,2,5,D,1,1
26/12/2009,Wigan,Blackburn,2,1,7,16,1,4,0.25,0.62,4,3,D,1,1
26/12/2009,Birmingham,Chelsea,4,2,8,4,10,7,0.0,0.6,13,8,D,0,0
26/12/2009,Fulham,Tottenham,4,2,9,2,8,4,0.38,0.31,11,8,D,0,0
26/12/2009,Liverpool,Wolves,2,1,5,5,5,5,0.5,0.0,7,9,H,2,0
26/12/2009,Man City,Stoke,2,1,10,11,3,5,0.5,0.5,8,5,H,2,0
26/12/2009,Sunderland,Everton,2,1,4,9,8,11,0.17,0.67,1,3,D,1,1
26/12/2009,West Ham,Portsmouth,2,0,7,12,7,7,0.12,0.5,4,7,H,2,0
27/12/2009,Hull,Man Utd,2,2,4,9,11,5,0.0,1.0,5,9,A,1,3
27/12/2009,Arsenal,Aston Villa,4,2,8,5,8,1,0.61,0.06,10,13,H,3,0
28/12/2009,Wolves,Man City,2,0,5,6,11,10,0.33,0.33,9,10,A,0,3
28/12/2009,Stoke,Birmingham,2,2,2,7,7,4,0.0,0.0,2,11,A,0,1
28/12/2009,Tottenham,West Ham,3,0,7,3,4,9,0.6,0.13,8,4,H,2,0
28/12/2009,Chelsea,Fulham,4,0,7,7,6,2,0.59,0.06,6,9,H,2,1
28/12/2009,Everton,Burnley,0,0,7,9,3,7,0.0,1.0,4,3,H,2,0
28/12/2009,Blackburn,Sunderland,2,0,2,5,5,9,0.36,0.36,3,2,D,2,2
29/12/2009,Bolton,Hull,2,0,9,8,2,10,0.33,0.33,6,2,D,2,2
29/12/2009,Aston Villa,Liverpool,4,1,7,3,5,5,0.11,0.58,12,7,A,0,1
30/12/2009,Portsmouth,Arsenal,3,2,6,5,11,2,0.0,0.54,7,13,A,1,4
30/12/2009,Man Utd,Wigan,4,1,10,5,7,8,1.0,0.0,9,5,H,5,0
05/01/2010,Stoke,Fulham,2,0,2,8,6,3,0.0,0.5,1,8,H,3,2
09/01/2010,Birmingham,Man Utd,3,3,5,2,11,5,0.0,0.82,11,9,D,1,1
09/01/2010,Arsenal,Everton,4,1,13,3,9,7,0.63,0.21,13,7,D,2,2
11/01/2010,Man City,Blackburn,3,1,12,9,4,7,0.2,0.33,10,3,H,4,1
16/01/2010,Wolves,Wigan,2,0,3,8,6,13,1.0,0.0,6,2,A,0,2
16/01/2010,Stoke,Liverpool,2,2,5,8,6,5,0.0,0.33,4,9,D,1,1
16/01/2010,Tottenham,Hull,4,0,7,1,3,11,0.67,0.33,10,2,D,0,0
16/01/2010,Everton,Man City,1,1,9,7,13,7,0.44,0.38,7,12,H,2,0
16/01/2010,Chelsea,Sunderland,4,0,8,6,7,10,0.77,0.15,9,3,H,7,2
16/01/2010,Man Utd,Burnley,4,0,12,5,3,7,0.0,1.0,10,3,H,3,0
17/01/2010,Blackburn,Fulham,1,0,5,11,7,6,0.53,0.29,2,5,H,2,0
17/01/2010,Bolton,Arsenal,1,3,10,9,13,4,0.19,0.5,6,11,A,0,2
17/01/2010,Aston Villa,West Ham,3,0,4,4,4,7,0.33,0.2,9,4,D,0,0
20/01/2010,Arsenal,Bolton,3,0,14,3,9,9,0.53,0.18,13,6,H,4,2
20/01/2010,Liverpool,Tottenham,2,1,6,4,7,0,0.47,0.26,10,11,H,2,0
23/01/2010,Man Utd,Hull,4,0,12,5,3,8,1.0,0.0,10,3,H,4,0
26/01/2010,Wolves,Liverpool,2,2,2,10,6,3,0.0,0.67,3,10,D,0,0
26/01/2010,Tottenham,Fulham,3,0,4,2,6,7,0.29,0.35,8,4,H,2,0
26/01/2010,Portsmouth,West Ham,3,0,5,9,4,6,0.44,0.22,4,5,D,1,1
26/01/2010,Bolton,Burnley,1,0,8,10,2,9,0.0,0.0,5,2,H,1,0
27/01/2010,Blackburn,Wigan,1,1,6,9,6,10,0.56,0.22,5,5,H,2,1
27/01/2010,Aston Villa,Arsenal,2,3,3,4,15,5,0.05,0.63,7,13,D,0,0
27/01/2010,Chelsea,Birmingham,4,3,12,5,5,3,0.55,0.0,11,9,H,3,0
27/01/2010,Everton,Sunderland,2,0,8,4,8,16,0.62,0.15,9,2,H,2,0
30/01/2010,West Ham,Blackburn,2,0,4,4,8,8,0.62,0.15,6,8,D,0,0
30/01/2010,Liverpool,Bolton,3,0,6,1,6,9,0.65,0.18,11,5,H,2,0
30/01/2010,Hull,Wolves,2,1,3,12,2,7,0.0,0.0,2,4,D,2,2
30/01/2010,Wigan,Everton,1,0,5,10,9,3,0.22,0.56,4,11,A,0,1
30/01/2010,Burnley,Chelsea,1,2,1,9,13,4,0.0,1.0,1,11,A,1,2
30/01/2010,Birmingham,Tottenham,3,1,3,5,4,2,0.27,0.55,6,8,D,1,1
30/01/2010,Fulham,Aston Villa,3,2,3,9,1,4,0.18,0.41,1,5,A,0,2
31/01/2010,Man City,Portsmouth,4,0,13,6,5,9,0.46,0.31,12,4,H,2,0
31/01/2010,Arsenal,Man Utd,4,3,12,5,16,2,0.32,0.37,11,13,A,1,3
01/02/2010,Sunderland,Stoke,1,0,8,16,4,7,0.33,0.67,2,4,D,0,0
02/02/2010,Hull,Chelsea,1,2,5,11,14,4,0.0,0.67,3,13,D,1,1
03/02/2010,Fulham,Portsmouth,2,0,3,11,4,9,0.38,0.31,0,4,H,1,0
06/02/2010,Tottenham,Aston Villa,3,3,5,3,2,4,0.32,0.26,8,5,D,0,0
06/02/2010,Stoke,Blackburn,2,0,4,6,7,7,0.33,0.33,5,8,H,3,0
06/02/2010,Man Utd,Portsmouth,4,0,16,2,2,10,0.69,0.23,13,1,H,5,0
06/02/2010,Sunderland,Wigan,1,1,5,12,4,9,0.14,0.71,3,4,D,1,1
06/02/2010,Hull,Man City,1,1,5,9,11,3,0.0,0.33,4,12,H,2,1
06/02/2010,Burnley,West Ham,0,0,2,9,3,3,0.0,1.0,1,6,H,2,1
06/02/2010,Bolton,Fulham,2,0,5,10,3,9,0.18,0.53,4,3,D,0,0
06/02/2010,Liverpool,Everton,4,1,6,1,9,2,0.63,0.11,11,13,H,1,0
07/02/2010,Birmingham,Wolves,2,1,3,5,2,9,0.33,0.0,6,2,H,2,1
07/02/2010,Chelsea,Arsenal,4,3,15,5,9,7,0.26,0.32,13,8,H,2,0
09/02/2010,Fulham,Burnley,3,0,1,6,3,9,0.0,0.0,4,3,H,3,0
09/02/2010,Man City,Bolton,5,0,10,5,3,8,0.4,0.4,9,4,H,2,0
09/02/2010,Portsmouth,Sunderland,2,0,2,13,5,12,0.71,0.14,1,3,D,1,1
09/02/2010,Wigan,Stoke,1,0,4,9,7,4,0.0,0.33,4,8,D,1,1
10/02/2010,Arsenal,Liverpool,3,1,7,7,6,1,0.42,0.21,7,11,H,1,0
10/02/2010,Blackburn,Hull,2,0,5,8,5,8,0.33,0.0,7,6,H,1,0
10/02/2010,Aston Villa,Man Utd,2,3,2,1,16,2,0.05,0.79,6,13,D,1,1
10/02/2010,Wolves,Tottenham,2,1,3,9,3,3,0.33,0.67,2,6,H,1,0
10/02/2010,West Ham,Birmingham,2,3,2,5,5,6,0.43,0.29,3,8,H,2,0
10/02/2010,Everton,Chelsea,3,1,7,3,15,4,0.05,0.53,10,13,H,2,1
16/02/2010,Stoke,Man City,2,1,8,4,9,5,0.33,0.67,9,9,D,1,1
17/02/2010,Wigan,Bolton,1,0,5,5,3,8,0.5,0.25,5,4,D,0,0
20/02/2010,West Ham,Hull,2,0,4,3,5,9,0.33,0.33,6,5,H,3,0
20/02/2010,Arsenal,Sunderland,3,0,6,7,4,11,0.54,0.15,7,3,H,2,0
20/02/2010,Everton,Man Utd,4,2,7,2,16,2,0.05,0.79,12,13,H,3,1
20/02/2010,Portsmouth,Stoke,2,0,2,10,6,3,0.33,0.33,2,7,A,1,2
20/02/2010,Wolves,Chelsea,2,1,4,6,9,4,0.0,1.0,5,10,A,0,2
21/02/2010,Man City,Liverpool,5,1,6,5,5,1,0.12,0.53,7,10,D,0,0
21/02/2010,Aston Villa,Burnley,1,0,3,1,3,10,0.0,0.0,7,3,H,5,2
21/02/2010,Blackburn,Bolton,3,0,5,4,1,4,0.29,0.18,10,5,H,3,0
21/02/2010,Fulham,Birmingham,3,2,4,4,4,8,0.18,0.36,7,5,H,2,1
21/02/2010,Wigan,Tottenham,0,1,3,5,3,4,0.11,0.44,3,5,A,0,3
23/02/2010,Man Utd,West Ham,5,0,14,5,7,3,0.6,0.27,10,8,H,3,0
27/02/2010,Stoke,Arsenal,2,2,7,3,4,5,0.33,0.67,9,7,A,1,3
27/02/2010,Chelsea,Man City,5,1,8,4,6,3,0.82,0.12,10,8,A,2,4
27/02/2010,Burnley,Portsmouth,1,0,5,12,2,11,0.0,1.0,3,1,A,1,2
27/02/2010,Bolton,Wolves,2,1,0,7,4,6,0.33,0.33,2,5,H,1,0
27/02/2010,Birmingham,Wigan,2,1,4,9,2,6,0.6,0.2,4,3,H,1,0
28/02/2010,Liverpool,Blackburn,5,0,3,1,6,4,0.47,0.06,8,10,H,2,1
28/02/2010,Sunderland,Fulham,0,0,2,6,6,3,0.27,0.45,3,10,D,0,0
28/02/2010,Tottenham,Everton,3,1,6,2,8,3,0.42,0.21,8,12,H,2,1
06/03/2010,Wolves,Man Utd,1,2,4,7,13,5,0.33,0.67,4,10,A,0,1
06/03/2010,West Ham,Bolton,3,0,6,5,1,5,0.15,0.69,7,5,A,1,2
06/03/2010,Arsenal,Burnley,3,0,7,6,6,13,0.0,0.0,9,3,H,3,1
07/03/2010,Everton,Hull,5,0,7,5,5,8,0.33,0.33,9,5,H,5,1
08/03/2010,Wigan,Liverpool,0,1,2,6,5,2,0.0,0.78,3,10,H,1,0
09/03/2010,Portsmouth,Birmingham,1,1,4,10,5,6,0.33,0.33,4,7,A,1,2
09/03/2010,Sunderland,Bolton,0,1,2,4,3,6,0.36,0.36,4,7,H,4,0
10/03/2010,Burnley,Stoke,1,1,6,14,8,6,0.0,1.0,3,8,D,1,1
13/03/2010,Burnley,Wolves,1,0,5,14,2,6,0.0,1.0,1,3,A,1,2
13/03/2010,Birmingham,Everton,2,1,6,6,11,6,0.09,0.36,9,9,D,2,2
13/03/2010,Bolton,Wigan,2,1,3,8,2,5,0.22,0.44,7,5,H,4,0
13/03/2010,Hull,Arsenal,1,3,4,11,9,4,0.33,0.67,4,12,A,1,2
13/03/2010,Chelsea,West Ham,4,0,8,7,7,7,0.67,0.2,7,6,H,4,1
13/03/2010,Tottenham,Blackburn,3,0,6,3,5,5,0.41,0.29,8,7,H,3,1
13/03/2010,Stoke,Aston Villa,2,3,6,7,8,3,0.33,0.33,6,9,D,0,0
14/03/2010,Man Utd,Fulham,5,0,11,4,6,1,0.65,0.18,10,11,H,3,0
14/03/2010,Sunderland,Man City,1,2,6,4,8,5,0.09,0.91,6,8,D,1,1
15/03/2010,Liverpool,Portsmouth,5,1,3,3,5,11,0.54,0.23,7,4,H,4,1
16/03/2010,Wigan,Aston Villa,1,2,1,8,8,3,0.44,0.22,4,9,A,1,2
20/03/2010,Portsmouth,Hull,0,0,6,10,4,12,0.0,0.0,4,3,H,3,2
20/03/2010,Wigan,Burnley,1,0,2,10,6,13,1.0,0.0,3,1,H,1,0
20/03/2010,Sunderland,Birmingham,1,2,6,4,6,7,0.14,0.71,6,7,H,3,1
20/03/2010,Stoke,Tottenham,1,1,5,6,8,3,0.67,0.33,6,10,A,1,2
20/03/2010,Everton,Bolton,5,1,13,7,7,8,0.53,0.29,10,9,H,2,0
20/03/2010,Aston Villa,Wolves,1,1,8,4,3,5,0.67,0.0,9,6,D,2,2
20/03/2010,Arsenal,West Ham,4,0,11,3,7,9,0.47,0.2,15,6,H,2,0
21/03/2010,Fulham,Man City,3,1,5,4,8,4,0.27,0.27,8,9,A,1,2
21/03/2010,Man Utd,Liverpool,5,0,9,4,6,4,0.53,0.42,10,7,H,2,1
21/03/2010,Blackburn,Chelsea,4,2,6,8,11,7,0.12,0.65,6,9,D,1,1
23/03/2010,West Ham,Wolves,3,1,5,11,4,7,1.0,0.0,3,4,A,1,3
24/03/2010,Portsmouth,Chelsea,1,2,8,11,10,8,0.0,0.92,6,7,A,0,5
24/03/2010,Man City,Everton,4,1,8,5,13,6,0.35,0.47,9,10,A,0,2
24/03/2010,Aston Villa,Sunderland,1,0,10,6,8,4,0.46,0.15,9,8,D,1,1
24/03/2010,Blackburn,Birmingham,4,1,7,6,7,8,0.36,0.36,7,7,H,2,1
27/03/2010,Wolves,Everton,1,2,7,6,12,5,0.33,0.33,7,10,D,0,0
27/03/2010,West Ham,Stoke,2,1,3,14,5,7,0.67,0.33,0,5,A,0,1
27/03/2010,Tottenham,Portsmouth,3,1,10,4,7,14,0.62,0.23,12,6,H,2,0
27/03/2010,Hull,Fulham,1,0,4,14,6,6,0.67,0.33,0,7,H,2,0
27/03/2010,Chelsea,Aston Villa,4,2,14,6,10,6,0.37,0.26,10,9,H,7,1
27/03/2010,Bolton,Man Utd,3,2,7,7,10,4,0.18,0.71,9,12,A,0,4
27/03/2010,Birmingham,Arsenal,2,3,7,8,12,3,0.09,0.64,7,15,D,1,1
28/03/2010,Burnley,Blackburn,1,0,4,9,8,7,0.0,1.0,1,7,A,0,1
28/03/2010,Liverpool,Sunderland,5,0,7,5,9,3,0.62,0.15,7,9,H,3,0
29/03/2010,Man City,Wigan,3,1,7,6,3,7,0.11,0.56,8,6,H,3,0
03/04/2010,Burnley,Man City,1,2,3,8,10,6,0.0,0.0,1,10,A,1,6
03/04/2010,Arsenal,Wolves,4,2,11,4,7,5,1.0,0.0,13,8,H,1,0
03/04/2010,Bolton,Aston Villa,3,2,6,11,6,11,0.18,0.35,6,6,A,0,1
03/04/2010,Portsmouth,Blackburn,1,1,5,15,6,7,0.31,0.62,3,7,D,0,0
03/04/2010,Stoke,Hull,1,0,4,6,6,13,0.33,0.33,5,3,H,2,0
03/04/2010,Sunderland,Tottenham,2,2,9,6,12,3,0.23,0.62,8,15,H,3,1
03/04/2010,Man Utd,Chelsea,5,2,13,1,19,7,0.26,0.37,15,10,A,1,2
04/04/2010,Birmingham,Liverpool,2,0,7,9,10,5,0.27,0.18,5,9,D,1,1
04/04/2010,Everton,West Ham,5,0,11,3,3,12,0.53,0.2,11,0,D,2,2
04/04/2010,Fulham,Wigan,3,0,3,8,3,9,0.22,0.22,4,6,H,2,1
10/04/2010,Hull,Burnley,2,0,6,12,3,11,0.0,1.0,3,1,A,1,4
10/04/2010,West Ham,Sunderland,2,0,4,12,8,7,0.54,0.23,1,8,H,1,0
11/04/2010,Blackburn,Man Utd,4,3,5,5,11,3,0.24,0.53,8,12,D,0,0
11/04/2010,Liverpool,Fulham,5,0,9,5,3,8,0.59,0.24,7,4,D,0,0
11/04/2010,Man City,Birmingham,3,1,12,5,6,9,0.55,0.27,10,3,H,5,1
11/04/2010,Wolves,Stoke,1,2,7,5,5,3,0.0,0.0,8,8,D,0,0
13/04/2010,Chelsea,Bolton,4,1,19,4,4,11,0.65,0.06,13,3,H,1,0
14/04/2010,Wigan,Portsmouth,2,1,3,11,4,13,0.44,0.56,3,4,D,0,0
14/04/2010,Aston Villa,Everton,1,1,7,11,8,4,0.37,0.26,8,9,D,2,2
14/04/2010,Tottenham,Arsenal,4,2,10,6,9,3,0.0,0.53,12,13,H,2,1
17/04/2010,Man City,Man Utd,3,2,16,5,10,3,0.29,0.47,12,10,A,0,1
17/04/2010,Birmingham,Hull,2,0,5,12,6,11,1.0,0.0,2,3,D,0,0
17/04/2010,Fulham,Wolves,4,2,3,8,5,4,0.0,0.67,4,6,D,0,0
17/04/2010,Sunderland,Burnley,3,1,7,7,6,11,0.0,1.0,7,3,H,2,1
17/04/2010,Stoke,Bolton,1,1,4,2,4,8,0.33,0.33,8,3,A,1,2
17/04/2010,Tottenham,Chelsea,4,3,10,6,16,3,0.11,0.63,12,13,H,2,1
17/04/2010,Blackburn,Everton,3,1,4,2,8,4,0.35,0.35,9,9,A,2,3
18/04/2010,Portsmouth,Aston Villa,1,2,3,9,7,12,0.23,0.46,5,6,A,1,2
18/04/2010,Wigan,Arsenal,2,2,3,7,7,4,0.0,0.89,4,10,H,3,2
19/04/2010,Liverpool,West Ham,4,0,9,4,4,8,0.73,0.07,8,4,H,3,0
21/04/2010,Hull,Aston Villa,2,3,5,9,7,11,0.0,1.0,4,8,A,0,2
24/04/2010,Arsenal,Man City,5,3,7,6,14,5,0.76,0.18,7,9,D,0,0
24/04/2010,Bolton,Portsmouth,2,1,2,9,1,9,0.46,0.38,3,2,D,2,2
24/04/2010,Hull,Sunderland,2,0,3,8,6,7,0.0,1.0,4,7,A,0,1
24/04/2010,Man Utd,Tottenham,4,2,8,3,9,6,0.74,0.05,10,12,H,3,1
24/04/2010,West Ham,Wigan,2,0,4,9,5,7,0.44,0.44,4,7,H,3,2
24/04/2010,Wolves,Blackburn,1,1,3,2,5,4,0.0,0.67,6,8,D,1,1
25/04/2010,Burnley,Liverpool,0,0,6,11,8,3,0.0,1.0,3,8,A,0,4
25/04/2010,Aston Villa,Birmingham,1,1,8,10,4,9,0.45,0.36,10,3,H,1,0
25/04/2010,Everton,Fulham,4,0,9,6,3,5,0.53,0.47,9,5,H,2,1
25/04/2010,Chelsea,Stoke,4,2,16,4,5,4,1.0,0.0,12,7,H,7,0
01/05/2010,Birmingham,Burnley,1,1,3,8,6,14,0.0,1.0,3,3,H,2,1
01/05/2010,Man City,Aston Villa,2,4,14,3,8,3,0.53,0.24,10,13,H,3,1
01/05/2010,Portsmouth,Wolves,1,2,3,6,1,2,0.33,0.0,3,4,H,3,1
01/05/2010,Stoke,Everton,1,2,4,9,9,7,0.0,0.67,7,9,D,0,0
01/05/2010,Tottenham,Bolton,5,2,8,8,4,9,0.29,0.47,9,4,H,1,0
02/05/2010,Sunderland,Man Utd,4,3,6,6,9,3,0.0,0.77,9,10,A,0,1
02/05/2010,Liverpool,Chelsea,4,3,11,1,18,4,0.32,0.53,11,12,A,0,2
02/05/2010,Fulham,West Ham,3,0,3,5,6,8,0.08,0.62,5,7,H,3,2
03/05/2010,Blackburn,Arsenal,2,2,4,4,5,6,0.18,0.71,6,5,H,2,1
03/05/2010,Wigan,Hull,3,0,6,10,1,9,0.67,0.33,4,1,D,2,2
05/05/2010,Man City,Tottenham,3,2,14,4,7,8,0.12,0.71,10,9,A,0,1
05/05/2010,Fulham,Stoke,3,2,6,5,3,9,0.33,0.33,8,5,A,0,1
09/05/2010,Aston Villa,Blackburn,2,1,8,6,5,5,0.59,0.24,10,6,A,0,1
09/05/2010,Bolton,Birmingham,2,1,4,6,4,8,0.45,0.45,4,5,H,2,1
09/05/2010,Chelsea,Wigan,4,0,13,3,8,9,0.78,0.11,12,5,H,8,0
09/05/2010,Arsenal,Fulham,4,0,5,7,4,5,0.76,0.12,4,5,H,4,0
09/05/2010,Burnley,Tottenham,0,3,7,15,7,5,0.0,1.0,3,12,H,4,2
09/05/2010,Wolves,Sunderland,0,1,2,5,6,4,0.0,1.0,3,9,H,2,1
09/05/2010,Everton,Portsmouth,4,1,9,7,6,5,0.62,0.31,9,6,H,1,0
09/05/2010,West Ham,Man City,2,3,8,10,8,4,0.31,0.54,7,7,D,1,1
09/05/2010,Man Utd,Stoke,4,2,6,3,2,9,1.0,0.0,10,5,H,4,0
09/05/2010,Hull,Liverpool,1,1,3,9,8,3,0.0,0.67,2,8,D,0,0
14/08/2010,Bolton,Fulham,2,0,6,6,4,9,0.17,0.5,7,4,D,0,0
14/08/2010,Aston Villa,West Ham,1,0,6,5,7,9,0.31,0.19,9,7,H,3,0
14/08/2010,Blackburn,Everton,2,2,6,5,8,5,0.33,0.39,8,11,H,1,0
14/08/2010,Chelsea,West Brom,5,0,19,2,6,4,1.0,0.0,12,7,H,6,0
14/08/2010,Tottenham,Man City,5,2,7,8,4,4,0.72,0.11,9,5,D,0,0
14/08/2010,Wigan,Blackpool,2,0,7,15,0,0,0.0,0.0,5,0,A,0,4
14/08/2010,Wolves,Stoke,1,2,4,5,2,13,0.0,0.0,6,4,H,2,1
14/08/2010,Sunderland,Birmingham,3,0,4,5,4,9,0.25,0.62,6,4,D,2,2
15/08/2010,Liverpool,Arsenal,3,1,7,2,8,7,0.2,0.45,8,4,D,1,1
16/08/2010,Man Utd,Newcastle,4,0,9,1,3,6,0.72,0.06,13,4,H,3,0
21/08/2010,Arsenal,Blackpool,4,1,8,6,4,0,0.0,0.0,5,3,H,6,0
21/08/2010,Everton,Wolves,4,1,6,4,6,6,0.25,0.25,10,8,D,1,1
21/08/2010,West Brom,Sunderland,2,1,3,10,6,6,0.33,0.33,4,7,H,1,0
21/08/2010,Birmingham,Blackburn,1,2,5,6,7,5,0.33,0.42,5,10,H,2,1
21/08/2010,West Ham,Bolton,2,1,6,12,6,5,0.14,0.71,4,8,A,1,3
21/08/2010,Wigan,Chelsea,2,3,7,19,24,2,0.1,0.8,4,12,A,0,6
21/08/2010,Stoke,Tottenham,1,2,2,13,5,7,0.5,0.5,4,7,A,1,2
22/08/2010,Fulham,Man Utd,2,4,4,9,12,1,0.17,0.67,4,15,D,2,2
22/08/2010,Newcastle,Aston Villa,1,3,3,9,7,4,0.33,0.28,3,9,H,6,0
23/08/2010,Man City,Liverpool,3,1,4,3,8,3,0.11,0.5,6,8,H,3,0
28/08/2010,Blackpool,Fulham,0,0,4,6,5,9,0.0,0.0,3,5,D,2,2
28/08/2010,Chelsea,Stoke,5,1,29,0,3,8,1.0,0.0,15,4,H,2,0
28/08/2010,Blackburn,Arsenal,3,0,6,4,12,3,0.22,0.67,10,8,A,1,2
28/08/2010,Man Utd,West Ham,4,0,13,3,7,12,0.62,0.25,13,4,H,3,0
28/08/2010,Tottenham,Wigan,4,0,6,5,4,23,0.5,0.1,10,1,A,0,1
28/08/2010,Wolves,Newcastle,2,0,7,7,9,6,0.0,0.0,8,6,D,1,1
29/08/2010,Aston Villa,Everton,2,1,5,10,4,3,0.35,0.25,6,8,H,1,0
29/08/2010,Bolton,Birmingham,1,0,7,5,7,7,0.5,0.42,8,7,D,2,2
29/08/2010,Liverpool,West Brom,2,0,5,6,4,9,1.0,0.0,5,7,H,1,0
29/08/2010,Sunderland,Man City,3,2,4,6,7,3,0.08,0.83,4,8,H,1,0
11/09/2010,Man City,Blackburn,3,2,4,3,6,5,0.25,0.31,5,9,D,1,1
11/09/2010,Fulham,Wolves,2,1,4,9,7,7,0.0,0.5,3,8,H,2,1
11/09/2010,Arsenal,Bolton,4,2,14,4,7,5,0.56,0.17,10,8,H,4,1
11/09/2010,Everton,Man Utd,3,3,2,3,13,2,0.1,0.75,5,13,D,3,3
11/09/2010,West Ham,Chelsea,2,4,4,13,24,0,0.19,0.69,1,15,A,1,3
11/09/2010,Wigan,Sunderland,1,1,3,20,4,6,0.62,0.12,4,4,D,1,1
11/09/2010,West Brom,Tottenham,3,2,1,9,5,6,0.25,0.5,4,7,D,1,1
11/09/2010,Newcastle,Blackpool,2,1,7,6,6,8,0.0,0.0,4,4,A,0,2
12/09/2010,Birmingham,Liverpool,2,1,9,8,2,6,0.25,0.17,8,5,D,0,0
13/09/2010,Stoke,Aston Villa,1,3,3,10,5,10,0.25,0.25,3,6,H,2,1
18/09/2010,West Brom,Birmingham,3,0,2,8,7,7,0.17,0.5,5,6,H,3,1
18/09/2010,Sunderland,Arsenal,3,1,5,6,17,3,0.14,0.57,5,13,D,1,1
18/09/2010,Stoke,West Ham,2,0,4,11,3,13,0.5,0.5,3,1,D,1,1
18/09/2010,Everton,Newcastle,2,0,5,6,7,7,0.33,0.33,5,4,A,0,1
18/09/2010,Aston Villa,Bolton,3,2,5,9,8,8,0.39,0.17,6,8,D,1,1
18/09/2010,Tottenham,Wolves,3,0,5,7,7,6,0.5,0.5,5,8,H,3,1
18/09/2010,Blackburn,Fulham,2,0,5,5,6,9,0.56,0.28,7,6,D,1,1
19/09/2010,Chelsea,Blackpool,5,2,25,1,8,8,0.0,0.0,15,7,H,4,0
19/09/2010,Man Utd,Liverpool,4,1,15,5,2,4,0.55,0.4,11,6,H,3,2
19/09/2010,Wigan,Man City,1,1,2,19,5,3,0.5,0.2,4,6,A,0,2
25/09/2010,Fulham,Everton,2,1,7,6,4,7,0.44,0.56,7,2,D,0,0
25/09/2010,Arsenal,West Brom,4,0,14,4,5,9,0.75,0.12,11,7,A,2,3
25/09/2010,Birmingham,Wigan,2,1,7,8,2,13,0.67,0.17,6,4,D,0,0
25/09/2010,Blackpool,Blackburn,0,1,8,12,5,6,0.0,0.0,7,5,A,1,2
25/09/2010,West Ham,Tottenham,2,2,3,13,6,4,0.12,0.62,1,8,H,1,0
25/09/2010,Man City,Chelsea,2,4,6,2,21,1,0.17,0.78,8,15,H,1,0
25/09/2010,Liverpool,Sunderland,2,1,4,7,5,5,0.64,0.14,5,6,D,2,2
26/09/2010,Bolton,Man Utd,1,2,7,8,14,7,0.17,0.72,6,11,D,2,2
26/09/2010,Newcastle,Stoke,2,1,8,6,5,8,0.0,0.0,7,4,A,1,2
26/09/2010,Wolves,Aston Villa,2,2,6,8,6,9,0.0,0.5,5,7,A,1,2
02/10/2010,West Ham,Fulham,2,0,4,10,7,6,0.57,0.14,4,7,D,1,1
02/10/2010,Wigan,Wolves,0,0,2,9,5,9,0.5,0.5,5,2,H,2,0
02/10/2010,Birmingham,Everton,2,1,5,6,4,6,0.08,0.33,6,3,A,0,2
02/10/2010,Stoke,Blackburn,1,2,6,7,6,7,0.5,0.25,7,5,H,1,0
02/10/2010,Sunderland,Man Utd,2,2,5,5,13,9,0.0,0.79,6,9,D,0,0
02/10/2010,Tottenham,Aston Villa,3,2,6,5,5,10,0.3,0.25,7,7,H,2,1
02/10/2010,West Brom,Bolton,3,2,8,5,9,10,0.12,0.12,10,6,D,1,1
03/10/2010,Chelsea,Arsenal,5,1,15,2,15,6,0.3,0.3,12,10,H,2,0
03/10/2010,Man City,Newcastle,3,1,7,2,9,5,0.5,0.31,10,7,H,2,1
03/10/2010,Liverpool,Blackpool,2,2,5,8,5,14,0.0,0.0,5,4,A,1,2
16/10/2010,Arsenal,Birmingham,3,0,9,8,3,7,0.58,0.08,7,3,H,2,1
16/10/2010,Aston Villa,Chelsea,3,3,6,6,11,2,0.25,0.4,7,12,D,0,0
16/10/2010,Bolton,Stoke,1,2,7,10,6,5,0.5,0.25,4,10,H,2,1
16/10/2010,Fulham,Tottenham,2,2,6,5,6,5,0.33,0.33,7,7,A,1,2
16/10/2010,Man Utd,West Brom,5,1,11,7,8,6,0.88,0.0,9,8,D,2,2
16/10/2010,Newcastle,Wigan,2,1,4,7,4,3,0.38,0.5,4,8,D,2,2
16/10/2010,Wolves,West Ham,2,0,4,10,4,8,0.5,0.5,1,5,D,1,1
17/10/2010,Blackpool,Man City,0,1,7,9,6,3,0.0,0.0,7,10,A,2,3
17/10/2010,Everton,Liverpool,2,1,5,5,6,7,0.1,0.65,5,5,H,2,0
18/10/2010,Blackburn,Sunderland,2,1,5,6,5,4,0.33,0.33,5,7,D,0,0
23/10/2010,Birmingham,Blackpool,2,3,2,7,7,10,0.0,0.0,2,6,H,2,0
23/10/2010,Chelsea,Wolves,5,0,9,2,4,10,1.0,0.0,10,1,H,2,0
23/10/2010,West Brom,Fulham,2,0,10,7,5,5,0.25,0.5,9,6,H,2,1
23/10/2010,Sunderland,Aston Villa,1,1,4,4,5,6,0.14,0.43,5,5,H,1,0
23/10/2010,Wigan,Bolton,1,1,5,5,7,9,0.4,0.3,6,6,D,1,1
23/10/2010,West Ham,Newcastle,1,1,5,6,5,8,0.21,0.43,6,4,A,1,2
23/10/2010,Tottenham,Everton,3,1,8,5,7,4,0.45,0.2,10,8,D,1,1
24/10/2010,Liverpool,Blackburn,1,2,5,9,4,4,0.5,0.06,2,6,H,2,1
24/10/2010,Man City,Arsenal,3,1,9,4,9,8,0.17,0.72,13,7,A,0,3
24/10/2010,Stoke,Man Utd,2,1,7,5,10,9,0.0,1.0,10,7,A,1,2
30/10/2010,Wolves,Man City,2,2,3,10,8,6,0.25,0.5,1,12,H,2,1
30/10/2010,Man Utd,Tottenham,4,2,9,7,8,5,0.75,0.05,9,10,H,2,0
30/10/2010,Fulham,Wigan,1,1,4,6,5,5,0.3,0.2,3,6,H,2,0
30/10/2010,Blackburn,Chelsea,2,3,4,5,8,1,0.11,0.61,5,10,A,1,2
30/10/2010,Arsenal,West Ham,4,0,8,7,5,5,0.5,0.19,7,6,H,1,0
30/10/2010,Everton,Stoke,2,1,5,2,6,6,0.5,0.0,8,7,H,1,0
31/10/2010,Newcastle,Sunderland,1,0,7,7,4,3,0.5,0.17,7,7,H,5,1
31/10/2010,Aston Villa,Birmingham,2,0,4,5,4,7,0.5,0.33,5,4,D,0,0
31/10/2010,Bolton,Liverpool,2,0,7,6,7,10,0.17,0.67,7,4,A,0,1
01/11/2010,Blackpool,West Brom,0,1,5,12,11,7,0.0,0.0,3,11,H,2,1
06/11/2010,Blackburn,Wigan,1,1,4,6,5,5,0.6,0.2,4,6,H,2,1
06/11/2010,Birmingham,West Ham,2,0,3,4,4,5,0.25,0.5,5,5,D,2,2
06/11/2010,Blackpool,Everton,1,1,7,9,6,1,0.0,0.0,6,11,D,2,2
06/11/2010,Fulham,Aston Villa,2,1,5,5,3,4,0.17,0.44,5,5,D,1,1
06/11/2010,Bolton,Tottenham,1,2,6,6,5,6,0.44,0.33,6,7,H,4,2
06/11/2010,Man Utd,Wolves,4,0,8,5,4,8,0.75,0.25,9,4,H,2,1
06/11/2010,Sunderland,Stoke,2,1,4,7,5,6,0.25,0.5,6,6,H,2,0
07/11/2010,Arsenal,Newcastle,4,2,8,6,11,8,0.56,0.11,9,7,A,0,1
07/11/2010,Liverpool,Chelsea,2,3,6,7,6,2,0.3,0.55,7,10,H,2,0
07/11/2010,West Brom,Man City,3,2,9,8,7,8,0.5,0.25,8,9,A,0,2
09/11/2010,Stoke,Birmingham,2,0,3,7,5,6,0.0,0.5,3,5,H,3,2
09/11/2010,Tottenham,Sunderland,2,0,7,9,4,5,0.57,0.29,7,8,D,1,1
10/11/2010,Man City,Man Utd,3,1,8,8,8,4,0.28,0.5,9,11,D,0,0
10/11/2010,Aston Villa,Blackpool,2,2,2,4,8,9,0.0,0.0,3,7,H,3,2
10/11/2010,Chelsea,Fulham,5,0,6,3,6,6,0.61,0.06,10,5,H,1,0
10/11/2010,Everton,Bolton,2,1,8,3,8,6,0.56,0.28,11,8,D,1,1
10/11/2010,West Ham,West Brom,1,1,5,7,6,8,0.5,0.33,3,5,D,2,2
10/11/2010,Wigan,Liverpool,1,1,6,7,6,5,0.1,0.7,5,9,D,1,1
10/11/2010,Wolves,Arsenal,2,2,4,8,6,4,0.0,1.0,4,9,A,0,2
10/11/2010,Newcastle,Blackburn,2,1,11,6,4,6,0.31,0.5,10,4,A,1,2
13/11/2010,Man City,Birmingham,2,0,6,7,7,7,0.58,0.25,7,5,D,0,0
13/11/2010,Stoke,Liverpool,3,1,5,9,6,4,0.0,0.25,3,10,H,2,0
13/11/2010,Aston Villa,Man Utd,2,1,4,4,8,4,0.05,0.75,6,11,D,2,2
13/11/2010,Newcastle,Fulham,1,0,11,6,5,6,0.38,0.5,10,4,D,0,0
13/11/2010,West Ham,Blackpool,1,2,6,8,8,11,0.0,0.0,3,4,D,0,0
13/11/2010,Wigan,West Brom,1,1,5,8,7,9,0.5,0.5,3,5,H,1,0
13/11/2010,Wolves,Bolton,1,0,4,8,8,6,0.25,0.5,4,8,A,2,3
13/11/2010,Tottenham,Blackburn,2,2,6,9,6,6,0.44,0.28,5,7,H,4,2
14/11/2010,Chelsea,Sunderland,5,0,5,3,5,6,0.79,0.14,10,8,A,0,3
14/11/2010,Everton,Arsenal,2,3,7,4,8,2,0.2,0.6,9,12,A,1,2
20/11/2010,Man Utd,Wigan,4,1,8,4,4,6,1.0,0.0,11,5,H,2,0
20/11/2010,Arsenal,Tottenham,3,1,8,2,8,10,0.5,0.05,12,5,A,2,3
20/11/2010,Birmingham,Chelsea,1,2,6,5,5,6,0.0,0.58,6,9,H,1,0
20/11/2010,Blackpool,Wolves,1,0,6,8,5,10,0.0,0.0,5,3,H,2,1
20/11/2010,Bolton,Newcastle,2,3,9,7,9,4,0.44,0.44,8,10,H,5,1
20/11/2010,Liverpool,West Ham,3,0,6,4,5,7,0.75,0.06,10,3,H,3,0
20/11/2010,West Brom,Stoke,2,1,5,8,6,7,0.0,1.0,4,6,A,0,3
21/11/2010,Blackburn,Aston Villa,1,1,8,10,6,6,0.28,0.56,6,6,H,2,0
21/11/2010,Fulham,Man City,2,3,4,4,3,5,0.25,0.31,5,5,A,1,4
22/11/2010,Sunderland,Everton,3,1,8,6,6,6,0.14,0.64,10,6,D,2,2
27/11/2010,Stoke,Man City,3,4,8,5,7,3,0.25,0.5,9,8,D,1,1
27/11/2010,West Ham,Wigan,1,0,4,8,3,7,0.5,0.4,3,4,H,3,1
27/11/2010,Wolves,Sunderland,1,1,6,10,9,8,0.5,0.5,3,8,H,3,2
27/11/2010,Man Utd,Blackburn,4,2,8,3,9,8,0.5,0.22,11,9,H,7,1
27/11/2010,Aston Villa,Arsenal,1,3,6,7,7,5,0.05,0.6,6,9,A,2,4
27/11/2010,Everton,West Brom,2,1,7,7,3,10,0.62,0.25,6,1,A,1,4
27/11/2010,Bolton,Blackpool,3,1,13,7,8,7,0.0,0.0,10,8,D,2,2
27/11/2010,Fulham,Birmingham,1,0,4,6,5,5,0.25,0.33,5,6,D,1,1
28/11/2010,Newcastle,Chelsea,1,1,8,8,3,7,0.17,0.56,7,6,D,1,1
28/11/2010,Tottenham,Liverpool,3,1,10,11,7,3,0.25,0.5,7,10,H,2,1
04/12/2010,Wigan,Stoke,2,2,4,8,9,5,0.0,0.25,4,10,D,2,2
04/12/2010,Man City,Bolton,2,1,7,2,15,8,0.44,0.38,9,11,H,1,0
04/12/2010,Chelsea,Everton,4,1,2,7,7,11,0.5,0.1,4,3,D,1,1
04/12/2010,Birmingham,Tottenham,2,2,6,6,12,10,0.25,0.5,6,10,D,1,1
04/12/2010,Arsenal,Fulham,2,0,10,7,3,7,0.78,0.11,9,3,H,2,1
04/12/2010,Blackburn,Wolves,2,0,9,13,7,11,0.5,0.0,9,3,H,3,0
05/12/2010,West Brom,Newcastle,2,3,6,9,4,8,0.0,0.75,4,5,H,3,1
05/12/2010,Sunderland,West Ham,2,0,10,6,7,8,0.21,0.57,8,6,H,1,0
06/12/2010,Liverpool,Aston Villa,3,1,7,5,8,11,0.6,0.1,7,5,H,3,0
11/12/2010,Stoke,Blackpool,3,1,11,5,8,8,0.0,0.0,11,6,A,0,1
11/12/2010,West Ham,Man City,1,3,5,7,6,2,0.29,0.5,5,9,A,1,3
11/12/2010,Newcastle,Liverpool,1,1,4,11,8,5,0.22,0.61,2,7,H,3,1
11/12/2010,Aston Villa,West Brom,1,1,7,13,9,8,0.5,0.0,4,7,H,2,1
11/12/2010,Everton,Wigan,2,0,6,10,5,8,0.6,0.2,3,5,D,0,0
11/12/2010,Fulham,Sunderland,1,1,3,8,9,6,0.42,0.25,2,8,D,0,0
12/12/2010,Bolton,Blackburn,3,1,11,7,10,12,0.17,0.33,8,9,H,2,1
12/12/2010,Tottenham,Chelsea,3,1,11,7,3,6,0.15,0.6,11,5,D,1,1
12/12/2010,Wolves,Birmingham,2,0,6,12,5,5,0.0,0.5,3,6,H,1,0
13/12/2010,Man Utd,Arsenal,4,4,13,4,12,7,0.4,0.3,11,12,H,1,0
18/12/2010,Blackburn,West Ham,3,0,9,13,4,8,0.14,0.57,6,4,D,1,1
18/12/2010,Sunderland,Bolton,3,1,8,5,12,7,0.42,0.33,8,10,H,1,0
20/12/2010,Man City,Everton,2,1,9,3,5,9,0.33,0.5,11,3,A,1,2
26/12/2010,Aston Villa,Tottenham,2,2,6,12,11,7,0.24,0.33,4,11,A,1,2
26/12/2010,Bolton,West Brom,3,1,9,6,8,8,0.11,0.11,7,6,H,2,0
26/12/2010,Fulham,West Ham,1,0,3,7,5,9,0.13,0.53,3,4,A,1,3
26/12/2010,Blackburn,Stoke,3,1,8,10,8,4,0.2,0.6,7,8,A,0,2
26/12/2010,Wolves,Wigan,3,0,7,10,4,7,0.33,0.67,6,5,A,1,2
26/12/2010,Newcastle,Man City,2,3,6,10,10,5,0.29,0.53,5,10,A,1,3
26/12/2010,Man Utd,Sunderland,5,1,12,3,6,5,0.73,0.0,11,8,H,2,0
27/12/2010,Arsenal,Chelsea,3,1,10,8,3,7,0.29,0.33,9,3,H,3,1
28/12/2010,Stoke,Fulham,2,0,8,4,4,10,0.5,0.25,8,2,A,0,2
28/12/2010,Birmingham,Man Utd,2,1,3,3,14,3,0.0,0.75,6,13,D,1,1
28/12/2010,Tottenham,Newcastle,2,2,9,6,7,13,0.39,0.61,11,4,H,2,0
28/12/2010,Man City,Aston Villa,1,0,9,5,5,12,0.56,0.22,10,3,H,4,0
28/12/2010,West Brom,Blackburn,2,1,8,9,6,12,0.12,0.25,6,4,A,1,3
28/12/2010,West Ham,Everton,1,1,8,7,6,8,0.19,0.5,7,6,D,1,1
28/12/2010,Sunderland,Blackpool,4,1,4,5,7,6,0.0,0.0,7,8,A,0,2
29/12/2010,Chelsea,Bolton,3,1,4,7,6,5,0.67,0.06,3,7,H,1,0
29/12/2010,Liverpool,Wolves,4,0,8,7,6,9,0.5,0.0,6,6,A,0,1
29/12/2010,Wigan,Arsenal,2,4,5,8,11,8,0.1,0.8,5,9,D,2,2
01/01/2011,Liverpool,Bolton,4,1,8,6,4,4,0.68,0.16,6,6,H,2,1
01/01/2011,Stoke,Everton,2,1,5,6,5,7,0.0,0.6,5,6,H,2,0
01/01/2011,Birmingham,Arsenal,2,3,4,4,11,7,0.08,0.62,6,10,A,0,3
01/01/2011,Man City,Blackpool,2,2,12,4,7,3,1.0,0.0,12,11,H,1,0
01/01/2011,Sunderland,Blackburn,3,2,2,4,8,6,0.31,0.31,7,7,H,3,0
01/01/2011,Tottenham,Fulham,3,1,8,4,5,6,0.37,0.32,11,5,H,1,0
01/01/2011,West Ham,Wolves,1,1,6,7,6,7,0.33,0.33,5,9,H,2,0
01/01/2011,West Brom,Man Utd,2,1,9,9,13,2,0.0,0.78,6,13,A,1,2
02/01/2011,Chelsea,Aston Villa,3,0,5,6,5,14,0.38,0.24,6,3,D,3,3
02/01/2011,Wigan,Newcastle,1,2,7,8,6,10,0.44,0.33,6,4,A,0,1
04/01/2011,Man Utd,Stoke,5,2,13,3,6,5,1.0,0.0,13,7,H,2,1
04/01/2011,Blackpool,Birmingham,2,0,7,4,3,7,0.0,1.0,10,3,A,1,2
04/01/2011,Fulham,West Brom,0,1,4,6,6,10,0.44,0.33,4,3,H,3,0
05/01/2011,Newcastle,West Ham,1,1,6,9,8,6,0.47,0.2,6,8,H,5,0
05/01/2011,Everton,Tottenham,1,2,4,5,7,3,0.19,0.43,6,11,H,2,1
05/01/2011,Bolton,Wigan,4,1,5,5,6,6,0.27,0.36,6,6,D,1,1
05/01/2011,Arsenal,Man City,3,4,10,5,12,4,0.74,0.16,10,12,D,0,0
05/01/2011,Aston Villa,Sunderland,2,1,6,13,4,4,0.4,0.2,4,7,A,0,1
05/01/2011,Wolves,Chelsea,2,0,3,7,7,8,0.0,1.0,6,6,H,1,0
05/01/2011,Blackburn,Liverpool,3,1,5,9,7,7,0.05,0.53,4,6,H,3,1
12/01/2011,Blackpool,Liverpool,2,0,6,5,7,8,1.0,0.0,7,6,H,2,1
15/01/2011,Man City,Wolves,3,1,9,3,4,4,0.4,0.4,10,9,H,4,3
15/01/2011,Stoke,Bolton,2,1,5,5,4,5,0.2,0.6,6,4,H,2,0
15/01/2011,Chelsea,Blackburn,2,1,6,8,7,8,0.63,0.11,5,7,H,2,0
15/01/2011,West Ham,Arsenal,2,3,7,8,8,4,0.18,0.53,8,8,A,0,3
15/01/2011,Wigan,Fulham,1,1,5,5,6,4,0.18,0.36,6,7,D,1,1
15/01/2011,West Brom,Blackpool,1,2,3,12,6,4,0.0,1.0,0,9,H,3,2
16/01/2011,Birmingham,Aston Villa,1,0,4,7,6,11,0.31,0.46,5,4,D,1,1
16/01/2011,Liverpool,Everton,4,1,5,10,5,5,0.62,0.14,3,8,D,2,2
16/01/2011,Sunderland,Newcastle,3,2,5,4,10,6,0.15,0.54,9,9,D,1,1
16/01/2011,Tottenham,Man Utd,4,2,7,4,8,3,0.05,0.76,10,13,D,0,0
22/01/2011,Arsenal,Wigan,2,1,11,3,6,6,0.73,0.09,11,6,H,3,0
22/01/2011,Aston Villa,Man City,1,3,5,11,12,4,0.21,0.58,2,13,H,1,0
22/01/2011,Everton,West Ham,1,1,7,7,6,10,0.47,0.18,8,7,D,2,2
22/01/2011,Fulham,Stoke,1,2,7,5,7,4,0.4,0.4,7,9,H,2,0
22/01/2011,Man Utd,Birmingham,5,1,7,3,4,7,0.69,0.0,11,5,H,5,0
22/01/2011,Newcastle,Tottenham,2,2,8,6,6,3,0.58,0.42,7,10,D,1,1
22/01/2011,Wolves,Liverpool,3,0,6,8,6,9,0.2,0.4,6,4,A,0,3
22/01/2011,Blackpool,Sunderland,3,2,7,7,5,5,1.0,0.0,6,7,A,1,2
23/01/2011,Blackburn,West Brom,3,1,6,9,5,12,0.33,0.11,6,3,H,2,0
24/01/2011,Bolton,Chelsea,3,0,4,6,7,7,0.05,0.68,4,7,A,0,4
25/01/2011,Wigan,Aston Villa,1,0,4,8,5,9,0.4,0.3,3,5,A,1,2
25/01/2011,Blackpool,Man Utd,2,1,6,9,10,3,0.0,0.0,3,11,A,2,3
26/01/2011,Liverpool,Fulham,3,1,9,8,8,2,0.56,0.22,7,10,H,1,0
01/02/2011,Arsenal,Everton,3,1,11,2,7,8,0.62,0.19,11,6,H,2,1
01/02/2011,Man Utd,Aston Villa,5,1,12,4,7,6,0.71,0.05,13,8,H,3,1
01/02/2011,Sunderland,Chelsea,3,1,7,4,10,4,0.2,0.73,10,10,A,2,4
01/02/2011,West Brom,Wigan,2,1,5,12,3,8,0.4,0.6,3,2,D,2,2
02/02/2011,Birmingham,Man City,1,2,4,11,9,4,0.23,0.54,5,10,D,2,2
02/02/2011,Blackburn,Tottenham,3,2,8,7,5,3,0.26,0.47,9,8,A,0,1
02/02/2011,Blackpool,West Ham,2,1,8,11,5,11,0.0,0.0,3,5,A,1,3
02/02/2011,Bolton,Wolves,2,1,2,10,5,9,0.6,0.2,1,6,H,1,0
02/02/2011,Fulham,Newcastle,2,1,6,3,8,4,0.47,0.35,7,8,H,1,0
02/02/2011,Liverpool,Stoke,3,2,8,7,5,6,0.2,0.2,7,6,H,2,0
05/02/2011,Everton,Blackpool,1,2,7,9,8,12,0.0,0.0,5,3,H,5,3
05/02/2011,Newcastle,Arsenal,2,3,8,3,11,1,0.16,0.53,8,13,D,4,4
05/02/2011,Aston Villa,Fulham,2,1,5,6,7,2,0.42,0.16,7,10,D,2,2
05/02/2011,Man City,West Brom,4,1,7,6,6,11,0.33,0.44,8,4,H,3,0
05/02/2011,Tottenham,Bolton,3,0,4,3,3,9,0.32,0.47,8,4,H,2,1
05/02/2011,Wigan,Blackburn,0,1,5,9,5,7,0.18,0.64,3,6,H,4,3
05/02/2011,Wolves,Man Utd,3,2,4,10,13,4,0.2,0.8,3,13,H,2,1
05/02/2011,Stoke,Sunderland,2,2,5,6,9,6,0.4,0.4,6,10,H,3,2
06/02/2011,Chelsea,Liverpool,2,1,13,6,9,4,0.52,0.33,10,10,A,0,1
06/02/2011,West Ham,Birmingham,2,1,7,11,5,12,0.44,0.22,7,5,A,0,1
12/02/2011,Arsenal,Wolves,4,1,12,5,6,9,1.0,0.0,11,6,H,2,0
12/02/2011,Birmingham,Stoke,0,1,6,9,6,8,0.33,0.33,8,6,H,1,0
12/02/2011,Blackburn,Newcastle,2,1,8,8,11,7,0.53,0.29,6,6,D,0,0
12/02/2011,Blackpool,Aston Villa,1,1,9,16,7,7,0.0,1.0,0,8,D,1,1
12/02/2011,Man Utd,Man City,5,2,12,5,9,6,0.47,0.26,10,8,H,2,1
12/02/2011,Sunderland,Tottenham,2,2,8,9,5,4,0.27,0.53,7,8,A,1,2
12/02/2011,West Brom,West Ham,2,2,5,12,5,12,0.29,0.43,4,4,D,3,3
12/02/2011,Liverpool,Wigan,3,1,9,2,8,11,0.64,0.09,13,5,D,1,1
13/02/2011,Bolton,Everton,3,1,3,9,12,10,0.26,0.53,4,8,H,2,0
14/02/2011,Fulham,Chelsea,3,2,6,4,10,4,0.05,0.63,8,9,D,0,0
15/02/2011,Birmingham,Newcastle,1,1,5,8,6,7,0.1,0.5,8,4,A,0,2
20/02/2011,West Brom,Wolves,1,1,8,12,5,11,0.0,0.0,5,3,D,1,1
22/02/2011,Blackpool,Tottenham,1,3,8,14,6,3,0.0,0.0,1,11,H,3,1
23/02/2011,Arsenal,Stoke,4,1,14,5,5,7,0.75,0.25,13,6,H,1,0
26/02/2011,Aston Villa,Blackburn,2,1,7,7,5,7,0.53,0.32,8,4,H,4,1
26/02/2011,Everton,Sunderland,2,2,10,11,8,11,0.6,0.13,5,4,H,2,0
26/02/2011,Newcastle,Bolton,2,0,7,6,4,8,0.41,0.47,6,6,D,1,1
26/02/2011,Wigan,Man Utd,1,2,8,11,14,6,0.0,1.0,5,12,A,0,4
26/02/2011,Wolves,Blackpool,3,2,3,8,10,13,0.0,1.0,4,4,H,4,0
27/02/2011,West Ham,Liverpool,1,2,8,10,8,1,0.06,0.76,5,13,H,3,1
27/02/2011,Man City,Fulham,4,1,10,8,5,3,0.35,0.24,7,8,D,1,1
28/02/2011,Stoke,West Brom,3,0,3,8,6,11,1.0,0.0,3,3,D,1,1
01/03/2011,Chelsea,Man Utd,2,3,10,3,13,6,0.4,0.25,10,12,H,2,1
05/03/2011,Newcastle,Everton,1,0,7,6,10,9,0.37,0.32,6,7,A,1,2
05/03/2011,Arsenal,Sunderland,4,2,12,5,7,12,0.53,0.13,13,3,D,0,0
05/03/2011,Birmingham,West Brom,1,0,4,9,7,10,0.43,0.29,7,4,A,1,3
05/03/2011,Bolton,Aston Villa,3,1,5,7,10,8,0.16,0.37,7,8,H,3,2
05/03/2011,Fulham,Blackburn,3,1,4,4,6,9,0.26,0.53,6,4,H,3,2
05/03/2011,Man City,Wigan,4,1,7,6,8,12,0.27,0.45,5,5,H,1,0
05/03/2011,West Ham,Stoke,2,0,11,8,4,7,0.4,0.4,8,4,H,3,0
06/03/2011,Liverpool,Man Utd,3,2,6,4,11,6,0.38,0.57,10,9,H,3,1
06/03/2011,Wolves,Tottenham,3,2,7,5,7,6,0.4,0.6,7,10,D,3,3
07/03/2011,Blackpool,Chelsea,1,2,8,14,10,4,0.0,1.0,4,10,A,1,3
09/03/2011,Everton,Birmingham,3,2,10,8,5,7,0.38,0.08,9,7,D,1,1
19/03/2011,Aston Villa,Wolves,2,0,10,10,10,7,0.6,0.0,5,8,A,0,1
19/03/2011,Blackburn,Blackpool,2,1,6,12,8,14,1.0,0.0,1,4,D,2,2
19/03/2011,Everton,Fulham,3,0,10,7,7,5,0.53,0.42,10,9,H,2,1
19/03/2011,Man Utd,Bolton,5,0,9,8,8,5,0.68,0.16,6,10,H,1,0
19/03/2011,Stoke,Newcastle,3,2,4,8,8,7,0.33,0.0,4,6,H,4,0
19/03/2011,Tottenham,West Ham,3,2,9,8,12,6,0.59,0.18,10,10,D,0,0
19/03/2011,West Brom,Arsenal,1,2,8,9,9,5,0.22,0.67,6,11,D,2,2
19/03/2011,Wigan,Birmingham,1,2,7,11,4,6,0.14,0.57,5,7,H,2,1
20/03/2011,Chelsea,Man City,3,1,9,5,8,5,0.74,0.21,10,8,H,2,0
20/03/2011,Sunderland,Liverpool,1,2,5,11,8,5,0.13,0.6,1,10,A,0,2
02/04/2011,Newcastle,Wolves,1,1,4,7,9,6,0.0,0.0,5,8,H,4,1
02/04/2011,Arsenal,Blackburn,4,0,9,6,8,13,0.68,0.21,9,2,D,0,0
02/04/2011,Birmingham,Bolton,1,0,4,8,7,6,0.38,0.46,4,7,H,2,1
02/04/2011,Everton,Aston Villa,3,1,7,5,9,8,0.24,0.38,10,5,D,2,2
02/04/2011,West Brom,Liverpool,1,3,10,8,8,5,0.0,1.0,7,10,H,2,1
02/04/2011,West Ham,Man Utd,3,2,9,5,9,6,0.24,0.65,8,9,A,2,4
02/04/2011,Wigan,Tottenham,2,2,7,10,8,8,0.18,0.45,7,8,D,0,0
02/04/2011,Stoke,Chelsea,4,3,5,6,7,3,0.0,1.0,4,10,D,1,1
03/04/2011,Fulham,Blackpool,4,0,7,7,7,11,0.0,0.0,6,5,H,3,0
03/04/2011,Man City,Sunderland,4,2,6,5,3,9,0.77,0.15,7,1,H,5,0
09/04/2011,Bolton,West Ham,3,1,7,6,11,8,0.73,0.13,7,8,H,3,0
09/04/2011,Chelsea,Wigan,3,0,8,3,3,7,0.82,0.09,11,5,H,1,0
09/04/2011,Blackburn,Birmingham,2,2,5,9,5,9,0.38,0.38,3,4,D,1,1
09/04/2011,Man Utd,Fulham,5,0,11,7,8,5,0.63,0.16,9,8,H,2,0
09/04/2011,Sunderland,West Brom,1,1,1,11,9,6,0.29,0.43,1,9,A,2,3
09/04/2011,Tottenham,Stoke,3,0,6,7,6,6,0.6,0.4,6,5,H,3,2
09/04/2011,Wolves,Everton,3,1,10,8,9,5,0.2,0.2,8,11,A,0,3
10/04/2011,Aston Villa,Newcastle,2,1,9,8,8,8,0.26,0.37,5,7,H,1,0
10/04/2011,Blackpool,Arsenal,1,2,6,13,5,2,0.0,1.0,4,9,A,1,3
11/04/2011,Liverpool,Man City,3,0,8,7,8,5,0.47,0.16,7,7,H,3,0
16/04/2011,Birmingham,Sunderland,2,1,6,8,2,12,0.56,0.22,5,1,H,2,0
16/04/2011,Everton,Blackburn,3,0,10,5,6,10,0.37,0.37,11,3,H,2,0
16/04/2011,Blackpool,Wigan,1,0,4,15,2,7,1.0,0.0,1,4,A,1,3
16/04/2011,West Ham,Aston Villa,2,1,8,8,9,7,0.18,0.35,7,7,A,1,2
16/04/2011,West Brom,Chelsea,1,3,11,7,9,3,0.0,1.0,11,13,A,1,3
17/04/2011,Arsenal,Liverpool,3,3,6,3,10,6,0.43,0.19,9,9,D,1,1
19/04/2011,Newcastle,Man Utd,1,2,6,9,9,7,0.05,0.74,4,9,D,0,0
20/04/2011,Chelsea,Birmingham,4,1,10,3,7,5,0.54,0.08,13,8,H,3,1
20/04/2011,Tottenham,Arsenal,3,3,7,8,6,4,0.1,0.48,6,7,D,3,3
23/04/2011,Chelsea,West Ham,4,1,10,3,6,9,0.71,0.18,13,4,H,3,0
23/04/2011,Wolves,Fulham,2,0,9,10,8,7,0.4,0.2,7,7,D,1,1
23/04/2011,Tottenham,West Brom,2,2,9,8,11,9,0.44,0.22,7,10,D,2,2
23/04/2011,Sunderland,Wigan,0,1,2,12,5,4,0.11,0.56,1,7,H,4,2
23/04/2011,Man Utd,Everton,5,2,8,5,10,4,0.71,0.1,10,11,H,1,0
23/04/2011,Blackpool,Newcastle,1,1,5,14,5,8,1.0,0.0,1,4,D,1,1
23/04/2011,Aston Villa,Stoke,3,0,7,7,8,8,0.2,0.4,7,5,D,1,1
23/04/2011,Liverpool,Birmingham,4,1,10,4,7,7,0.15,0.23,10,7,H,5,0
24/04/2011,Bolton,Arsenal,4,2,8,6,9,7,0.16,0.58,7,7,H,2,1
25/04/2011,Blackburn,Man City,1,0,5,8,7,6,0.29,0.24,3,7,A,0,1
26/04/2011,Stoke,Wolves,3,1,8,8,6,11,0.0,0.33,5,5,H,3,0
27/04/2011,Fulham,Bolton,4,0,8,7,9,6,0.47,0.16,7,9,H,3,0
30/04/2011,West Brom,Aston Villa,1,1,10,10,6,5,0.0,0.56,8,8,H,2,1
30/04/2011,Wigan,Everton,2,2,7,7,9,4,0.18,0.55,7,10,D,1,1
30/04/2011,Sunderland,Fulham,1,0,6,14,8,5,0.23,0.38,3,7,A,0,3
30/04/2011,Blackburn,Bolton,0,0,3,6,6,7,0.32,0.21,3,6,H,1,0
30/04/2011,Blackpool,Stoke,1,0,5,12,11,5,1.0,0.0,2,8,D,0,0
30/04/2011,Chelsea,Tottenham,5,2,11,3,8,7,0.57,0.14,13,7,H,2,1
01/05/2011,Man City,West Ham,4,1,7,5,3,12,0.53,0.27,9,1,H,2,1
01/05/2011,Liverpool,Newcastle,4,1,12,3,5,7,0.58,0.26,10,5,H,3,0
01/05/2011,Arsenal,Man Utd,2,2,8,7,8,2,0.29,0.43,6,13,H,1,0
01/05/2011,Birmingham,Wolves,3,1,6,10,3,11,0.4,0.2,7,4,D,1,1
07/05/2011,Newcastle,Birmingham,1,0,5,6,5,10,0.55,0.09,5,5,H,2,1
07/05/2011,West Ham,Blackburn,2,0,4,14,2,4,0.53,0.13,0,5,D,1,1
07/05/2011,Aston Villa,Wigan,2,1,7,6,6,7,0.36,0.36,8,5,D,1,1
07/05/2011,Bolton,Sunderland,5,0,6,7,6,15,0.31,0.46,6,3,A,1,2
07/05/2011,Everton,Man City,3,1,8,4,8,6,0.53,0.32,8,9,H,2,1
07/05/2011,Tottenham,Blackpool,2,0,9,9,3,10,0.0,1.0,6,2,D,1,1
08/05/2011,Stoke,Arsenal,3,1,7,5,9,7,0.2,0.8,6,8,H,3,1
08/05/2011,Wolves,West Brom,2,2,3,12,10,9,0.0,0.0,2,10,H,3,1
08/05/2011,Man Utd,Chelsea,5,3,7,3,12,3,0.24,0.43,10,15,H,2,1
09/05/2011,Fulham,Liverpool,4,2,10,3,13,3,0.21,0.58,10,10,A,2,5
10/05/2011,Man City,Tottenham,4,1,9,6,10,10,0.11,0.68,9,6,H,1,0
14/05/2011,Blackburn,Man Utd,1,1,3,5,5,2,0.21,0.53,5,10,D,1,1
14/05/2011,Blackpool,Bolton,0,0,4,8,6,7,0.0,0.0,3,6,H,4,3
14/05/2011,Sunderland,Wolves,1,1,8,11,5,9,0.33,0.67,6,5,A,1,3
14/05/2011,West Brom,Everton,2,2,9,11,8,3,0.33,0.56,7,10,H,1,0
15/05/2011,Wigan,West Ham,2,0,7,8,3,11,0.36,0.55,5,1,H,3,2
15/05/2011,Liverpool,Tottenham,4,0,17,3,7,9,0.48,0.29,13,3,A,0,2
15/05/2011,Birmingham,Fulham,2,1,5,11,9,8,0.31,0.23,4,7,A,0,2
15/05/2011,Arsenal,Aston Villa,2,1,7,9,6,5,0.62,0.05,5,8,A,1,2
15/05/2011,Chelsea,Newcastle,5,1,12,5,3,6,0.53,0.16,12,5,D,2,2
17/05/2011,Man City,Stoke,4,0,5,6,9,5,0.4,0.2,9,8,H,3,0
22/05/2011,Aston Villa,Liverpool,2,2,7,6,14,5,0.1,0.62,8,10,H,1,0
22/05/2011,Bolton,Man City,4,1,6,11,8,3,0.35,0.47,3,12,A,0,2
22/05/2011,Fulham,Arsenal,3,1,11,6,7,10,0.11,0.79,10,4,D,2,2
22/05/2011,Man Utd,Blackpool,5,0,4,3,7,8,1.0,0.0,8,6,H,4,2
22/05/2011,Everton,Chelsea,3,2,5,4,11,6,0.1,0.48,7,10,H,1,0
22/05/2011,Tottenham,Birmingham,1,0,6,6,3,13,0.46,0.23,5,1,H,2,1
22/05/2011,West Ham,Sunderland,2,1,5,11,7,11,0.53,0.27,1,6,A,0,3
22/05/2011,Newcastle,West Brom,2,2,5,7,7,9,0.67,0.11,6,7,D,3,3
22/05/2011,Wolves,Blackburn,2,0,8,7,3,5,0.0,0.6,8,5,A,2,3
22/05/2011,Stoke,Wigan,3,1,7,5,10,9,0.2,0.0,8,8,A,0,1
13/08/2011,QPR,Bolton,0,0,0,0,4,12,0.0,0.0,0,0,A,0,4
13/08/2011,Newcastle,Arsenal,2,1,8,10,6,9,0.15,0.5,6,4,D,0,0
13/08/2011,Wigan,Norwich,2,0,8,8,7,11,0.0,0.0,8,9,D,1,1
13/08/2011,Fulham,Aston Villa,3,2,12,7,6,5,0.15,0.4,10,8,D,0,0
13/08/2011,Blackburn,Wolves,1,2,6,5,9,9,0.67,0.0,8,7,A,1,2
13/08/2011,Liverpool,Sunderland,4,2,13,5,10,9,0.62,0.12,9,9,D,1,1
14/08/2011,Stoke,Chelsea,3,2,6,5,8,6,0.0,0.83,7,7,D,0,0
14/08/2011,West Brom,Man Utd,3,1,9,9,8,5,0.0,0.8,8,10,A,1,2
15/08/2011,Man City,Swansea,5,0,9,3,0,0,0.0,0.0,12,0,H,4,0
20/08/2011,Chelsea,West Brom,4,2,5,6,8,9,1.0,0.0,5,7,H,2,1
20/08/2011,Swansea,Wigan,0,2,0,4,7,5,0.0,0.0,0,9,D,0,0
20/08/2011,Sunderland,Newcastle,1,0,7,8,7,9,0.14,0.5,7,6,A,0,1
20/08/2011,Everton,QPR,4,0,4,4,0,4,0.0,0.0,7,0,A,0,1
20/08/2011,Arsenal,Liverpool,1,2,5,7,9,6,0.41,0.18,5,7,A,0,2
20/08/2011,Aston Villa,Blackburn,2,1,5,4,7,6,0.55,0.3,8,8,H,3,1
21/08/2011,Wolves,Fulham,1,2,11,7,9,7,0.33,0.17,10,8,H,2,0
21/08/2011,Bolton,Man City,3,2,8,9,11,2,0.33,0.5,3,12,A,2,3
21/08/2011,Norwich,Stoke,4,0,6,11,3,5,0.0,0.0,7,5,D,1,1
22/08/2011,Man Utd,Tottenham,5,1,9,6,6,5,0.73,0.05,10,7,H,3,0
27/08/2011,Wigan,QPR,2,1,6,4,1,4,0.0,0.0,9,3,H,2,0
27/08/2011,Liverpool,Bolton,3,1,8,6,10,11,0.7,0.15,7,3,H,3,1
27/08/2011,Swansea,Sunderland,0,2,0,4,7,6,0.0,0.0,1,7,D,0,0
27/08/2011,Blackburn,Everton,1,2,7,9,4,4,0.35,0.4,5,7,A,0,1
27/08/2011,Aston Villa,Wolves,3,2,7,3,12,6,0.5,0.17,11,12,D,0,0
27/08/2011,Chelsea,Norwich,4,0,5,6,6,12,1.0,0.0,5,5,H,3,1
28/08/2011,Man Utd,Arsenal,5,0,12,5,4,9,0.41,0.32,13,2,H,8,2
28/08/2011,Newcastle,Fulham,2,2,8,6,6,9,0.33,0.5,9,5,H,2,1
28/08/2011,Tottenham,Man City,2,3,5,6,13,2,0.65,0.15,7,15,A,1,5
28/08/2011,West Brom,Stoke,3,0,7,10,4,6,0.0,0.75,4,5,A,0,1
10/09/2011,Arsenal,Swansea,1,0,5,14,0,4,0.0,0.0,2,2,H,1,0
10/09/2011,Man City,Wigan,5,2,17,3,7,3,0.33,0.42,15,11,H,3,0
10/09/2011,Bolton,Man Utd,2,2,10,12,18,6,0.15,0.7,3,13,A,0,5
10/09/2011,Everton,Aston Villa,3,2,4,3,6,2,0.23,0.36,9,11,D,2,2
10/09/2011,Wolves,Tottenham,2,1,9,5,5,10,0.33,0.5,10,6,A,0,2
10/09/2011,Sunderland,Chelsea,1,1,5,5,7,5,0.19,0.75,5,8,A,1,2
10/09/2011,Stoke,Liverpool,2,2,2,5,6,5,0.17,0.33,5,7,H,1,0
11/09/2011,Fulham,Blackburn,2,1,5,6,6,9,0.3,0.5,5,4,D,1,1
11/09/2011,Norwich,West Brom,4,1,4,11,6,8,0.5,0.0,5,4,A,0,1
12/09/2011,QPR,Newcastle,0,1,1,6,8,6,0.0,0.0,3,9,D,0,0
17/09/2011,Blackburn,Arsenal,1,0,6,9,5,12,0.2,0.65,4,5,H,4,3
17/09/2011,Wolves,QPR,2,1,6,6,1,6,0.0,0.0,7,4,A,0,3
17/09/2011,Aston Villa,Newcastle,2,1,6,3,6,4,0.3,0.35,9,9,D,1,1
17/09/2011,Bolton,Norwich,1,0,7,13,3,12,0.5,0.5,3,2,A,1,2
17/09/2011,Everton,Wigan,3,1,4,4,4,4,0.5,0.17,7,8,H,3,1
17/09/2011,Swansea,West Brom,0,1,0,5,6,8,0.0,0.0,2,4,H,3,0
18/09/2011,Man Utd,Chelsea,5,2,22,5,7,4,0.27,0.41,15,10,H,3,1
18/09/2011,Fulham,Man City,1,4,4,7,17,3,0.22,0.33,3,15,D,2,2
18/09/2011,Tottenham,Liverpool,1,2,7,9,6,4,0.32,0.45,9,7,H,4,0
18/09/2011,Sunderland,Stoke,1,1,5,4,3,2,0.33,0.5,5,8,H,4,0
24/09/2011,West Brom,Fulham,2,2,3,8,4,7,0.3,0.5,3,3,D,0,0
24/09/2011,Stoke,Man Utd,3,2,3,5,21,4,0.0,1.0,8,15,D,1,1
24/09/2011,Wigan,Tottenham,2,2,4,7,9,9,0.17,0.42,5,9,A,1,2
24/09/2011,Newcastle,Blackburn,2,1,4,2,7,10,0.28,0.5,9,4,H,3,1
24/09/2011,Chelsea,Swansea,4,0,8,6,3,5,0.0,0.0,10,5,H,4,1
24/09/2011,Liverpool,Wolves,3,2,6,7,4,6,0.5,0.17,7,7,H,2,1
24/09/2011,Man City,Everton,5,2,17,5,7,4,0.3,0.55,13,10,H,2,0
24/09/2011,Arsenal,Bolton,2,1,6,14,8,13,0.55,0.2,4,3,H,3,0
25/09/2011,QPR,Aston Villa,0,2,4,6,6,4,0.0,0.0,7,7,D,1,1
26/09/2011,Norwich,Sunderland,3,2,5,7,6,4,0.0,0.0,5,5,H,2,1
01/10/2011,Everton,Liverpool,3,2,6,6,7,7,0.14,0.59,7,9,A,0,2
01/10/2011,Aston Villa,Wigan,2,1,7,5,4,8,0.33,0.33,7,4,H,2,0
01/10/2011,Blackburn,Man City,2,3,7,11,15,5,0.28,0.28,4,13,A,0,4
01/10/2011,Man Utd,Norwich,5,1,20,4,6,7,0.5,0.5,13,7,H,2,0
01/10/2011,Wolves,Newcastle,2,1,3,7,7,3,0.0,0.25,4,11,A,1,2
01/10/2011,Sunderland,West Brom,1,1,6,5,2,6,0.25,0.5,4,4,D,2,2
02/10/2011,Bolton,Chelsea,0,1,4,16,12,7,0.05,0.7,0,12,A,1,5
02/10/2011,Fulham,QPR,0,2,4,7,5,3,0.0,0.0,3,8,H,6,0
02/10/2011,Swansea,Stoke,1,1,4,5,4,6,0.0,0.0,5,8,H,2,0
02/10/2011,Tottenham,Arsenal,2,0,9,9,9,14,0.09,0.45,9,6,H,2,1
15/10/2011,Chelsea,Everton,4,1,15,7,6,7,0.45,0.14,12,7,H,3,1
15/10/2011,Norwich,Swansea,3,0,5,8,6,5,0.0,0.0,6,7,H,3,1
15/10/2011,Liverpool,Man Utd,3,2,7,7,19,4,0.41,0.55,9,13,D,1,1
15/10/2011,Wigan,Bolton,2,1,4,10,3,18,0.33,0.25,3,0,A,1,3
15/10/2011,QPR,Blackburn,0,1,4,9,6,12,0.0,0.0,5,4,D,1,1
15/10/2011,Stoke,Fulham,2,2,3,7,10,5,0.33,0.5,7,6,H,2,0
15/10/2011,Man City,Aston Villa,5,1,16,3,6,4,0.55,0.25,13,7,H,4,1
16/10/2011,Arsenal,Sunderland,3,2,10,14,8,6,0.5,0.12,6,5,H,2,1
16/10/2011,Newcastle,Tottenham,3,3,8,4,11,7,0.55,0.4,11,12,D,2,2
16/10/2011,West Brom,Wolves,2,2,3,6,2,9,0.0,0.5,5,1,H,2,0
22/10/2011,Newcastle,Wigan,2,1,8,5,3,13,0.4,0.4,9,0,H,1,0
22/10/2011,Wolves,Swansea,1,0,2,11,7,8,0.0,0.0,0,6,D,2,2
22/10/2011,Liverpool,Norwich,2,1,5,7,7,6,1.0,0.0,7,9,D,1,1
22/10/2011,Aston Villa,West Brom,3,1,7,8,5,5,0.5,0.1,6,8,A,1,2
22/10/2011,Bolton,Sunderland,0,1,5,16,9,8,0.29,0.5,3,4,A,0,2
23/10/2011,QPR,Chelsea,0,2,5,8,15,7,0.0,0.0,6,12,H,1,0
23/10/2011,Fulham,Everton,1,1,9,5,6,10,0.4,0.55,6,4,A,1,3
23/10/2011,Man Utd,Man City,5,4,12,3,15,3,0.5,0.25,11,13,A,1,6
23/10/2011,Arsenal,Stoke,3,1,10,7,4,7,0.67,0.33,9,7,H,3,1
23/10/2011,Blackburn,Tottenham,1,3,7,12,12,4,0.25,0.5,5,13,A,1,2
29/10/2011,West Brom,Liverpool,2,2,6,6,6,7,0.1,0.9,8,8,A,0,2
29/10/2011,Swansea,Bolton,2,2,9,9,5,13,0.0,0.0,7,3,H,3,1
29/10/2011,Sunderland,Aston Villa,1,1,10,6,6,8,0.25,0.38,7,5,D,2,2
29/10/2011,Wigan,Fulham,2,1,3,11,9,7,0.17,0.33,0,5,A,0,2
29/10/2011,Man City,Wolves,5,2,18,4,4,11,0.5,0.33,13,1,H,3,1
29/10/2011,Everton,Man Utd,2,2,7,9,8,9,0.09,0.73,6,8,A,0,1
29/10/2011,Chelsea,Arsenal,4,0,13,7,12,8,0.32,0.32,9,9,A,3,5
29/10/2011,Norwich,Blackburn,3,1,8,6,7,13,0.0,0.5,10,4,D,3,3
30/10/2011,Tottenham,QPR,3,2,12,5,6,8,0.0,0.0,13,8,H,3,1
31/10/2011,Stoke,Newcastle,2,2,4,10,9,5,0.5,0.0,4,11,A,1,3
05/11/2011,Arsenal,West Brom,4,2,14,7,6,5,0.6,0.2,12,8,H,3,0
05/11/2011,Blackburn,Chelsea,1,2,6,13,15,9,0.1,0.65,2,9,A,0,1
05/11/2011,Aston Villa,Norwich,2,1,7,9,9,8,0.5,0.0,5,8,H,3,2
05/11/2011,Liverpool,Swansea,2,0,8,3,9,10,0.0,0.0,11,7,D,0,0
05/11/2011,Man Utd,Sunderland,4,1,6,8,8,8,0.75,0.0,8,5,H,1,0
05/11/2011,Newcastle,Everton,3,2,11,5,4,9,0.35,0.35,13,3,H,2,1
05/11/2011,QPR,Man City,1,4,4,11,19,3,0.0,0.0,5,15,A,2,3
06/11/2011,Bolton,Stoke,0,1,5,14,5,9,0.5,0.33,3,4,H,5,0
06/11/2011,Fulham,Tottenham,1,3,9,5,11,6,0.3,0.4,7,13,A,1,3
06/11/2011,Wolves,Wigan,1,0,5,11,2,10,0.25,0.75,1,0,H,3,1
19/11/2011,Swansea,Man Utd,3,3,8,6,6,7,0.0,0.0,8,10,A,0,1
19/11/2011,West Brom,Bolton,1,2,6,8,10,11,0.1,0.2,7,6,H,2,1
19/11/2011,Sunderland,Fulham,1,1,7,7,10,8,0.21,0.43,5,6,D,0,0
19/11/2011,Wigan,Blackburn,1,0,2,11,5,11,0.25,0.58,0,2,D,3,3
19/11/2011,Norwich,Arsenal,2,1,9,10,14,7,0.0,1.0,5,12,A,1,2
19/11/2011,Everton,Wolves,1,1,5,9,7,10,0.33,0.17,3,4,H,2,1
19/11/2011,Stoke,QPR,2,2,4,13,5,13,0.0,0.0,3,4,A,2,3
19/11/2011,Man City,Newcastle,5,3,20,5,10,5,0.56,0.28,15,13,H,3,1
20/11/2011,Chelsea,Liverpool,4,3,12,8,6,2,0.5,0.36,9,9,A,1,2
21/11/2011,Tottenham,Aston Villa,4,0,12,6,9,10,0.36,0.23,13,7,H,2,0
26/11/2011,Sunderland,Wigan,1,0,5,5,5,12,0.2,0.5,5,1,A,1,2
26/11/2011,Man Utd,Newcastle,4,2,5,7,9,7,0.7,0.05,10,10,D,1,1
26/11/2011,Stoke,Blackburn,2,0,6,14,8,10,0.67,0.17,3,3,H,3,1
26/11/2011,West Brom,Tottenham,2,4,6,7,12,5,0.2,0.4,9,13,A,1,3
26/11/2011,Chelsea,Wolves,3,0,8,9,7,10,0.83,0.17,6,4,H,3,0
26/11/2011,Arsenal,Fulham,5,1,15,6,4,8,0.75,0.1,15,4,D,1,1
26/11/2011,Norwich,QPR,2,2,10,10,8,9,0.0,0.0,5,7,H,2,1
26/11/2011,Bolton,Everton,1,2,10,8,7,8,0.3,0.5,6,6,A,0,2
27/11/2011,Liverpool,Man City,2,4,6,3,19,6,0.5,0.15,9,15,D,1,1
27/11/2011,Swansea,Aston Villa,3,0,6,7,7,12,0.0,0.0,5,4,D,0,0
03/12/2011,Newcastle,Chelsea,4,3,8,6,8,8,0.15,0.5,10,6,A,0,3
03/12/2011,Blackburn,Swansea,1,0,8,12,5,4,0.0,0.0,2,6,H,4,2
03/12/2011,Man City,Norwich,5,1,16,6,9,10,0.5,0.0,13,5,H,5,1
03/12/2011,Aston Villa,Man Utd,2,3,6,8,5,7,0.05,0.73,5,10,A,0,1
03/12/2011,QPR,West Brom,1,2,8,10,5,10,0.0,0.0,6,6,D,1,1
03/12/2011,Wigan,Arsenal,1,2,6,10,14,6,0.08,0.75,4,13,A,0,4
03/12/2011,Tottenham,Bolton,4,1,13,4,7,9,0.35,0.45,15,3,H,3,0
04/12/2011,Everton,Stoke,2,1,8,5,7,15,0.5,0.17,9,3,A,0,1
04/12/2011,Wolves,Sunderland,1,1,7,11,5,5,0.75,0.25,4,5,H,2,1
05/12/2011,Fulham,Liverpool,1,3,5,7,6,3,0.2,0.6,5,9,H,1,0
10/12/2011,Bolton,Aston Villa,1,0,7,10,5,7,0.2,0.35,3,5,A,1,2
10/12/2011,Man Utd,Wolves,3,0,5,1,7,10,0.67,0.33,13,6,H,4,1
10/12/2011,Arsenal,Everton,4,2,15,5,5,5,0.64,0.18,13,6,H,1,0
10/12/2011,Liverpool,QPR,1,2,5,3,8,11,0.0,0.0,8,4,H,1,0
10/12/2011,Norwich,Newcastle,3,2,9,14,7,9,0.5,0.0,4,7,H,4,2
10/12/2011,Swansea,Fulham,3,1,5,6,5,4,0.0,0.0,5,8,H,2,0
10/12/2011,West Brom,Wigan,2,1,4,10,6,13,0.33,0.5,4,4,A,1,2
11/12/2011,Stoke,Tottenham,2,4,7,12,14,3,0.33,0.67,6,15,H,2,1
11/12/2011,Sunderland,Blackburn,1,0,4,7,11,12,0.36,0.29,2,5,H,2,1
12/12/2011,Chelsea,Man City,3,3,11,7,15,6,0.75,0.2,9,13,H,2,1
17/12/2011,Wolves,Stoke,2,1,7,11,8,10,0.25,0.25,6,9,A,1,2
17/12/2011,Newcastle,Swansea,3,0,6,12,4,5,0.0,0.0,4,5,D,0,0
17/12/2011,Wigan,Chelsea,0,3,8,12,10,3,0.08,0.83,7,12,D,1,1
17/12/2011,Everton,Norwich,2,1,5,5,10,13,1.0,0.0,6,6,D,1,1
17/12/2011,Blackburn,West Brom,2,1,9,11,5,10,0.4,0.1,4,4,A,1,2
17/12/2011,Fulham,Bolton,2,1,3,6,7,9,0.5,0.15,5,3,H,2,0
18/12/2011,Aston Villa,Liverpool,2,3,5,6,4,3,0.14,0.59,7,8,A,0,2
18/12/2011,Man City,Arsenal,5,3,13,7,11,2,0.15,0.7,10,13,H,1,0
18/12/2011,QPR,Man Utd,1,3,7,9,8,2,0.0,0.0,4,13,A,0,2
18/12/2011,Tottenham,Sunderland,5,1,12,4,4,6,0.56,0.25,12,4,H,1,0
20/12/2011,Wolves,Norwich,2,0,5,12,9,11,0.0,0.0,3,7,D,2,2
20/12/2011,Blackburn,Bolton,1,1,10,12,2,11,0.35,0.2,4,0,A,1,2
21/12/2011,QPR,Sunderland,1,1,5,8,4,6,0.0,0.0,4,4,A,2,3
21/12/2011,Newcastle,West Brom,2,2,4,11,7,8,0.6,0.1,2,7,A,2,3
21/12/2011,Man City,Stoke,5,2,11,5,10,6,0.5,0.17,10,12,H,3,0
21/12/2011,Wigan,Liverpool,0,4,8,10,6,3,0.08,0.58,8,10,D,0,0
21/12/2011,Everton,Swansea,1,0,5,4,4,5,0.0,0.0,7,5,H,1,0
21/12/2011,Aston Villa,Arsenal,2,3,2,6,8,3,0.09,0.59,4,10,A,1,2
21/12/2011,Fulham,Man Utd,3,4,4,3,9,2,0.15,0.65,8,13,A,0,5
22/12/2011,Tottenham,Chelsea,5,3,10,3,10,4,0.14,0.59,12,10,D,1,1
26/12/2011,West Brom,Man City,2,3,8,9,11,4,0.4,0.4,7,10,D,0,0
26/12/2011,Sunderland,Everton,1,2,7,8,4,3,0.12,0.62,6,7,D,1,1
26/12/2011,Man Utd,Wigan,3,2,13,2,5,7,1.0,0.0,13,8,H,5,0
26/12/2011,Stoke,Aston Villa,3,1,8,6,3,6,0.33,0.17,12,4,D,0,0
26/12/2011,Chelsea,Fulham,3,1,10,3,4,8,0.6,0.05,11,7,D,1,1
26/12/2011,Bolton,Newcastle,1,2,3,10,5,11,0.44,0.39,3,2,A,0,2
26/12/2011,Liverpool,Blackburn,1,0,4,2,8,11,0.5,0.1,8,3,D,1,1
27/12/2011,Norwich,Tottenham,3,3,10,11,9,4,0.0,0.5,8,10,A,0,2
27/12/2011,Swansea,QPR,3,1,4,5,4,9,0.0,0.0,5,1,D,1,1
27/12/2011,Arsenal,Wolves,4,0,8,3,6,12,1.0,0.0,10,4,D,1,1
30/12/2011,Liverpool,Newcastle,1,2,4,2,6,10,0.6,0.25,8,4,H,3,1
31/12/2011,Norwich,Fulham,2,1,8,12,4,8,0.0,1.0,5,7,D,1,1
31/12/2011,Stoke,Wigan,2,2,5,5,3,11,0.17,0.17,10,5,D,2,2
31/12/2011,Man Utd,Blackburn,3,0,17,1,8,9,0.5,0.2,15,4,A,2,3
31/12/2011,Swansea,Tottenham,2,4,5,6,8,3,0.0,0.0,5,10,D,1,1
31/12/2011,Bolton,Wolves,1,0,3,10,7,10,0.67,0.17,3,5,D,1,1
31/12/2011,Chelsea,Aston Villa,2,1,8,4,3,6,0.36,0.23,9,4,A,1,3
31/12/2011,Arsenal,QPR,3,1,8,3,4,8,0.0,0.0,10,2,H,1,0
01/01/2012,Sunderland,Man City,1,2,7,7,10,3,0.14,0.79,7,10,H,1,0
01/01/2012,West Brom,Everton,1,2,7,6,3,4,0.4,0.5,8,5,A,0,1
02/01/2012,Wolves,Chelsea,2,2,6,10,6,7,0.14,0.86,3,6,A,1,2
02/01/2012,Aston Villa,Swansea,1,0,6,6,4,3,0.0,0.0,7,6,A,0,2
02/01/2012,Blackburn,Stoke,1,2,7,9,6,7,0.14,0.71,4,8,A,1,2
02/01/2012,Fulham,Arsenal,2,4,4,9,5,3,0.1,0.71,5,10,H,2,1
02/01/2012,QPR,Norwich,1,0,3,8,8,8,0.0,1.0,1,6,A,1,2
03/01/2012,Man City,Liverpool,5,3,5,3,7,2,0.14,0.48,7,11,H,3,0
03/01/2012,Wigan,Sunderland,0,2,5,9,7,5,0.55,0.18,6,10,A,1,4
03/01/2012,Tottenham,West Brom,4,3,6,4,6,6,0.45,0.18,8,7,H,1,0
04/01/2012,Newcastle,Man Utd,2,5,7,10,18,4,0.05,0.67,4,12,H,3,0
04/01/2012,Everton,Bolton,2,1,4,3,4,8,0.52,0.29,8,4,A,1,2
11/01/2012,Tottenham,Everton,4,2,6,2,5,4,0.41,0.23,11,8,H,2,0
14/01/2012,Man Utd,Bolton,3,2,14,6,5,7,0.71,0.14,9,7,H,3,0
14/01/2012,Tottenham,Wolves,4,0,7,2,6,8,0.57,0.29,11,3,D,1,1
14/01/2012,West Brom,Norwich,1,1,5,5,6,7,0.33,0.33,7,6,A,1,2
14/01/2012,Chelsea,Sunderland,2,2,6,7,9,5,0.76,0.18,6,10,H,1,0
14/01/2012,Blackburn,Fulham,1,0,7,9,6,8,0.48,0.29,4,8,H,3,1
14/01/2012,Aston Villa,Everton,1,2,4,7,4,5,0.35,0.22,4,7,D,1,1
14/01/2012,Liverpool,Stoke,2,3,6,5,6,7,0.29,0.29,8,8,D,0,0
15/01/2012,Newcastle,QPR,2,1,8,6,4,9,0.0,0.0,7,1,H,1,0
15/01/2012,Swansea,Arsenal,1,3,4,3,5,5,0.0,1.0,6,7,H,3,2
16/01/2012,Wigan,Man City,0,1,4,12,7,1,0.38,0.38,3,10,A,0,1
21/01/2012,Norwich,Chelsea,2,3,7,7,6,6,0.0,1.0,8,8,D,0,0
21/01/2012,Bolton,Liverpool,1,2,5,8,4,5,0.14,0.71,7,6,H,3,1
21/01/2012,Fulham,Newcastle,3,1,5,11,9,6,0.47,0.37,5,9,H,5,2
21/01/2012,Everton,Blackburn,2,1,4,6,9,8,0.43,0.33,5,7,D,1,1
21/01/2012,Stoke,West Brom,2,2,4,6,4,6,0.8,0.0,6,4,A,1,2
21/01/2012,Sunderland,Swansea,2,1,9,5,7,5,0.0,0.0,10,8,H,2,0
21/01/2012,Wolves,Aston Villa,2,2,6,7,5,6,0.14,0.43,4,5,A,2,3
21/01/2012,QPR,Wigan,0,2,4,8,3,12,0.0,1.0,1,2,H,3,1
22/01/2012,Arsenal,Man Utd,3,4,7,7,15,6,0.3,0.43,7,9,A,1,2
22/01/2012,Man City,Tottenham,5,3,7,1,7,2,0.19,0.62,10,11,H,3,2
31/01/2012,Everton,Man City,1,1,4,6,7,3,0.52,0.33,5,10,H,1,0
31/01/2012,Man Utd,Stoke,3,3,12,7,5,5,0.86,0.0,9,6,H,2,0
31/01/2012,Swansea,Chelsea,2,2,7,6,5,5,0.0,1.0,8,8,D,1,1
31/01/2012,Wolves,Liverpool,1,1,6,8,5,8,0.14,0.57,3,5,A,0,3
31/01/2012,Tottenham,Wigan,3,2,7,5,4,15,0.46,0.15,8,1,H,3,1
01/02/2012,Aston Villa,QPR,0,0,7,6,5,6,0.0,0.0,8,4,D,2,2
01/02/2012,Blackburn,Newcastle,2,1,9,7,9,8,0.47,0.32,8,9,A,0,2
01/02/2012,Bolton,Arsenal,1,2,6,8,6,8,0.19,0.57,7,4,D,0,0
01/02/2012,Fulham,West Brom,4,3,10,8,3,5,0.45,0.27,8,4,D,1,1
01/02/2012,Sunderland,Norwich,3,2,8,3,5,5,0.0,1.0,10,8,H,3,0
04/02/2012,West Brom,Swansea,0,1,4,6,7,6,0.0,1.0,4,8,A,1,2
04/02/2012,Wigan,Everton,0,1,5,13,4,6,0.15,0.54,1,5,D,1,1
04/02/2012,QPR,Wolves,1,0,6,7,5,10,1.0,0.0,4,2,A,1,2
04/02/2012,Stoke,Sunderland,2,2,5,7,10,2,0.43,0.43,5,12,A,0,1
04/02/2012,Norwich,Bolton,2,2,5,6,6,6,0.67,0.33,8,8,H,2,0
04/02/2012,Man City,Fulham,5,0,7,4,10,8,0.32,0.21,9,8,H,3,0
04/02/2012,Arsenal,Blackburn,2,1,5,7,8,8,0.62,0.24,4,7,H,7,1
05/02/2012,Chelsea,Man Utd,3,4,5,5,9,7,0.39,0.3,8,9,D,3,3
05/02/2012,Newcastle,Aston Villa,2,3,9,8,9,8,0.33,0.29,9,8,H,2,1
06/02/2012,Liverpool,Tottenham,2,2,7,7,9,5,0.43,0.35,7,10,D,0,0
11/02/2012,Tottenham,Newcastle,3,2,8,5,10,6,0.38,0.52,8,12,H,5,0
11/02/2012,Swansea,Norwich,2,2,8,6,6,5,0.0,1.0,10,10,A,2,3
11/02/2012,Sunderland,Arsenal,4,1,10,2,11,8,0.12,0.53,12,4,A,1,2
11/02/2012,Man Utd,Liverpool,4,2,10,7,4,6,0.52,0.39,10,5,H,2,1
11/02/2012,Fulham,Stoke,3,2,9,10,3,6,0.43,0.43,7,4,H,2,1
11/02/2012,Everton,Chelsea,2,1,4,5,7,5,0.13,0.48,6,9,H,2,0
11/02/2012,Bolton,Wigan,1,1,5,7,4,12,0.31,0.31,7,1,A,1,2
11/02/2012,Blackburn,QPR,1,0,6,13,7,8,0.0,0.0,4,4,H,3,2
12/02/2012,Wolves,West Brom,0,3,6,10,5,7,0.33,0.33,4,4,A,1,5
12/02/2012,Aston Villa,Man City,0,1,7,9,10,3,0.24,0.57,5,12,A,0,1
25/02/2012,Wigan,Aston Villa,0,3,5,9,7,8,0.31,0.38,4,5,D,0,0
25/02/2012,West Brom,Sunderland,0,3,10,7,7,3,0.44,0.22,7,9,H,4,0
25/02/2012,Newcastle,Wolves,3,1,7,11,6,13,0.4,0.0,9,4,D,2,2
25/02/2012,Man City,Blackburn,5,1,8,3,8,13,0.32,0.26,12,7,H,3,0
25/02/2012,Chelsea,Bolton,2,2,5,6,4,8,0.71,0.05,6,4,H,3,0
25/02/2012,QPR,Fulham,1,0,8,9,9,10,0.0,1.0,4,7,A,0,1
26/02/2012,Stoke,Swansea,1,2,2,7,8,9,0.0,1.0,1,7,H,2,0
26/02/2012,Norwich,Man Utd,2,3,7,6,12,5,0.33,0.67,10,13,A,1,2
26/02/2012,Arsenal,Tottenham,3,1,12,7,11,5,0.43,0.13,7,8,H,5,2
03/03/2012,Blackburn,Aston Villa,2,2,5,15,6,7,0.29,0.57,4,5,D,1,1
03/03/2012,Liverpool,Arsenal,2,2,5,5,15,6,0.22,0.39,5,10,A,1,2
03/03/2012,Man City,Bolton,5,2,10,3,4,8,0.53,0.32,12,4,H,2,0
03/03/2012,QPR,Everton,1,1,8,9,6,3,1.0,0.0,4,9,D,1,1
03/03/2012,Stoke,Norwich,1,3,4,7,6,7,0.0,0.0,3,7,H,1,0
03/03/2012,West Brom,Chelsea,1,1,13,5,7,6,0.0,1.0,10,6,H,1,0
03/03/2012,Wigan,Swansea,0,2,5,8,5,9,0.0,0.0,5,4,A,0,2
04/03/2012,Newcastle,Sunderland,3,3,8,13,7,6,0.53,0.13,7,9,D,1,1
04/03/2012,Fulham,Wolves,3,1,9,7,7,14,0.14,0.43,10,4,H,5,0
04/03/2012,Tottenham,Man Utd,4,3,12,9,11,6,0.04,0.74,7,13,A,1,3
10/03/2012,Bolton,QPR,1,0,1,9,6,9,1.0,0.0,1,2,H,2,1
10/03/2012,Aston Villa,Fulham,0,1,4,6,9,5,0.38,0.14,3,10,H,1,0
10/03/2012,Chelsea,Stoke,2,1,7,7,4,5,0.71,0.0,5,6,H,1,0
10/03/2012,Wolves,Blackburn,0,1,5,16,5,15,0.14,0.57,4,4,A,0,2
10/03/2012,Everton,Tottenham,3,1,6,3,11,9,0.22,0.43,9,7,H,1,0
10/03/2012,Sunderland,Liverpool,3,1,6,7,6,7,0.12,0.59,7,4,H,1,0
11/03/2012,Man Utd,West Brom,4,3,12,6,12,4,0.82,0.0,13,10,H,2,0
11/03/2012,Norwich,Wigan,1,1,6,8,4,7,0.0,0.0,6,5,D,1,1
11/03/2012,Swansea,Man City,1,2,7,7,9,1,0.0,1.0,7,12,H,1,0
12/03/2012,Arsenal,Newcastle,3,2,16,5,7,9,0.48,0.14,13,8,H,2,1
13/03/2012,Liverpool,Everton,1,1,5,5,6,2,0.61,0.13,4,11,H,3,0
17/03/2012,Fulham,Swansea,4,3,8,5,7,6,0.0,1.0,9,9,A,0,3
17/03/2012,Wigan,West Brom,0,2,4,5,11,5,0.57,0.29,6,9,D,1,1
18/03/2012,Wolves,Man Utd,0,3,5,15,12,6,0.29,0.71,4,13,A,0,5
18/03/2012,Newcastle,Norwich,3,3,6,11,7,6,0.0,0.67,5,7,H,1,0
20/03/2012,Blackburn,Sunderland,2,2,7,13,4,7,0.27,0.4,7,7,H,2,0
21/03/2012,Man City,Chelsea,5,1,9,1,7,6,0.19,0.76,12,7,H,2,1
21/03/2012,QPR,Liverpool,1,1,5,9,5,5,0.0,1.0,1,4,H,3,2
21/03/2012,Everton,Arsenal,3,2,5,5,18,6,0.17,0.65,8,15,A,0,1
21/03/2012,Tottenham,Stoke,3,1,8,9,4,4,0.57,0.43,4,6,D,1,1
24/03/2012,Liverpool,Wigan,2,1,7,8,4,5,0.54,0.08,3,6,A,1,2
24/03/2012,Arsenal,Aston Villa,4,2,12,5,3,4,0.61,0.09,15,5,H,3,0
24/03/2012,Bolton,Blackburn,2,2,3,10,8,6,0.24,0.33,3,10,H,2,1
24/03/2012,Chelsea,Tottenham,3,0,5,5,9,10,0.57,0.13,6,4,D,0,0
24/03/2012,Stoke,Man City,2,2,5,4,8,2,0.14,0.57,7,12,D,1,1
24/03/2012,Norwich,Wolves,1,1,5,7,3,19,0.0,0.0,4,1,H,2,1
24/03/2012,Swansea,Everton,2,0,8,5,4,5,0.0,1.0,9,7,A,0,2
24/03/2012,Sunderland,QPR,4,0,3,9,7,9,1.0,0.0,4,4,H,3,1
25/03/2012,West Brom,Newcastle,2,1,11,4,5,10,0.18,0.55,10,5,A,1,3
26/03/2012,Man Utd,Fulham,4,1,14,3,8,5,0.67,0.14,15,9,H,1,0
31/03/2012,Wigan,Stoke,0,0,4,5,5,3,0.14,0.14,6,8,H,2,0
31/03/2012,Aston Villa,Chelsea,1,0,2,5,5,3,0.26,0.35,5,7,A,2,4
31/03/2012,Everton,West Brom,3,2,4,5,7,6,0.55,0.36,7,7,H,2,0
31/03/2012,Fulham,Norwich,3,2,6,5,4,6,0.67,0.0,6,4,H,2,1
31/03/2012,Man City,Sunderland,5,1,8,3,5,8,0.73,0.2,10,7,D,3,3
31/03/2012,QPR,Arsenal,2,3,6,9,13,4,0.0,1.0,4,15,H,2,1
31/03/2012,Wolves,Bolton,0,1,3,16,5,9,0.14,0.57,1,6,A,2,3
01/04/2012,Tottenham,Swansea,2,3,4,10,6,4,0.0,0.0,2,9,H,3,1
01/04/2012,Newcastle,Liverpool,3,1,8,6,7,8,0.24,0.62,8,3,H,2,0
02/04/2012,Blackburn,Man Utd,3,4,6,6,13,2,0.24,0.48,7,15,A,0,2
06/04/2012,Swansea,Newcastle,2,2,7,5,8,4,0.0,0.0,9,10,A,0,2
07/04/2012,Bolton,Fulham,3,1,7,9,7,6,0.14,0.52,9,6,A,0,3
07/04/2012,Chelsea,Wigan,3,2,6,5,6,5,0.77,0.08,7,8,H,2,1
07/04/2012,Liverpool,Aston Villa,1,1,6,8,4,8,0.61,0.13,3,5,D,1,1
07/04/2012,Norwich,Everton,2,1,4,6,5,4,0.0,0.67,4,9,D,2,2
07/04/2012,Stoke,Wolves,2,1,3,5,3,17,0.4,0.2,5,0,H,2,1
07/04/2012,Sunderland,Tottenham,4,0,8,7,5,6,0.24,0.59,8,5,D,0,0
07/04/2012,West Brom,Blackburn,2,1,3,8,6,5,0.18,0.36,4,7,H,3,0
08/04/2012,Arsenal,Man City,4,2,9,4,8,6,0.67,0.19,12,8,H,1,0
08/04/2012,Man Utd,QPR,5,0,13,1,8,9,1.0,0.0,15,7,H,2,0
09/04/2012,Newcastle,Bolton,3,1,9,3,7,9,0.42,0.42,12,9,H,2,0
09/04/2012,Tottenham,Norwich,3,1,4,3,6,7,0.67,0.0,6,5,A,1,2
09/04/2012,Everton,Sunderland,4,1,6,6,7,6,0.59,0.12,7,8,H,4,0
09/04/2012,Aston Villa,Stoke,1,0,5,9,4,6,0.14,0.29,5,5,D,1,1
09/04/2012,Fulham,Chelsea,3,1,5,6,8,5,0.05,0.57,6,10,D,1,1
10/04/2012,Blackburn,Liverpool,2,1,5,7,7,8,0.1,0.48,6,4,A,2,3
11/04/2012,Wigan,Man Utd,1,4,7,5,12,0,0.0,1.0,8,15,H,1,0
11/04/2012,Wolves,Arsenal,0,3,4,14,8,3,0.0,0.86,0,12,A,0,3
11/04/2012,Man City,West Brom,4,1,6,7,5,8,0.36,0.36,5,4,H,4,0
11/04/2012,QPR,Swansea,2,3,7,10,5,7,0.0,0.0,6,6,H,3,0
14/04/2012,Norwich,Man City,2,1,7,7,10,6,0.0,0.67,7,8,A,1,6
14/04/2012,Sunderland,Wolves,3,1,6,10,4,15,0.2,0.8,5,0,D,0,0
14/04/2012,Swansea,Blackburn,1,1,4,10,5,10,0.0,1.0,3,3,H,3,0
14/04/2012,West Brom,QPR,3,0,5,10,9,8,0.0,0.0,4,9,H,1,0
15/04/2012,Man Utd,Aston Villa,5,0,10,1,5,9,0.74,0.04,12,5,H,4,0
16/04/2012,Arsenal,Wigan,5,2,9,2,7,4,0.77,0.08,12,10,A,1,2
21/04/2012,Blackburn,Norwich,2,2,3,13,8,12,0.33,0.0,0,7,H,2,0
21/04/2012,Aston Villa,Sunderland,1,0,4,13,6,8,0.35,0.24,2,6,D,0,0
21/04/2012,Arsenal,Chelsea,4,1,9,4,8,6,0.35,0.3,9,8,D,0,0
21/04/2012,Bolton,Swansea,2,2,7,9,4,10,0.0,1.0,9,3,D,1,1
21/04/2012,Newcastle,Stoke,3,0,10,1,5,6,0.2,0.4,15,6,H,3,0
21/04/2012,QPR,Tottenham,3,0,6,7,5,4,0.0,1.0,6,6,H,1,0
21/04/2012,Fulham,Wigan,3,3,6,6,8,4,0.38,0.15,7,12,H,2,1
22/04/2012,Wolves,Man City,0,2,4,10,14,6,0.29,0.57,1,8,A,0,2
22/04/2012,Liverpool,West Brom,1,1,7,10,5,9,0.91,0.09,4,6,A,0,1
22/04/2012,Man Utd,Everton,5,1,9,1,10,3,0.74,0.09,12,10,D,4,4
24/04/2012,Aston Villa,Bolton,1,1,4,10,6,9,0.38,0.19,3,7,A,1,2
28/04/2012,Everton,Fulham,4,2,14,6,8,4,0.57,0.38,11,10,H,4,0
28/04/2012,Norwich,Liverpool,1,1,6,13,5,8,0.0,0.67,4,4,A,0,3
28/04/2012,Stoke,Arsenal,3,4,4,8,6,4,0.29,0.71,5,7,D,1,1
28/04/2012,Sunderland,Bolton,2,2,3,7,6,9,0.53,0.27,4,7,D,2,2
28/04/2012,Swansea,Wolves,2,0,5,9,3,10,0.0,0.0,4,1,D,4,4
28/04/2012,West Brom,Aston Villa,4,0,5,6,3,8,0.18,0.45,9,3,D,0,0
28/04/2012,Wigan,Newcastle,2,3,7,5,12,1,0.36,0.45,9,15,H,4,0
29/04/2012,Tottenham,Blackburn,2,1,4,4,4,11,0.52,0.24,5,3,H,2,0
29/04/2012,Chelsea,QPR,3,0,7,4,6,4,0.0,1.0,9,9,H,6,1
30/04/2012,Man City,Man Utd,4,4,15,5,12,5,0.29,0.48,10,10,H,1,0
01/05/2012,Liverpool,Fulham,1,2,7,6,8,7,0.57,0.24,7,10,A,0,1
01/05/2012,Stoke,Everton,3,1,4,8,16,6,0.29,0.43,5,11,D,1,1
02/05/2012,Chelsea,Newcastle,4,2,13,5,9,4,0.52,0.14,11,12,A,0,2
02/05/2012,Bolton,Tottenham,2,0,5,9,6,4,0.43,0.38,5,7,A,1,4
05/05/2012,Arsenal,Norwich,3,1,6,3,5,14,1.0,0.0,8,4,D,3,3
06/05/2012,Wolves,Everton,0,1,5,11,15,7,0.14,0.43,2,9,D,0,0
06/05/2012,QPR,Stoke,4,0,5,9,5,7,1.0,0.0,6,6,H,1,0
06/05/2012,Man Utd,Swansea,4,2,10,6,8,10,1.0,0.0,7,5,H,2,0
06/05/2012,Newcastle,Man City,4,2,9,4,13,2,0.26,0.58,12,12,A,0,2
06/05/2012,Bolton,West Brom,2,1,6,10,5,4,0.18,0.18,5,10,D,2,2
06/05/2012,Fulham,Sunderland,3,0,7,6,2,6,0.4,0.2,10,4,H,2,1
06/05/2012,Aston Villa,Tottenham,1,1,2,7,7,4,0.22,0.39,3,7,D,1,1
07/05/2012,Blackburn,Wigan,2,2,4,11,9,5,0.54,0.23,3,9,A,0,1
08/05/2012,Liverpool,Chelsea,1,1,7,5,9,5,0.39,0.48,7,8,H,4,1
13/05/2012,Wigan,Wolves,3,0,9,3,4,9,0.6,0.4,12,3,H,3,2
13/05/2012,West Brom,Arsenal,3,3,4,6,8,6,0.18,0.64,8,6,A,2,3
13/05/2012,Norwich,Aston Villa,1,0,6,15,2,7,0.0,0.67,4,3,H,2,0
13/05/2012,Swansea,Liverpool,2,2,8,10,10,5,0.0,0.0,5,9,H,1,0
13/05/2012,Tottenham,Fulham,2,2,8,5,6,7,0.43,0.29,7,10,H,2,0
13/05/2012,Stoke,Bolton,2,2,3,7,8,10,0.29,0.57,3,6,D,2,2
13/05/2012,Man City,QPR,4,0,15,1,6,7,1.0,0.0,15,9,H,3,2
13/05/2012,Everton,Newcastle,4,3,13,5,7,6,0.33,0.38,9,9,H,3,1
13/05/2012,Chelsea,Blackburn,3,1,8,8,4,9,0.67,0.1,5,3,H,2,1
13/05/2012,Sunderland,Man Utd,2,3,3,8,10,6,0.0,0.76,3,7,A,0,1
18/08/2012,Newcastle,Tottenham,4,1,6,9,9,3,0.5,0.41,6,10,H,2,1
18/08/2012,Arsenal,Sunderland,2,0,8,8,3,5,0.56,0.11,6,3,D,0,0
18/08/2012,QPR,Swansea,5,1,5,10,9,7,0.5,0.0,6,8,A,0,5
18/08/2012,Fulham,Norwich,3,1,5,8,6,14,0.75,0.0,9,4,H,5,0
18/08/2012,Reading,Stoke,2,0,4,5,4,8,0.0,0.0,4,3,D,1,1
18/08/2012,West Ham,Aston Villa,1,0,4,12,2,5,0.17,0.39,1,3,H,1,0
18/08/2012,West Brom,Liverpool,2,2,6,5,7,4,0.17,0.83,8,6,H,3,0
19/08/2012,Man City,Southampton,4,1,14,3,9,12,0.38,0.5,15,5,H,3,2
19/08/2012,Wigan,Chelsea,4,1,11,5,9,8,0.07,0.79,12,7,A,0,2
20/08/2012,Everton,Man Utd,4,3,12,6,11,5,0.08,0.71,9,10,H,1,0
22/08/2012,Chelsea,Reading,3,1,11,8,5,4,0.75,0.0,9,5,H,4,2
25/08/2012,Norwich,QPR,2,0,5,13,5,14,1.0,0.0,4,6,D,1,1
25/08/2012,Aston Villa,Everton,0,1,2,6,9,2,0.33,0.21,2,11,A,1,3
25/08/2012,Chelsea,Newcastle,4,3,9,9,5,10,0.5,0.18,9,6,H,2,0
25/08/2012,Swansea,West Ham,2,0,11,7,5,9,0.0,0.0,8,4,H,3,0
25/08/2012,Southampton,Wigan,2,3,10,14,9,6,0.0,0.0,4,9,A,0,2
25/08/2012,Tottenham,West Brom,3,1,10,4,8,5,0.5,0.17,10,8,D,1,1
25/08/2012,Man Utd,Fulham,4,2,7,6,8,7,0.68,0.14,7,9,H,3,2
26/08/2012,Liverpool,Man City,1,3,7,6,11,4,0.45,0.18,6,15,D,2,2
26/08/2012,Stoke,Arsenal,1,3,5,6,7,6,0.25,0.62,4,7,D,0,0
01/09/2012,Wigan,Stoke,4,0,10,4,4,5,0.25,0.12,12,4,D,2,2
01/09/2012,West Ham,Fulham,1,2,4,10,10,6,0.56,0.12,4,9,H,3,0
01/09/2012,West Brom,Everton,3,1,8,6,8,3,0.33,0.58,6,11,H,2,0
01/09/2012,Swansea,Sunderland,3,0,13,6,3,5,0.0,0.5,10,3,D,2,2
01/09/2012,Man City,QPR,4,0,11,6,5,15,1.0,0.0,13,4,H,3,1
01/09/2012,Tottenham,Norwich,3,1,9,5,6,12,0.5,0.25,8,5,D,1,1
02/09/2012,Southampton,Man Utd,1,2,9,12,6,4,0.2,0.8,4,9,A,2,3
02/09/2012,Liverpool,Arsenal,1,2,6,8,7,6,0.21,0.42,4,7,A,0,2
02/09/2012,Newcastle,Aston Villa,4,0,5,8,2,7,0.36,0.27,6,2,D,1,1
15/09/2012,Sunderland,Liverpool,1,2,5,7,6,9,0.17,0.56,3,4,D,1,1
15/09/2012,Stoke,Man City,1,3,5,6,13,7,0.12,0.5,4,13,D,1,1
15/09/2012,Man Utd,Wigan,4,3,9,5,8,6,0.93,0.07,12,10,H,4,0
15/09/2012,QPR,Chelsea,4,2,5,12,11,7,0.5,0.5,4,12,D,0,0
15/09/2012,Norwich,West Ham,1,0,7,10,6,9,0.0,0.0,6,6,D,0,0
15/09/2012,Fulham,West Brom,4,1,9,9,10,6,0.42,0.25,6,8,H,3,0
15/09/2012,Aston Villa,Swansea,0,1,3,8,11,4,0.0,0.5,2,10,H,2,0
15/09/2012,Arsenal,Southampton,1,0,8,5,7,12,0.5,0.2,9,1,H,6,1
16/09/2012,Reading,Tottenham,1,1,7,6,6,5,0.25,0.75,5,6,A,1,3
17/09/2012,Everton,Newcastle,5,2,7,4,4,9,0.36,0.36,10,4,D,2,2
22/09/2012,Southampton,Aston Villa,1,0,6,16,4,7,0.2,0.5,0,4,H,4,1
22/09/2012,Swansea,Everton,3,1,11,4,9,6,0.0,1.0,10,10,A,0,3
22/09/2012,Chelsea,Stoke,4,0,10,3,6,6,0.75,0.0,13,5,H,1,0
22/09/2012,West Ham,Sunderland,2,0,4,6,4,6,0.5,0.31,7,3,D,1,1
22/09/2012,West Brom,Reading,3,1,8,7,8,9,0.0,0.0,7,4,H,1,0
22/09/2012,Wigan,Fulham,3,1,7,10,10,8,0.14,0.43,7,6,A,1,2
23/09/2012,Liverpool,Man Utd,1,2,3,9,11,5,0.38,0.54,2,12,A,1,2
23/09/2012,Man City,Arsenal,5,3,12,8,11,3,0.18,0.68,11,11,D,1,1
23/09/2012,Newcastle,Norwich,3,1,6,9,4,7,0.25,0.5,5,6,H,1,0
23/09/2012,Tottenham,QPR,2,0,8,5,4,12,0.5,0.5,8,2,H,2,1
29/09/2012,Reading,Newcastle,0,1,8,9,6,6,0.5,0.5,4,8,D,2,2
29/09/2012,Sunderland,Wigan,0,3,4,5,5,10,0.25,0.5,4,4,H,1,0
29/09/2012,Stoke,Swansea,0,1,4,5,10,7,0.5,0.5,4,7,H,2,0
29/09/2012,Norwich,Liverpool,1,2,2,8,4,10,0.0,0.75,3,2,A,2,5
29/09/2012,Arsenal,Chelsea,1,1,9,2,9,2,0.33,0.29,9,13,A,1,2
29/09/2012,Fulham,Man City,4,3,12,7,10,7,0.2,0.35,9,9,A,1,2
29/09/2012,Everton,Southampton,4,0,9,5,9,15,0.4,0.2,10,3,H,3,1
29/09/2012,Man Utd,Tottenham,4,2,12,6,8,6,0.75,0.04,12,8,A,2,3
30/09/2012,Aston Villa,West Brom,1,1,5,9,7,4,0.42,0.17,4,10,D,1,1
01/10/2012,QPR,West Ham,3,0,3,11,5,4,0.0,0.0,2,8,A,1,2
06/10/2012,Swansea,Reading,2,1,5,9,6,11,0.0,0.0,4,2,D,2,2
06/10/2012,West Ham,Arsenal,2,2,6,5,10,4,0.17,0.56,8,8,A,1,3
06/10/2012,West Brom,QPR,3,0,5,5,4,8,0.5,0.0,8,2,H,3,2
06/10/2012,Wigan,Everton,2,2,5,9,11,6,0.14,0.5,4,10,D,2,2
06/10/2012,Man City,Sunderland,4,0,9,6,5,4,0.69,0.19,9,7,H,3,0
06/10/2012,Chelsea,Norwich,4,0,9,3,4,8,0.75,0.0,13,3,H,4,1
07/10/2012,Tottenham,Aston Villa,3,0,10,6,6,9,0.38,0.21,11,5,H,2,0
07/10/2012,Southampton,Fulham,2,2,8,15,8,9,0.12,0.38,3,6,D,2,2
07/10/2012,Liverpool,Stoke,1,0,9,9,5,4,0.25,0.25,5,6,D,0,0
07/10/2012,Newcastle,Man Utd,3,3,6,7,14,8,0.09,0.64,6,12,A,0,3
20/10/2012,West Ham,Southampton,2,0,7,5,10,15,0.5,0.33,8,4,H,4,1
20/10/2012,West Brom,Man City,4,3,7,6,10,4,0.33,0.42,10,11,A,1,2
20/10/2012,Tottenham,Chelsea,3,2,11,5,9,2,0.12,0.54,13,13,A,2,4
20/10/2012,Swansea,Wigan,2,2,4,11,5,11,0.5,0.0,2,2,H,2,1
20/10/2012,Man Utd,Stoke,3,0,14,6,5,4,0.88,0.0,12,6,H,4,2
20/10/2012,Liverpool,Reading,1,1,7,7,7,12,0.75,0.25,5,2,H,1,0
20/10/2012,Fulham,Aston Villa,4,0,8,8,5,8,0.14,0.41,7,5,H,1,0
20/10/2012,Norwich,Arsenal,1,3,4,11,13,5,0.0,0.75,2,10,H,1,0
21/10/2012,QPR,Everton,2,2,5,10,10,7,0.5,0.0,1,8,D,1,1
21/10/2012,Sunderland,Newcastle,1,1,5,7,6,8,0.12,0.5,6,6,D,1,1
27/10/2012,Aston Villa,Norwich,1,0,4,8,4,10,0.5,0.25,4,4,D,1,1
27/10/2012,Man City,Swansea,4,1,9,4,4,10,0.5,0.5,11,4,H,1,0
27/10/2012,Arsenal,QPR,1,0,11,6,5,8,0.5,0.5,7,2,H,1,0
27/10/2012,Wigan,West Ham,1,1,4,11,8,6,0.42,0.5,1,8,H,2,1
27/10/2012,Stoke,Sunderland,1,0,5,6,4,6,0.38,0.5,5,6,D,0,0
27/10/2012,Reading,Fulham,0,1,5,9,9,5,0.5,0.5,2,10,D,3,3
28/10/2012,Chelsea,Man Utd,5,4,11,4,15,6,0.38,0.29,13,12,A,2,3
28/10/2012,Everton,Liverpool,4,2,11,6,8,5,0.12,0.62,9,8,D,2,2
28/10/2012,Newcastle,West Brom,2,1,6,8,6,8,0.58,0.17,6,7,H,2,1
28/10/2012,Southampton,Tottenham,1,3,9,16,12,8,0.6,0.3,4,12,A,1,2
03/11/2012,Man Utd,Arsenal,4,2,14,8,6,5,0.46,0.29,12,7,H,2,1
03/11/2012,Fulham,Everton,4,2,9,8,11,6,0.36,0.59,8,9,D,2,2
03/11/2012,Norwich,Stoke,2,0,5,11,4,5,0.0,0.5,4,5,H,1,0
03/11/2012,Sunderland,Aston Villa,1,0,3,5,3,9,0.22,0.33,6,2,A,0,1
03/11/2012,Swansea,Chelsea,2,3,4,9,13,7,0.0,0.5,4,12,D,1,1
03/11/2012,Tottenham,Wigan,2,2,11,8,6,8,0.5,0.14,12,4,A,0,1
03/11/2012,West Ham,Man City,3,3,9,8,9,3,0.25,0.56,7,13,D,0,0
04/11/2012,QPR,Reading,1,1,5,9,7,9,0.0,0.0,1,3,D,1,1
04/11/2012,Liverpool,Newcastle,1,0,9,6,6,7,0.59,0.27,8,8,D,1,1
05/11/2012,West Brom,Southampton,4,0,7,7,9,12,0.25,0.25,7,4,H,2,0
10/11/2012,Southampton,Swansea,1,1,5,13,5,7,0.0,0.0,1,5,D,1,1
10/11/2012,Reading,Norwich,0,0,8,9,6,10,0.0,0.0,4,7,D,0,0
10/11/2012,Stoke,QPR,1,0,4,5,5,8,0.0,1.0,5,2,H,1,0
10/11/2012,Aston Villa,Man Utd,1,4,3,5,14,8,0.04,0.75,5,12,A,2,3
10/11/2012,Arsenal,Fulham,2,1,6,6,9,9,0.68,0.14,6,6,D,3,3
10/11/2012,Everton,Sunderland,3,0,10,8,2,5,0.61,0.11,7,5,H,2,1
10/11/2012,Wigan,West Brom,1,0,6,6,8,7,0.5,0.25,7,7,A,1,2
11/11/2012,Man City,Tottenham,4,3,8,2,9,8,0.23,0.59,13,9,H,2,1
11/11/2012,Chelsea,Liverpool,4,1,13,8,9,5,0.46,0.42,10,9,D,1,1
11/11/2012,Newcastle,West Ham,3,1,6,8,8,7,0.5,0.19,6,7,A,0,1
17/11/2012,Arsenal,Tottenham,2,3,8,7,7,8,0.46,0.12,7,6,H,5,2
17/11/2012,Newcastle,Swansea,2,1,4,7,6,6,0.5,0.0,5,6,A,1,2
17/11/2012,Man City,Aston Villa,4,1,8,2,4,7,0.59,0.23,13,4,H,5,0
17/11/2012,Liverpool,Wigan,1,2,5,4,7,7,0.5,0.14,7,7,H,3,0
17/11/2012,Norwich,Man Utd,2,5,4,5,15,7,0.25,0.75,8,15,H,1,0
17/11/2012,Reading,Everton,0,1,6,7,9,8,0.25,0.5,4,7,H,2,1
17/11/2012,West Brom,Chelsea,4,3,9,7,12,8,0.08,0.92,9,8,H,2,1
17/11/2012,QPR,Southampton,0,0,4,7,5,11,0.0,0.0,2,2,A,1,3
18/11/2012,Fulham,Sunderland,3,0,11,10,2,7,0.44,0.19,7,2,A,1,3
19/11/2012,West Ham,Stoke,2,0,7,6,3,5,0.5,0.33,7,5,D,1,1
24/11/2012,Wigan,Reading,1,0,5,8,6,6,0.25,0.5,6,6,H,3,2
24/11/2012,Stoke,Fulham,2,1,4,6,10,11,0.38,0.5,5,6,H,1,0
24/11/2012,Sunderland,West Brom,1,1,5,5,8,6,0.2,0.5,5,9,A,2,4
24/11/2012,Everton,Norwich,3,0,8,8,4,1,0.5,0.0,6,11,D,1,1
24/11/2012,Aston Villa,Arsenal,1,2,4,10,10,8,0.08,0.62,4,7,D,0,0
24/11/2012,Man Utd,QPR,4,0,12,8,3,7,1.0,0.0,12,2,H,3,1
25/11/2012,Tottenham,West Ham,2,2,7,13,7,4,0.56,0.17,3,8,H,3,1
25/11/2012,Swansea,Liverpool,1,1,6,5,8,4,0.5,0.0,8,9,D,0,0
25/11/2012,Chelsea,Man City,3,2,9,9,10,2,0.73,0.23,5,13,D,0,0
25/11/2012,Southampton,Newcastle,1,0,6,10,5,6,0.2,0.5,4,5,H,2,0
27/11/2012,Aston Villa,Reading,1,0,4,9,8,8,0.75,0.25,5,6,H,1,0
27/11/2012,Sunderland,QPR,1,0,6,8,3,9,1.0,0.0,4,1,D,0,0
28/11/2012,Everton,Arsenal,2,1,8,8,10,7,0.17,0.67,6,8,D,1,1
28/11/2012,Southampton,Norwich,2,0,7,6,4,2,0.5,0.5,7,9,D,1,1
28/11/2012,Chelsea,Fulham,2,1,5,7,9,12,0.55,0.05,3,3,D,0,0
28/11/2012,Man Utd,West Ham,4,2,11,7,4,6,0.67,0.22,12,5,H,1,0
28/11/2012,Tottenham,Liverpool,3,1,8,10,7,4,0.33,0.42,6,7,H,2,1
28/11/2012,Wigan,Man City,2,2,7,8,8,1,0.36,0.43,9,11,A,0,2
28/11/2012,Swansea,West Brom,1,2,4,4,11,6,1.0,0.0,6,12,H,3,1
28/11/2012,Stoke,Newcastle,3,0,3,2,4,7,0.33,0.33,8,4,H,2,1
01/12/2012,Arsenal,Swansea,3,1,10,8,7,4,0.5,0.5,6,9,A,0,2
01/12/2012,Fulham,Tottenham,2,3,6,9,8,10,0.27,0.45,3,6,A,0,3
01/12/2012,Liverpool,Southampton,2,1,6,4,7,5,0.4,0.4,6,8,H,1,0
01/12/2012,Man City,Everton,4,1,9,1,7,7,0.32,0.55,11,6,D,1,1
01/12/2012,QPR,Aston Villa,0,1,3,8,4,8,0.0,0.0,2,7,D,1,1
01/12/2012,Reading,Man Utd,1,4,5,6,9,5,0.0,0.5,5,12,A,3,4
01/12/2012,West Brom,Stoke,4,0,11,7,5,3,0.17,0.67,12,10,A,0,1
01/12/2012,West Ham,Chelsea,1,2,3,5,3,4,0.17,0.72,5,4,H,3,1
02/12/2012,Norwich,Sunderland,3,1,4,2,6,8,0.5,0.5,9,4,H,2,1
03/12/2012,Newcastle,Wigan,2,1,3,8,5,9,0.42,0.42,1,6,H,3,0
08/12/2012,Arsenal,West Brom,2,2,9,8,9,8,0.67,0.17,6,9,H,2,0
08/12/2012,Southampton,Reading,1,0,7,4,7,9,0.0,0.0,8,4,H,1,0
08/12/2012,Aston Villa,Stoke,1,1,4,9,6,2,0.12,0.25,5,13,D,0,0
08/12/2012,Swansea,Norwich,2,0,8,3,5,3,0.0,1.0,11,9,A,3,4
08/12/2012,Wigan,QPR,2,0,4,12,3,8,0.5,0.5,3,2,D,2,2
08/12/2012,Sunderland,Chelsea,1,2,7,9,3,6,0.17,0.78,4,3,A,1,3
09/12/2012,Everton,Tottenham,2,3,6,6,11,9,0.25,0.42,6,9,H,2,1
09/12/2012,Man City,Man Utd,4,4,10,2,11,7,0.32,0.45,11,12,A,2,3
09/12/2012,West Ham,Liverpool,2,1,6,6,6,3,0.11,0.72,7,8,A,2,3
10/12/2012,Fulham,Newcastle,1,0,4,10,5,7,0.5,0.35,2,3,H,2,1
11/12/2012,Sunderland,Reading,0,0,7,10,7,10,0.5,0.5,4,3,H,3,0
15/12/2012,Stoke,Everton,4,0,5,2,6,6,0.25,0.38,11,6,D,1,1
15/12/2012,QPR,Fulham,0,0,5,9,3,8,0.0,1.0,3,4,H,2,1
15/12/2012,Norwich,Wigan,4,1,9,6,5,12,0.0,0.0,11,4,H,2,1
15/12/2012,Newcastle,Man City,2,3,6,8,10,4,0.25,0.6,3,8,A,1,3
15/12/2012,Liverpool,Aston Villa,3,1,8,4,2,6,0.58,0.12,10,6,A,1,3
15/12/2012,Man Utd,Sunderland,4,1,11,7,7,9,0.78,0.0,12,4,H,3,1
16/12/2012,Tottenham,Swansea,3,2,11,9,10,6,0.5,0.0,9,10,H,1,0
16/12/2012,West Brom,West Ham,3,2,7,9,7,9,0.25,0.38,6,4,D,0,0
17/12/2012,Reading,Arsenal,1,1,5,12,8,5,0.0,1.0,0,8,A,2,5
22/12/2012,Southampton,Sunderland,2,1,7,3,6,8,0.5,0.17,10,4,A,0,1
22/12/2012,Liverpool,Fulham,3,0,6,7,3,7,0.55,0.27,7,4,H,4,0
22/12/2012,Newcastle,QPR,2,0,6,9,6,7,0.5,0.0,3,6,H,1,0
22/12/2012,Man City,Reading,3,0,8,5,5,14,0.25,0.75,8,0,H,1,0
22/12/2012,Wigan,Arsenal,2,1,6,11,8,5,0.14,0.71,4,8,A,0,1
22/12/2012,West Brom,Norwich,2,1,5,8,10,7,0.25,0.5,4,11,H,2,1
22/12/2012,West Ham,Everton,2,0,6,8,6,5,0.17,0.44,4,7,A,1,2
22/12/2012,Tottenham,Stoke,3,1,10,4,5,2,0.5,0.38,12,11,D,0,0
23/12/2012,Chelsea,Aston Villa,1,2,5,6,5,2,0.38,0.25,5,9,H,8,0
23/12/2012,Swansea,Man Utd,2,4,8,6,14,7,0.0,1.0,7,15,D,1,1
26/12/2012,Man Utd,Newcastle,5,0,12,7,7,7,0.65,0.09,13,6,H,4,3
26/12/2012,Aston Villa,Tottenham,1,2,5,10,7,3,0.2,0.4,8,10,A,0,4
26/12/2012,Everton,Wigan,2,1,7,5,3,10,0.47,0.13,9,1,H,2,1
26/12/2012,Fulham,Southampton,2,1,3,10,4,3,0.33,0.11,4,7,D,1,1
26/12/2012,Norwich,Chelsea,5,2,10,8,12,4,0.0,0.8,10,8,A,0,1
26/12/2012,QPR,West Brom,1,2,5,5,3,7,0.0,0.67,6,4,A,1,2
26/12/2012,Reading,Swansea,1,2,5,14,9,7,0.0,0.0,0,7,D,0,0
26/12/2012,Stoke,Liverpool,3,1,4,2,10,7,0.22,0.22,9,9,H,3,1
26/12/2012,Sunderland,Man City,1,3,7,8,9,5,0.18,0.71,6,10,H,1,0
29/12/2012,Aston Villa,Wigan,1,1,4,14,4,10,0.36,0.29,5,1,A,0,3
29/12/2012,Man Utd,West Brom,5,3,15,10,4,5,0.83,0.0,13,7,H,2,0
29/12/2012,Arsenal,Newcastle,3,0,9,5,9,9,0.5,0.14,10,6,H,7,3
29/12/2012,Fulham,Swansea,1,2,4,11,6,6,0.0,1.0,4,5,A,1,2
29/12/2012,Stoke,Southampton,4,1,5,2,3,4,0.0,0.0,9,5,D,3,3
29/12/2012,Reading,West Ham,1,1,2,10,6,7,0.5,0.25,1,4,H,1,0
29/12/2012,Norwich,Man City,4,2,9,8,7,6,0.0,0.75,9,7,A,3,4
29/12/2012,Sunderland,Tottenham,2,2,7,6,9,2,0.22,0.56,9,10,A,1,2
30/12/2012,Everton,Chelsea,3,2,8,5,13,4,0.17,0.46,11,10,A,1,2
30/12/2012,QPR,Liverpool,1,1,6,7,10,8,0.5,0.5,5,9,A,0,3
01/01/2013,Swansea,Aston Villa,1,2,6,7,3,16,0.33,0.33,5,4,D,2,2
01/01/2013,Man City,Stoke,3,1,10,8,7,5,0.44,0.11,9,7,H,3,0
01/01/2013,Wigan,Man Utd,1,3,7,7,13,7,0.07,0.93,4,13,A,0,4
01/01/2013,Southampton,Arsenal,2,2,5,6,15,7,0.18,0.55,5,12,D,1,1
01/01/2013,West Ham,Norwich,1,1,6,7,10,11,0.0,0.0,4,6,H,2,1
01/01/2013,West Brom,Fulham,3,0,4,6,5,10,0.23,0.46,7,4,A,1,2
01/01/2013,Tottenham,Reading,3,0,8,3,3,9,0.8,0.2,10,4,H,3,1
02/01/2013,Newcastle,Everton,2,1,9,16,8,6,0.35,0.35,3,10,A,1,2
02/01/2013,Chelsea,QPR,1,0,15,5,5,9,0.33,0.33,12,4,A,0,1
02/01/2013,Liverpool,Sunderland,3,2,12,8,7,5,0.53,0.16,9,9,H,3,0
12/01/2013,Reading,West Brom,2,2,4,9,5,6,0.0,1.0,4,7,H,3,2
12/01/2013,Sunderland,West Ham,2,1,4,8,5,7,0.29,0.47,6,4,H,3,0
12/01/2013,Stoke,Chelsea,3,3,7,8,14,3,0.0,0.78,6,12,A,0,4
12/01/2013,QPR,Tottenham,1,3,4,7,10,2,0.33,0.67,6,13,D,0,0
12/01/2013,Fulham,Wigan,1,1,5,10,5,9,0.47,0.13,4,3,D,1,1
12/01/2013,Everton,Swansea,2,3,8,6,5,5,1.0,0.0,10,6,D,0,0
12/01/2013,Aston Villa,Southampton,1,1,5,18,6,6,0.45,0.27,4,6,A,0,1
12/01/2013,Norwich,Newcastle,3,0,7,10,9,16,0.4,0.4,3,3,D,0,0
13/01/2013,Arsenal,Man City,3,3,16,6,11,5,0.65,0.17,13,12,A,0,2
13/01/2013,Man Utd,Liverpool,5,2,14,5,12,6,0.56,0.36,13,9,H,2,1
16/01/2013,Chelsea,Southampton,1,2,15,2,6,6,0.6,0.2,12,6,D,2,2
19/01/2013,Wigan,Sunderland,1,2,5,8,6,5,0.46,0.31,4,9,A,2,3
19/01/2013,West Ham,QPR,2,1,3,7,2,6,1.0,0.0,4,4,D,1,1
19/01/2013,West Brom,Aston Villa,2,1,7,9,2,18,0.15,0.38,6,1,D,2,2
19/01/2013,Newcastle,Reading,2,0,8,13,5,6,0.4,0.4,4,7,A,1,2
19/01/2013,Man City,Fulham,3,1,10,4,5,9,0.38,0.19,12,5,H,2,0
19/01/2013,Liverpool,Norwich,4,1,12,5,5,9,0.8,0.0,9,1,H,5,0
19/01/2013,Swansea,Stoke,1,1,5,4,6,11,0.33,0.67,7,5,H,3,1
20/01/2013,Chelsea,Arsenal,1,2,9,4,14,8,0.32,0.32,10,10,H,2,1
20/01/2013,Tottenham,Man Utd,4,3,9,2,13,5,0.08,0.72,11,13,D,1,1
21/01/2013,Southampton,Everton,2,2,8,7,7,5,0.18,0.45,7,10,D,0,0
23/01/2013,Arsenal,West Ham,3,0,10,8,4,8,0.58,0.16,7,4,H,5,1
29/01/2013,Aston Villa,Newcastle,1,0,4,12,8,15,0.26,0.35,2,1,A,1,2
29/01/2013,QPR,Man City,1,4,3,6,11,4,0.0,1.0,5,12,D,0,0
29/01/2013,Stoke,Wigan,2,1,7,14,7,10,0.11,0.22,4,4,D,2,2
29/01/2013,Sunderland,Swansea,3,2,8,7,7,4,0.33,0.0,9,9,D,0,0
30/01/2013,Norwich,Tottenham,2,3,4,12,10,3,0.2,0.4,1,11,D,1,1
30/01/2013,Man Utd,Southampton,5,1,13,5,7,6,0.82,0.18,13,7,H,2,1
30/01/2013,Reading,Chelsea,2,4,7,6,10,5,0.0,0.8,10,10,D,2,2
30/01/2013,Everton,West Brom,2,1,5,4,7,10,0.54,0.38,8,4,H,2,1
30/01/2013,Arsenal,Liverpool,3,2,14,9,13,5,0.44,0.2,7,9,D,2,2
30/01/2013,Fulham,West Ham,1,0,5,7,4,11,0.12,0.59,5,4,H,3,1
02/02/2013,Newcastle,Chelsea,2,4,7,12,10,6,0.17,0.52,4,8,H,3,2
02/02/2013,Everton,Aston Villa,3,1,5,4,5,10,0.24,0.32,8,2,D,3,3
02/02/2013,Fulham,Man Utd,2,3,7,7,11,3,0.13,0.7,7,13,A,0,1
02/02/2013,Arsenal,Stoke,3,1,9,8,6,15,0.56,0.22,5,2,H,1,0
02/02/2013,Reading,Sunderland,2,2,9,8,7,7,0.33,0.67,10,7,H,2,1
02/02/2013,West Ham,Swansea,2,1,5,13,7,4,0.0,1.0,4,9,H,1,0
02/02/2013,Wigan,Southampton,0,1,8,10,5,5,1.0,0.0,5,6,D,2,2
02/02/2013,QPR,Norwich,1,1,2,4,5,12,0.0,0.67,6,2,D,0,0
03/02/2013,Man City,Liverpool,3,2,11,3,14,4,0.17,0.43,13,10,D,2,2
03/02/2013,West Brom,Tottenham,1,2,6,11,7,4,0.15,0.46,1,9,A,0,1
09/02/2013,Tottenham,Newcastle,3,1,6,3,7,7,0.39,0.52,9,7,H,2,1
09/02/2013,Swansea,QPR,2,1,5,4,2,1,0.33,0.33,6,7,H,4,1
09/02/2013,Sunderland,Arsenal,3,2,7,7,9,7,0.11,0.53,7,7,A,0,1
09/02/2013,Stoke,Reading,1,1,3,13,10,9,0.0,0.0,1,10,H,2,1
09/02/2013,Norwich,Fulham,1,1,2,8,6,6,0.0,0.8,3,7,D,0,0
09/02/2013,Chelsea,Wigan,2,1,12,8,7,12,0.8,0.07,8,3,H,4,1
09/02/2013,Southampton,Man City,1,3,6,6,9,2,0.44,0.44,6,11,H,3,1
10/02/2013,Man Utd,Everton,5,2,10,3,7,5,0.68,0.12,13,9,H,2,0
10/02/2013,Aston Villa,West Ham,0,0,8,10,4,12,0.37,0.21,3,4,H,2,1
11/02/2013,Liverpool,West Brom,4,1,13,6,6,10,0.77,0.23,8,1,A,0,2
17/02/2013,Liverpool,Swansea,3,1,10,8,7,3,0.0,0.33,5,8,H,5,0
23/02/2013,Reading,Wigan,3,1,10,8,8,12,0.4,0.4,10,3,A,0,3
23/02/2013,West Brom,Sunderland,1,2,7,8,7,5,0.55,0.18,4,7,H,2,1
23/02/2013,QPR,Man Utd,0,3,2,5,8,3,0.0,1.0,4,13,A,0,2
23/02/2013,Arsenal,Aston Villa,3,1,10,5,8,9,0.6,0.08,10,5,H,2,1
23/02/2013,Fulham,Stoke,1,0,4,5,5,11,0.44,0.44,5,4,H,1,0
23/02/2013,Norwich,Everton,0,2,1,6,5,6,0.0,0.4,4,6,H,2,1
24/02/2013,Man City,Chelsea,3,3,7,5,12,9,0.22,0.7,8,8,H,2,0
24/02/2013,Newcastle,Southampton,2,1,7,7,8,7,0.45,0.27,7,6,H,4,2
25/02/2013,West Ham,Tottenham,2,3,5,11,5,3,0.16,0.58,4,9,A,2,3
02/03/2013,Wigan,Liverpool,0,1,10,11,14,6,0.13,0.53,5,8,A,0,4
02/03/2013,Man Utd,Norwich,5,1,8,2,3,7,0.6,0.4,13,6,H,4,0
02/03/2013,Chelsea,West Brom,3,2,10,9,7,6,0.85,0.15,7,7,H,1,0
02/03/2013,Everton,Reading,2,1,6,8,7,9,0.4,0.4,5,7,H,3,1
02/03/2013,Swansea,Newcastle,2,1,7,8,11,9,0.33,0.33,7,9,H,1,0
02/03/2013,Southampton,QPR,2,1,8,9,2,7,1.0,0.0,5,3,A,1,2
02/03/2013,Sunderland,Fulham,2,1,5,7,4,4,0.24,0.41,4,7,D,2,2
02/03/2013,Stoke,West Ham,2,0,5,8,6,13,0.29,0.43,4,3,A,0,1
03/03/2013,Tottenham,Arsenal,3,3,8,5,11,4,0.12,0.48,11,13,H,2,1
04/03/2013,Aston Villa,Man City,1,2,9,10,7,5,0.22,0.61,5,8,A,0,1
09/03/2013,West Brom,Swansea,2,1,5,5,5,7,0.0,1.0,6,7,H,2,1
09/03/2013,Reading,Aston Villa,3,0,6,11,7,9,0.2,0.8,4,4,A,1,2
09/03/2013,QPR,Sunderland,0,2,3,7,4,7,0.0,0.67,5,2,H,3,1
09/03/2013,Norwich,Southampton,1,1,3,6,9,11,0.33,0.33,6,4,D,0,0
10/03/2013,Liverpool,Tottenham,4,3,13,6,9,5,0.4,0.36,8,13,H,3,2
10/03/2013,Newcastle,Stoke,3,0,10,8,4,6,0.29,0.43,9,4,H,2,1
16/03/2013,Aston Villa,QPR,1,2,8,8,6,8,0.0,0.0,7,7,H,3,2
16/03/2013,Everton,Man City,2,3,9,9,6,5,0.52,0.3,7,8,H,2,0
16/03/2013,Man Utd,Reading,5,1,11,1,5,11,0.6,0.0,15,3,H,1,0
16/03/2013,Southampton,Liverpool,1,2,8,9,14,6,0.36,0.45,5,10,H,3,1
16/03/2013,Stoke,West Brom,1,1,3,6,6,4,0.71,0.14,3,9,D,0,0
16/03/2013,Swansea,Arsenal,3,2,6,9,7,5,0.67,0.33,6,10,A,0,2
17/03/2013,Tottenham,Fulham,3,1,10,7,6,4,0.48,0.26,12,8,A,0,1
17/03/2013,Wigan,Newcastle,0,1,8,12,10,8,0.38,0.46,5,9,H,2,1
17/03/2013,Chelsea,West Ham,3,1,9,8,6,8,0.68,0.21,7,6,H,2,0
17/03/2013,Sunderland,Norwich,1,0,5,10,2,5,0.33,0.67,1,6,D,1,1
30/03/2013,Southampton,Chelsea,2,2,9,8,9,6,0.18,0.55,7,9,H,2,1
30/03/2013,Arsenal,Reading,3,1,7,3,3,11,1.0,0.0,12,0,H,4,1
30/03/2013,Everton,Stoke,3,0,9,8,3,5,0.33,0.22,7,4,H,1,0
30/03/2013,Man City,Newcastle,4,1,6,7,8,8,0.62,0.24,7,6,H,4,0
30/03/2013,Sunderland,Man Utd,1,3,5,9,10,0,0.0,0.79,2,15,A,0,1
30/03/2013,Swansea,Tottenham,3,2,6,10,9,8,0.0,0.67,6,9,A,1,2
30/03/2013,Wigan,Norwich,1,0,8,11,3,6,0.0,0.33,7,6,H,1,0
30/03/2013,West Ham,West Brom,2,1,5,7,6,3,0.33,0.22,6,10,H,3,1
31/03/2013,Aston Villa,Liverpool,2,1,8,7,13,7,0.16,0.56,9,9,A,1,2
01/04/2013,Fulham,QPR,2,2,4,3,8,11,0.67,0.33,8,6,H,3,2
06/04/2013,West Brom,Arsenal,2,2,5,6,10,4,0.15,0.69,7,12,A,1,2
06/04/2013,Norwich,Swansea,1,0,3,7,3,11,1.0,0.0,5,3,D,2,2
06/04/2013,Reading,Southampton,2,0,3,13,8,8,0.0,1.0,0,7,A,0,2
06/04/2013,Stoke,Aston Villa,1,1,1,5,7,8,0.22,0.11,1,6,A,1,3
07/04/2013,Tottenham,Everton,3,2,9,8,7,5,0.4,0.28,9,9,D,2,2
07/04/2013,QPR,Wigan,1,2,9,10,7,9,0.33,0.33,6,9,D,1,1
07/04/2013,Newcastle,Fulham,3,2,7,10,7,4,0.33,0.52,6,11,H,1,0
07/04/2013,Liverpool,West Ham,4,1,15,6,7,8,0.74,0.11,12,6,D,0,0
07/04/2013,Chelsea,Sunderland,4,1,8,5,5,9,0.79,0.16,9,2,H,2,1
08/04/2013,Man Utd,Man City,5,2,10,0,8,5,0.48,0.3,15,9,A,1,2
13/04/2013,Aston Villa,Fulham,2,1,9,7,7,5,0.39,0.17,9,10,D,1,1
13/04/2013,Southampton,West Ham,3,1,8,4,6,6,0.29,0.57,10,7,D,1,1
13/04/2013,Reading,Liverpool,1,2,3,12,10,6,0.2,0.8,0,10,D,0,0
13/04/2013,Arsenal,Norwich,4,0,11,5,3,8,0.6,0.2,12,3,H,3,1
13/04/2013,Everton,QPR,4,1,9,5,10,9,0.0,0.33,10,7,H,2,0
14/04/2013,Stoke,Man Utd,1,4,2,7,9,2,0.0,0.89,1,12,A,0,2
14/04/2013,Newcastle,Sunderland,4,1,4,8,5,9,0.47,0.12,6,2,A,0,3
16/04/2013,Arsenal,Everton,4,1,12,5,10,3,0.64,0.16,12,13,D,0,0
17/04/2013,Fulham,Chelsea,3,1,7,6,6,5,0.04,0.52,8,9,A,0,3
17/04/2013,Man City,Wigan,4,1,9,3,7,6,0.47,0.33,12,10,H,1,0
17/04/2013,West Ham,Man Utd,3,4,5,4,9,2,0.21,0.68,8,12,D,2,2
20/04/2013,Fulham,Arsenal,3,3,5,7,11,3,0.13,0.65,7,13,A,0,1
20/04/2013,West Ham,Wigan,2,1,6,6,4,7,0.46,0.46,6,7,H,2,0
20/04/2013,West Brom,Newcastle,2,1,4,7,4,10,0.15,0.62,4,6,D,1,1
20/04/2013,Swansea,Southampton,3,1,5,8,8,3,0.0,0.0,4,11,D,0,0
20/04/2013,QPR,Stoke,1,0,8,10,2,8,0.67,0.33,4,1,A,0,2
20/04/2013,Norwich,Reading,1,1,4,7,2,9,0.0,0.0,3,1,H,2,1
20/04/2013,Sunderland,Everton,0,0,6,7,7,2,0.11,0.63,4,11,H,1,0
21/04/2013,Liverpool,Chelsea,3,1,6,6,9,3,0.4,0.44,8,12,D,2,2
21/04/2013,Tottenham,Man City,2,2,8,8,8,3,0.57,0.26,7,12,H,3,1
22/04/2013,Man Utd,Aston Villa,4,2,7,4,10,7,0.76,0.04,10,10,H,3,0
27/04/2013,Everton,Fulham,4,1,5,3,4,8,0.57,0.35,8,4,H,1,0
27/04/2013,Man City,West Ham,4,1,8,6,8,4,0.53,0.24,9,9,H,2,1
27/04/2013,Newcastle,Liverpool,4,2,3,10,5,6,0.26,0.57,4,6,A,0,6
27/04/2013,Southampton,West Brom,3,1,8,3,5,7,0.2,0.4,11,5,A,0,3
27/04/2013,Stoke,Norwich,1,0,3,6,6,8,0.33,0.33,4,5,H,1,0
27/04/2013,Wigan,Tottenham,2,3,4,5,9,8,0.2,0.47,7,7,D,2,2
28/04/2013,Arsenal,Man Utd,4,4,10,3,9,4,0.28,0.48,13,10,D,1,1
28/04/2013,Chelsea,Swansea,5,0,10,5,4,8,0.33,0.0,10,2,H,2,0
28/04/2013,Reading,QPR,1,1,2,9,5,11,0.0,0.0,1,1,D,0,0
29/04/2013,Aston Villa,Sunderland,2,1,8,9,6,4,0.37,0.21,7,7,H,6,1
04/05/2013,Fulham,Reading,2,0,1,7,2,8,0.4,0.4,1,2,A,2,4
04/05/2013,West Brom,Wigan,2,1,6,6,4,6,0.33,0.44,5,5,A,2,3
04/05/2013,West Ham,Newcastle,3,0,6,5,2,14,0.24,0.47,6,4,D,0,0
04/05/2013,Tottenham,Southampton,3,1,9,7,5,5,0.36,0.55,8,8,H,1,0
04/05/2013,Norwich,Aston Villa,2,2,5,8,11,8,0.2,0.4,4,7,A,1,2
04/05/2013,QPR,Arsenal,1,4,3,8,7,3,0.33,0.67,2,11,A,0,1
04/05/2013,Swansea,Man City,2,2,3,8,10,5,0.33,0.67,2,12,D,0,0
05/05/2013,Man Utd,Chelsea,4,1,9,5,10,5,0.32,0.36,8,10,A,0,1
05/05/2013,Liverpool,Everton,2,0,10,3,5,3,0.6,0.12,9,8,D,0,0
06/05/2013,Sunderland,Stoke,1,1,6,9,4,6,0.44,0.33,6,6,D,1,1
07/05/2013,Man City,West Brom,4,2,6,5,8,9,0.46,0.31,10,4,H,1,0
07/05/2013,Wigan,Swansea,2,0,6,8,3,6,0.0,0.67,5,3,A,2,3
08/05/2013,Chelsea,Tottenham,5,3,10,3,10,6,0.56,0.12,13,11,D,2,2
11/05/2013,Aston Villa,Chelsea,2,2,12,7,10,4,0.24,0.4,10,11,A,1,2
12/05/2013,Norwich,West Brom,2,1,6,9,7,7,0.4,0.4,4,4,H,4,0
12/05/2013,Sunderland,Southampton,1,1,7,9,3,5,0.29,0.43,7,5,D,1,1
12/05/2013,Stoke,Tottenham,1,2,5,6,10,7,0.33,0.44,7,9,A,1,2
12/05/2013,QPR,Newcastle,1,0,1,6,2,10,0.0,0.67,2,5,A,1,2
12/05/2013,Man Utd,Swansea,3,1,8,4,5,6,0.67,0.0,8,6,H,2,1
12/05/2013,Fulham,Liverpool,2,3,3,10,8,2,0.26,0.57,1,7,A,1,3
12/05/2013,Everton,West Ham,5,1,3,1,6,5,0.47,0.16,8,6,H,2,0
14/05/2013,Arsenal,Wigan,3,2,6,2,7,10,0.73,0.13,11,4,H,4,1
14/05/2013,Reading,Man City,0,2,5,6,5,4,0.6,0.4,5,10,A,0,2
19/05/2013,Man City,Norwich,5,0,6,4,8,7,0.8,0.0,10,6,A,2,3
19/05/2013,Newcastle,Arsenal,3,4,3,11,7,2,0.13,0.52,5,11,A,0,1
19/05/2013,Southampton,Stoke,2,1,2,6,5,5,0.0,0.0,3,7,D,1,1
19/05/2013,Liverpool,QPR,2,1,11,3,1,7,0.67,0.33,9,1,H,1,0
19/05/2013,Chelsea,Everton,4,0,9,5,3,1,0.48,0.16,11,8,H,2,1
19/05/2013,West Brom,Man Utd,2,3,6,9,8,5,0.0,0.85,4,8,D,5,5
19/05/2013,Tottenham,Sunderland,3,1,10,6,7,8,0.58,0.21,11,8,H,1,0
19/05/2013,Swansea,Fulham,1,1,4,6,3,12,1.0,0.0,5,0,A,0,3
19/05/2013,West Ham,Reading,2,1,5,6,5,6,0.2,0.6,5,5,H,4,2
19/05/2013,Wigan,Aston Villa,2,3,8,13,10,8,0.33,0.33,4,7,D,2,2
17/08/2013,West Brom,Southampton,1,1,10,13,2,6,0.5,0.17,4,3,A,0,1
17/08/2013,Swansea,Man Utd,0,2,4,9,11,8,0.0,0.75,4,8,A,1,4
17/08/2013,Norwich,Everton,2,0,10,6,4,3,0.17,0.33,9,7,D,2,2
17/08/2013,Sunderland,Fulham,1,2,4,9,6,9,0.22,0.39,5,3,A,0,1
17/08/2013,Arsenal,Aston Villa,3,3,8,2,11,9,0.62,0.08,13,7,A,1,3
17/08/2013,West Ham,Cardiff,3,0,7,6,0,0,0.0,0.0,7,0,H,2,0
17/08/2013,Liverpool,Stoke,2,1,12,3,6,4,0.2,0.3,11,8,H,1,0
18/08/2013,Crystal Palace,Tottenham,1,2,5,5,8,5,0.5,0.0,6,11,A,0,1
18/08/2013,Chelsea,Hull,4,0,9,4,2,5,0.5,0.0,13,3,H,2,0
19/08/2013,Man City,Newcastle,4,1,7,4,3,9,0.64,0.23,10,5,H,4,0
21/08/2013,Chelsea,Aston Villa,4,3,9,4,14,7,0.42,0.23,13,10,H,2,1
24/08/2013,Southampton,Sunderland,2,1,3,6,3,10,0.38,0.25,5,2,D,1,1
24/08/2013,Stoke,Crystal Palace,1,0,4,5,5,5,0.0,0.0,5,6,H,2,1
24/08/2013,Newcastle,West Ham,2,0,2,12,7,6,0.44,0.22,4,7,D,0,0
24/08/2013,Aston Villa,Liverpool,2,3,9,8,11,1,0.15,0.58,7,13,A,0,1
24/08/2013,Fulham,Arsenal,1,5,7,8,8,5,0.12,0.67,6,10,A,1,3
24/08/2013,Everton,West Brom,5,1,6,4,7,14,0.57,0.36,8,1,D,0,0
24/08/2013,Hull,Norwich,1,1,2,7,10,7,0.0,0.0,2,7,H,1,0
25/08/2013,Cardiff,Man City,0,2,0,2,9,3,0.0,0.0,0,10,H,3,2
25/08/2013,Tottenham,Swansea,3,1,7,3,5,11,0.75,0.0,13,4,H,1,0
26/08/2013,Man Utd,Chelsea,3,3,12,9,10,5,0.31,0.38,8,13,D,0,0
31/08/2013,Man City,Hull,4,0,11,6,3,5,0.25,0.25,9,5,H,2,0
31/08/2013,West Ham,Stoke,3,1,6,4,5,6,0.5,0.25,8,5,A,0,1
31/08/2013,Newcastle,Fulham,1,2,2,6,8,10,0.36,0.5,5,6,H,1,0
31/08/2013,Norwich,Southampton,2,2,10,7,4,4,0.25,0.25,7,6,H,1,0
31/08/2013,Crystal Palace,Sunderland,1,1,5,7,3,5,0.0,0.0,3,3,H,3,1
31/08/2013,Cardiff,Everton,1,0,3,4,5,4,0.0,0.0,3,6,D,0,0
01/09/2013,West Brom,Swansea,0,1,5,11,5,12,0.25,0.75,2,3,A,0,2
01/09/2013,Arsenal,Tottenham,2,3,10,5,7,3,0.46,0.15,12,13,H,1,0
01/09/2013,Liverpool,Man Utd,2,2,6,1,11,8,0.35,0.58,13,8,H,1,0
14/09/2013,Tottenham,Norwich,4,1,5,2,10,5,0.33,0.17,12,10,H,2,0
14/09/2013,Sunderland,Arsenal,1,5,3,7,10,5,0.1,0.55,2,12,A,1,3
14/09/2013,Stoke,Man City,2,2,5,5,12,6,0.1,0.5,7,9,D,0,0
14/09/2013,Man Utd,Crystal Palace,2,0,11,8,8,8,0.5,0.0,8,5,H,2,0
14/09/2013,Fulham,West Brom,0,1,6,7,5,12,0.5,0.21,6,2,D,1,1
14/09/2013,Everton,Chelsea,4,3,5,4,8,3,0.15,0.5,6,13,H,1,0
14/09/2013,Aston Villa,Newcastle,1,1,7,8,3,6,0.25,0.38,4,7,A,1,2
14/09/2013,Hull,Cardiff,1,0,3,6,3,4,0.0,0.0,5,4,D,1,1
15/09/2013,Southampton,West Ham,1,0,4,4,6,5,0.25,0.5,6,7,D,0,0
16/09/2013,Swansea,Liverpool,0,4,4,10,7,1,0.25,0.25,3,15,D,2,2
21/09/2013,Chelsea,Fulham,4,2,6,3,6,5,0.54,0.04,10,7,H,2,0
21/09/2013,Liverpool,Southampton,3,1,6,2,3,3,0.42,0.42,13,6,A,0,1
21/09/2013,Newcastle,Hull,1,0,3,6,2,5,0.0,0.5,7,5,A,2,3
21/09/2013,West Brom,Sunderland,0,1,6,9,3,9,0.58,0.17,3,1,H,3,0
21/09/2013,West Ham,Everton,3,0,6,3,4,4,0.15,0.5,8,6,A,2,3
21/09/2013,Norwich,Aston Villa,3,2,6,7,7,8,0.17,0.5,7,4,A,0,1
22/09/2013,Arsenal,Stoke,2,2,9,5,4,3,0.6,0.2,12,8,H,3,1
22/09/2013,Cardiff,Tottenham,1,2,4,5,5,1,0.0,0.0,5,12,A,0,1
22/09/2013,Crystal Palace,Swansea,2,2,6,8,5,10,0.0,0.0,4,4,A,0,2
22/09/2013,Man City,Man Utd,4,1,10,6,11,7,0.33,0.46,7,8,H,4,1
28/09/2013,Tottenham,Chelsea,5,2,5,1,6,2,0.12,0.54,12,10,D,1,1
28/09/2013,Swansea,Arsenal,0,5,7,7,11,6,0.5,0.5,7,12,A,1,2
28/09/2013,Southampton,Crystal Palace,0,0,3,2,4,8,0.0,0.0,8,3,H,2,0
28/09/2013,Fulham,Cardiff,0,0,3,7,4,6,0.0,0.0,4,5,A,1,2
28/09/2013,Hull,West Ham,1,0,5,7,4,4,0.25,0.5,7,5,H,1,0
28/09/2013,Aston Villa,Man City,1,1,6,6,12,4,0.21,0.62,6,10,H,3,2
28/09/2013,Man Utd,West Brom,3,1,7,6,4,4,0.79,0.0,7,5,A,1,2
29/09/2013,Stoke,Norwich,2,1,4,5,3,6,0.5,0.25,7,4,A,0,1
29/09/2013,Sunderland,Liverpool,1,3,3,11,5,3,0.15,0.55,1,10,A,1,3
30/09/2013,Everton,Newcastle,4,2,6,4,5,8,0.38,0.33,9,7,H,3,2
05/10/2013,Sunderland,Man Utd,0,1,4,13,4,7,0.0,0.8,1,4,A,1,2
05/10/2013,Man City,Everton,4,1,10,7,7,4,0.29,0.54,7,11,H,3,1
05/10/2013,Liverpool,Crystal Palace,3,0,7,4,4,9,0.5,0.5,10,3,H,3,1
05/10/2013,Fulham,Stoke,0,1,3,9,4,5,0.5,0.4,1,7,H,1,0
05/10/2013,Cardiff,Newcastle,1,2,6,5,7,7,0.0,0.0,8,7,A,1,2
05/10/2013,Hull,Aston Villa,2,3,6,5,6,7,0.0,1.0,10,6,D,0,0
06/10/2013,Norwich,Chelsea,2,2,2,4,5,3,0.0,0.83,6,8,A,1,3
06/10/2013,Southampton,Swansea,1,3,4,2,7,5,0.0,0.0,8,7,H,2,0
06/10/2013,Tottenham,West Ham,4,0,5,2,2,5,0.6,0.15,10,2,A,0,3
06/10/2013,West Brom,Arsenal,1,5,6,4,12,4,0.14,0.71,8,15,D,1,1
19/10/2013,Chelsea,Cardiff,4,1,6,3,4,5,0.0,0.0,8,5,H,4,1
19/10/2013,Man Utd,Southampton,2,2,6,8,5,1,0.83,0.17,6,10,D,1,1
19/10/2013,Arsenal,Norwich,3,2,10,4,3,6,0.67,0.17,13,6,H,4,1
19/10/2013,Everton,Hull,4,1,8,7,5,5,0.5,0.25,10,8,H,2,1
19/10/2013,Newcastle,Liverpool,1,4,9,8,9,5,0.25,0.58,9,10,D,2,2
19/10/2013,Stoke,West Brom,2,1,2,5,7,5,0.62,0.12,4,8,D,0,0
19/10/2013,Swansea,Sunderland,0,0,7,6,4,14,0.0,0.25,7,0,H,4,0
19/10/2013,West Ham,Man City,2,1,5,5,11,5,0.22,0.56,4,10,A,1,3
20/10/2013,Aston Villa,Tottenham,2,3,5,5,4,5,0.19,0.42,7,7,A,0,2
21/10/2013,Crystal Palace,Fulham,2,2,4,10,3,6,0.5,0.5,3,4,A,1,4
26/10/2013,Aston Villa,Everton,1,1,5,6,10,8,0.31,0.23,7,12,A,0,2
26/10/2013,Liverpool,West Brom,4,1,10,7,7,3,0.71,0.29,8,9,H,4,1
26/10/2013,Crystal Palace,Arsenal,1,4,2,13,13,5,0.0,0.5,0,13,A,0,2
26/10/2013,Southampton,Fulham,2,3,6,1,7,6,0.1,0.3,11,7,H,2,0
26/10/2013,Norwich,Cardiff,2,1,3,10,5,9,0.0,0.0,3,4,D,0,0
26/10/2013,Man Utd,Stoke,2,1,7,8,1,5,0.9,0.0,7,2,H,3,2
27/10/2013,Chelsea,Man City,5,2,10,4,12,6,0.67,0.25,10,10,H,2,1
27/10/2013,Sunderland,Newcastle,0,3,3,15,10,10,0.17,0.44,0,7,H,2,1
27/10/2013,Swansea,West Ham,1,1,9,6,6,7,0.5,0.5,7,4,D,0,0
27/10/2013,Tottenham,Hull,3,1,6,4,6,5,0.5,0.25,10,8,H,1,0
02/11/2013,Man City,Norwich,4,2,13,8,3,8,0.67,0.17,9,4,H,7,0
02/11/2013,Fulham,Man Utd,1,2,6,7,8,10,0.12,0.71,6,7,A,1,3
02/11/2013,West Ham,Aston Villa,2,2,6,7,4,6,0.2,0.4,4,7,D,0,0
02/11/2013,Arsenal,Liverpool,4,3,12,4,12,6,0.42,0.19,13,10,H,2,0
02/11/2013,West Brom,Crystal Palace,1,0,7,6,2,13,0.0,0.5,8,0,H,2,0
02/11/2013,Newcastle,Chelsea,1,2,9,11,12,4,0.21,0.5,4,13,H,2,0
02/11/2013,Stoke,Southampton,1,2,3,8,8,1,0.0,0.0,1,13,D,1,1
02/11/2013,Hull,Sunderland,2,0,5,5,4,13,0.0,1.0,7,3,H,1,0
03/11/2013,Everton,Tottenham,4,4,11,8,5,4,0.27,0.38,12,10,D,0,0
03/11/2013,Cardiff,Swansea,1,2,4,8,7,4,0.0,0.0,4,7,H,1,0
09/11/2013,Crystal Palace,Everton,1,2,2,13,8,6,0.0,1.0,0,10,D,0,0
09/11/2013,Aston Villa,Cardiff,1,1,3,6,5,7,0.0,0.0,5,7,H,2,0
09/11/2013,Chelsea,West Brom,5,1,10,6,6,6,0.86,0.14,10,8,D,2,2
09/11/2013,Norwich,West Ham,1,1,3,14,4,4,0.0,0.5,4,5,H,3,1
09/11/2013,Southampton,Hull,3,1,8,2,3,3,0.0,0.0,11,7,H,4,1
09/11/2013,Liverpool,Fulham,4,2,12,7,7,8,0.58,0.25,10,6,H,4,0
10/11/2013,Man Utd,Arsenal,2,4,10,7,11,3,0.46,0.27,10,13,H,1,0
10/11/2013,Sunderland,Man City,1,1,4,11,16,7,0.22,0.67,3,9,H,1,0
10/11/2013,Swansea,Stoke,1,1,5,5,3,6,0.5,0.5,4,2,D,3,3
10/11/2013,Tottenham,Newcastle,3,2,4,4,9,8,0.42,0.5,8,7,A,0,1
23/11/2013,Newcastle,Norwich,2,1,8,5,5,15,0.33,0.33,10,4,H,2,1
23/11/2013,Stoke,Sunderland,1,0,6,8,4,8,0.3,0.4,3,6,H,2,0
23/11/2013,West Ham,Chelsea,1,1,5,6,11,7,0.2,0.7,5,10,A,0,3
23/11/2013,Fulham,Swansea,1,2,6,10,7,6,0.25,0.75,6,5,A,1,2
23/11/2013,Everton,Liverpool,3,2,5,4,13,6,0.12,0.58,8,10,D,3,3
23/11/2013,Hull,Crystal Palace,3,0,3,7,2,11,0.0,0.0,4,1,A,0,1
23/11/2013,Arsenal,Southampton,4,2,9,3,10,3,0.5,0.17,10,11,H,2,0
24/11/2013,Cardiff,Man Utd,2,3,3,8,10,5,0.0,0.0,4,13,D,2,2
24/11/2013,Man City,Tottenham,5,3,14,5,3,4,0.25,0.58,9,7,H,6,0
25/11/2013,West Brom,Aston Villa,2,2,6,7,2,4,0.14,0.36,6,5,D,2,2
30/11/2013,West Ham,Fulham,0,1,2,9,6,12,0.56,0.17,2,3,H,3,0
30/11/2013,Aston Villa,Sunderland,2,0,4,6,3,8,0.4,0.2,5,6,D,0,0
30/11/2013,Cardiff,Arsenal,1,3,4,8,10,2,0.0,0.0,5,12,A,0,3
30/11/2013,Everton,Stoke,3,1,7,4,8,7,0.4,0.2,9,6,H,4,0
30/11/2013,Newcastle,West Brom,3,1,8,5,7,8,0.57,0.14,10,6,H,2,1
30/11/2013,Norwich,Crystal Palace,2,1,5,14,2,8,0.0,0.0,4,4,H,1,0
01/12/2013,Chelsea,Southampton,4,1,11,6,8,5,0.5,0.25,10,8,H,3,1
01/12/2013,Hull,Liverpool,2,1,3,8,13,8,0.0,0.5,3,8,H,3,1
01/12/2013,Man City,Swansea,5,3,17,4,9,5,0.5,0.25,9,8,H,3,0
01/12/2013,Tottenham,Man Utd,2,2,3,7,10,6,0.08,0.69,7,11,D,2,2
03/12/2013,Crystal Palace,West Ham,1,1,1,5,4,6,0.0,0.0,4,5,H,1,0
04/12/2013,Fulham,Tottenham,1,2,2,14,3,9,0.29,0.46,0,5,A,1,2
04/12/2013,Southampton,Aston Villa,4,1,8,7,4,4,0.33,0.42,7,6,A,2,3
04/12/2013,Man Utd,Everton,3,2,11,7,9,3,0.69,0.12,11,9,A,0,1
04/12/2013,Arsenal,Hull,5,1,9,1,5,7,0.75,0.25,12,6,H,2,0
04/12/2013,Liverpool,Norwich,4,1,12,9,5,10,0.83,0.0,7,7,H,5,1
04/12/2013,West Brom,Man City,2,1,8,10,17,3,0.29,0.5,5,9,A,2,3
04/12/2013,Sunderland,Chelsea,2,2,3,4,10,6,0.15,0.8,7,10,A,3,4
04/12/2013,Stoke,Cardiff,1,1,8,11,3,7,0.0,0.0,5,5,D,0,0
04/12/2013,Swansea,Newcastle,1,3,5,8,8,4,0.5,0.25,5,12,H,3,0
07/12/2013,West Brom,Norwich,2,1,9,9,6,15,0.33,0.5,5,6,A,0,2
07/12/2013,Crystal Palace,Cardiff,1,1,2,3,3,7,0.0,0.0,7,5,H,2,0
07/12/2013,Liverpool,West Ham,4,1,13,9,4,7,0.7,0.1,7,4,H,4,1
07/12/2013,Man Utd,Newcastle,2,2,8,6,7,5,0.67,0.08,8,12,A,0,1
07/12/2013,Stoke,Chelsea,1,3,6,8,12,8,0.0,0.8,6,10,H,3,2
07/12/2013,Sunderland,Tottenham,2,3,4,7,4,10,0.2,0.6,4,5,A,1,2
07/12/2013,Southampton,Man City,4,2,8,10,19,3,0.5,0.4,4,12,D,1,1
08/12/2013,Fulham,Aston Villa,1,2,3,14,7,4,0.17,0.38,0,9,H,2,0
08/12/2013,Arsenal,Everton,5,3,9,1,8,3,0.62,0.15,12,9,D,1,1
09/12/2013,Swansea,Hull,2,1,8,8,5,8,0.0,0.0,7,6,D,1,1
14/12/2013,West Ham,Sunderland,1,0,5,11,5,8,0.44,0.33,3,4,D,0,0
14/12/2013,Man City,Arsenal,5,3,13,4,8,2,0.21,0.62,10,10,H,6,3
14/12/2013,Newcastle,Southampton,3,1,6,5,8,10,0.5,0.25,12,4,D,1,1
14/12/2013,Hull,Stoke,3,0,5,9,8,9,0.25,0.5,4,8,D,0,0
14/12/2013,Chelsea,Crystal Palace,4,1,14,9,4,1,1.0,0.0,10,10,H,2,1
14/12/2013,Cardiff,West Brom,1,1,2,9,7,11,0.0,0.0,2,2,H,1,0
14/12/2013,Everton,Fulham,3,1,9,4,4,11,0.58,0.33,9,3,H,4,1
15/12/2013,Aston Villa,Man Utd,2,2,7,6,5,6,0.04,0.77,8,5,A,0,3
15/12/2013,Norwich,Swansea,2,2,8,8,9,8,0.75,0.0,9,8,D,1,1
15/12/2013,Tottenham,Liverpool,1,1,6,11,17,8,0.35,0.42,7,10,A,0,5
21/12/2013,Liverpool,Cardiff,5,0,18,8,3,7,0.0,0.0,10,5,H,3,1
21/12/2013,Crystal Palace,Newcastle,2,3,5,3,6,6,0.0,0.5,9,10,A,0,3
21/12/2013,Fulham,Man City,2,2,5,11,19,6,0.18,0.41,3,13,A,2,4
21/12/2013,Man Utd,West Ham,2,1,7,6,4,8,0.65,0.2,5,4,H,3,1
21/12/2013,Stoke,Aston Villa,2,1,5,6,5,9,0.2,0.2,8,5,H,2,1
21/12/2013,West Brom,Hull,1,0,5,10,4,5,0.0,0.5,1,5,D,1,1
21/12/2013,Sunderland,Norwich,2,1,4,8,6,8,0.25,0.5,2,7,D,0,0
22/12/2013,Southampton,Tottenham,3,3,5,10,6,15,0.5,0.42,2,7,A,2,3
22/12/2013,Swansea,Everton,2,2,7,6,13,5,0.0,0.75,8,11,A,1,2
23/12/2013,Arsenal,Chelsea,4,3,11,7,14,8,0.31,0.35,10,12,D,0,0
26/12/2013,Cardiff,Southampton,2,0,2,8,7,11,0.0,0.0,4,2,A,0,3
26/12/2013,Newcastle,Stoke,3,0,7,5,5,7,0.38,0.38,10,8,H,5,1
26/12/2013,Hull,Man Utd,2,3,5,5,8,5,0.0,1.0,6,7,A,2,3
26/12/2013,Aston Villa,Crystal Palace,1,1,4,9,4,6,0.0,0.5,4,6,A,0,1
26/12/2013,Everton,Sunderland,3,0,12,3,4,6,0.6,0.15,13,3,A,0,1
26/12/2013,Norwich,Fulham,2,1,5,6,6,13,0.0,0.67,8,3,A,1,2
26/12/2013,Man City,Liverpool,5,1,17,8,18,6,0.17,0.42,13,12,H,2,1
26/12/2013,Chelsea,Swansea,4,1,11,8,6,7,0.5,0.0,10,5,H,1,0
26/12/2013,Tottenham,West Brom,1,0,9,11,4,9,0.5,0.14,10,1,D,1,1
26/12/2013,West Ham,Arsenal,1,2,5,8,9,7,0.15,0.6,4,8,A,1,3
28/12/2013,Aston Villa,Swansea,1,1,4,10,6,5,0.25,0.25,3,5,D,1,1
28/12/2013,Cardiff,Sunderland,2,1,2,8,5,6,0.0,0.0,4,5,D,2,2
28/12/2013,Hull,Fulham,2,1,4,7,8,11,0.75,0.25,3,6,H,6,0
28/12/2013,Man City,Crystal Palace,5,2,16,9,5,5,1.0,0.0,13,9,H,1,0
28/12/2013,West Ham,West Brom,1,0,3,11,4,8,0.4,0.2,1,2,D,3,3
28/12/2013,Norwich,Man Utd,2,3,5,8,9,5,0.33,0.67,5,9,A,0,1
29/12/2013,Chelsea,Liverpool,4,1,9,7,18,5,0.42,0.38,10,12,H,2,1
29/12/2013,Everton,Southampton,2,1,8,4,9,8,0.42,0.17,10,5,H,2,1
29/12/2013,Newcastle,Arsenal,4,3,10,5,9,8,0.12,0.54,10,8,A,0,1
29/12/2013,Tottenham,Stoke,1,0,8,10,6,8,0.5,0.3,10,8,H,3,0
01/01/2014,Fulham,West Ham,1,0,7,15,6,13,0.16,0.58,6,2,H,2,1
01/01/2014,Man Utd,Tottenham,3,3,10,4,9,9,0.67,0.07,12,10,A,1,2
01/01/2014,Arsenal,Cardiff,3,0,8,8,4,10,1.0,0.0,8,4,H,2,0
01/01/2014,Crystal Palace,Norwich,2,1,4,6,4,4,0.0,0.33,6,5,D,1,1
01/01/2014,Liverpool,Hull,5,0,14,6,10,5,0.4,0.2,9,6,H,2,0
01/01/2014,Stoke,Everton,3,3,6,11,9,5,0.18,0.45,7,10,D,1,1
01/01/2014,Southampton,Chelsea,2,2,8,7,7,5,0.23,0.54,5,10,A,0,3
01/01/2014,Sunderland,Aston Villa,2,1,4,4,2,9,0.19,0.38,6,1,A,0,1
01/01/2014,Swansea,Man City,1,2,4,6,14,7,0.2,0.6,3,13,A,2,3
01/01/2014,West Brom,Newcastle,1,3,5,8,10,3,0.13,0.6,3,10,H,1,0
11/01/2014,Tottenham,Crystal Palace,1,2,9,9,3,7,0.33,0.33,10,4,H,2,0
11/01/2014,Man Utd,Swansea,2,1,11,5,5,8,0.8,0.0,12,2,H,2,0
11/01/2014,Hull,Chelsea,2,3,9,6,8,2,0.0,0.6,5,13,A,0,2
11/01/2014,Southampton,West Brom,1,0,7,9,6,6,0.29,0.43,4,6,H,1,0
11/01/2014,Everton,Norwich,3,1,9,5,3,5,0.29,0.14,10,3,H,2,0
11/01/2014,Cardiff,West Ham,1,0,4,10,6,11,0.0,1.0,4,2,A,0,2
11/01/2014,Fulham,Sunderland,2,1,7,16,3,3,0.42,0.21,6,6,A,1,4
12/01/2014,Newcastle,Man City,3,3,9,4,16,8,0.22,0.65,7,15,A,0,2
12/01/2014,Stoke,Liverpool,3,1,4,10,12,5,0.27,0.27,5,9,A,3,5
13/01/2014,Aston Villa,Arsenal,1,3,3,7,9,7,0.11,0.59,4,10,A,1,2
18/01/2014,Sunderland,Southampton,1,1,7,4,7,8,0.22,0.33,8,6,D,2,2
18/01/2014,Arsenal,Fulham,3,1,8,2,7,16,0.68,0.12,13,6,H,2,0
18/01/2014,Crystal Palace,Stoke,2,0,2,7,7,15,0.0,1.0,4,4,H,1,0
18/01/2014,Liverpool,Aston Villa,5,2,12,8,4,6,0.59,0.15,9,4,D,2,2
18/01/2014,Man City,Cardiff,5,0,12,5,3,12,0.0,1.0,15,1,H,4,2
18/01/2014,Norwich,Hull,2,0,2,6,9,8,0.0,1.0,2,4,H,1,0
18/01/2014,West Ham,Newcastle,1,3,8,11,8,5,0.21,0.42,4,6,A,1,3
19/01/2014,Chelsea,Man Utd,4,3,8,1,10,5,0.37,0.3,13,12,H,3,1
19/01/2014,Swansea,Tottenham,1,4,4,9,11,4,0.0,0.8,1,13,A,1,3
20/01/2014,West Brom,Everton,1,2,6,6,7,4,0.33,0.53,6,10,D,1,1
28/01/2014,Crystal Palace,Hull,3,0,3,4,8,8,1.0,0.0,7,3,H,1,0
28/01/2014,Liverpool,Everton,4,2,11,9,6,4,0.56,0.11,7,8,H,4,0
28/01/2014,Man Utd,Cardiff,2,0,8,7,4,13,0.0,0.0,9,1,H,2,0
28/01/2014,Norwich,Newcastle,2,3,3,6,8,6,0.29,0.43,4,6,D,0,0
28/01/2014,Southampton,Arsenal,1,4,7,7,10,2,0.15,0.54,7,15,D,2,2
28/01/2014,Swansea,Fulham,1,1,4,10,5,14,0.8,0.2,1,6,H,2,0
29/01/2014,Tottenham,Man City,2,4,11,3,12,5,0.56,0.28,13,15,A,1,5
29/01/2014,Sunderland,Stoke,0,0,9,6,5,15,0.36,0.36,8,1,H,1,0
29/01/2014,Aston Villa,West Brom,0,0,5,6,6,6,0.33,0.13,5,6,H,4,3
29/01/2014,Chelsea,West Ham,5,1,11,2,8,11,0.71,0.19,15,4,D,0,0
01/02/2014,West Ham,Swansea,1,0,7,8,6,9,0.33,0.33,5,4,H,2,0
01/02/2014,Stoke,Man Utd,2,3,4,11,7,5,0.0,0.91,1,9,H,2,1
01/02/2014,Hull,Tottenham,2,5,6,6,11,7,0.2,0.6,3,12,D,1,1
01/02/2014,Newcastle,Sunderland,2,2,3,5,9,6,0.42,0.21,4,8,A,0,3
01/02/2014,Everton,Aston Villa,4,2,6,7,9,8,0.26,0.3,8,8,H,2,1
01/02/2014,Cardiff,Norwich,1,1,4,12,2,4,0.0,0.0,1,5,H,2,1
01/02/2014,Fulham,Southampton,2,1,3,15,6,9,0.27,0.18,3,5,A,0,3
02/02/2014,Arsenal,Crystal Palace,3,1,9,3,3,4,0.67,0.0,13,7,H,2,0
02/02/2014,West Brom,Liverpool,1,2,8,9,14,7,0.27,0.73,5,10,D,1,1
03/02/2014,Man City,Chelsea,5,3,15,5,10,2,0.24,0.68,15,13,A,0,1
08/02/2014,Swansea,Cardiff,1,0,5,10,4,11,0.0,1.0,3,3,H,3,0
08/02/2014,Sunderland,Hull,1,0,10,4,1,7,0.8,0.2,10,1,A,0,2
08/02/2014,Norwich,Man City,1,4,3,5,14,6,0.14,0.71,5,12,D,0,0
08/02/2014,Southampton,Stoke,1,0,8,7,6,9,0.0,0.0,8,4,D,2,2
08/02/2014,Chelsea,Newcastle,4,3,9,1,3,7,0.48,0.24,13,4,H,3,0
08/02/2014,Crystal Palace,West Brom,3,0,3,5,6,7,0.33,0.33,7,5,H,3,1
08/02/2014,Liverpool,Arsenal,4,3,14,6,10,3,0.19,0.44,11,13,H,5,1
08/02/2014,Aston Villa,West Ham,1,1,9,9,6,5,0.38,0.19,7,7,A,0,2
09/02/2014,Tottenham,Everton,2,1,9,8,6,7,0.37,0.26,10,8,H,1,0
09/02/2014,Man Utd,Fulham,3,1,7,7,3,12,0.72,0.12,6,3,D,2,2
11/02/2014,West Brom,Chelsea,1,3,6,10,9,1,0.13,0.8,2,13,D,1,1
11/02/2014,West Ham,Norwich,1,1,7,3,2,4,0.33,0.33,10,5,H,2,0
11/02/2014,Hull,Southampton,1,2,3,5,10,6,0.0,1.0,4,9,A,0,1
11/02/2014,Cardiff,Aston Villa,2,1,4,12,8,11,0.0,1.0,3,4,D,0,0
12/02/2014,Newcastle,Tottenham,1,4,3,9,8,7,0.52,0.4,4,10,A,0,4
12/02/2014,Stoke,Swansea,3,0,7,10,6,7,0.4,0.4,4,6,D,1,1
12/02/2014,Arsenal,Man Utd,3,3,9,8,8,7,0.26,0.48,10,7,D,0,0
12/02/2014,Fulham,Liverpool,2,2,3,13,17,7,0.24,0.6,1,11,A,2,3
22/02/2014,Chelsea,Everton,4,1,8,2,5,7,0.48,0.19,11,7,H,1,0
22/02/2014,Cardiff,Hull,1,1,4,10,3,4,0.0,0.0,4,4,A,0,4
22/02/2014,Arsenal,Sunderland,3,3,7,7,10,5,0.57,0.1,8,10,H,4,1
22/02/2014,Crystal Palace,Man Utd,3,2,5,5,6,7,0.0,0.67,9,5,A,0,2
22/02/2014,Man City,Stoke,4,0,11,4,5,6,0.45,0.09,10,5,H,1,0
22/02/2014,West Brom,Fulham,1,1,7,10,4,12,0.2,0.47,3,1,D,1,1
22/02/2014,West Ham,Southampton,2,3,7,3,10,6,0.44,0.22,10,9,H,3,1
23/02/2014,Liverpool,Swansea,4,0,15,6,7,6,0.2,0.2,11,7,H,4,3
23/02/2014,Newcastle,Aston Villa,1,1,3,11,7,9,0.4,0.24,4,5,H,1,0
23/02/2014,Norwich,Tottenham,1,4,2,4,10,7,0.14,0.43,5,10,H,1,0
01/03/2014,Stoke,Arsenal,2,3,5,6,9,8,0.18,0.64,5,8,H,1,0
01/03/2014,Everton,West Ham,4,2,3,8,9,1,0.52,0.14,4,13,H,1,0
01/03/2014,Fulham,Chelsea,1,3,5,11,6,1,0.04,0.56,2,11,A,1,3
01/03/2014,Hull,Newcastle,1,2,7,3,1,10,0.67,0.0,7,4,A,1,4
01/03/2014,Southampton,Liverpool,1,2,9,7,17,7,0.46,0.38,8,13,A,0,3
02/03/2014,Swansea,Crystal Palace,2,1,9,7,5,5,1.0,0.0,7,9,D,1,1
02/03/2014,Tottenham,Cardiff,3,0,7,7,2,10,1.0,0.0,7,4,H,1,0
02/03/2014,Aston Villa,Norwich,1,0,5,8,2,4,0.57,0.14,4,5,H,4,1
08/03/2014,West Brom,Man Utd,1,2,7,10,7,4,0.07,0.73,3,8,A,0,3
08/03/2014,Crystal Palace,Southampton,3,2,5,6,7,8,0.0,0.33,7,7,A,0,1
08/03/2014,Norwich,Stoke,2,0,3,8,6,5,0.4,0.4,4,8,D,1,1
08/03/2014,Cardiff,Fulham,1,0,2,9,6,12,1.0,0.0,4,2,H,3,1
08/03/2014,Chelsea,Tottenham,4,3,9,2,7,2,0.52,0.11,13,10,H,4,0
15/03/2014,Hull,Man City,1,4,8,6,10,4,0.2,0.4,7,10,A,0,2
15/03/2014,Swansea,West Brom,2,0,8,8,4,9,0.8,0.2,5,3,A,1,2
15/03/2014,Sunderland,Crystal Palace,1,1,7,8,4,7,0.0,1.0,7,4,D,0,0
15/03/2014,Stoke,West Ham,2,2,5,5,9,2,0.33,0.44,6,12,H,3,1
15/03/2014,Fulham,Newcastle,1,2,7,12,5,11,0.48,0.39,2,6,H,1,0
15/03/2014,Everton,Cardiff,4,0,3,7,3,9,0.0,0.0,6,4,H,2,1
15/03/2014,Aston Villa,Chelsea,2,4,5,6,12,2,0.22,0.44,4,13,H,1,0
15/03/2014,Southampton,Norwich,1,0,5,8,3,7,0.2,0.4,7,5,H,4,2
16/03/2014,Tottenham,Arsenal,4,2,6,5,7,7,0.15,0.48,9,7,A,0,1
16/03/2014,Man Utd,Liverpool,3,3,8,4,16,7,0.56,0.37,8,13,A,0,3
22/03/2014,Cardiff,Liverpool,2,4,4,8,18,6,0.0,1.0,4,15,A,3,6
22/03/2014,Everton,Swansea,5,0,5,4,9,8,0.8,0.0,9,5,H,3,2
22/03/2014,Chelsea,Arsenal,4,2,9,3,6,7,0.33,0.3,10,7,H,6,0
22/03/2014,Hull,West Brom,0,1,7,7,5,9,0.33,0.0,6,5,H,2,0
22/03/2014,West Ham,Man Utd,3,2,8,5,7,5,0.19,0.67,9,8,A,0,2
22/03/2014,Newcastle,Crystal Palace,1,0,5,9,4,5,0.67,0.0,6,5,H,1,0
22/03/2014,Norwich,Sunderland,2,3,5,11,5,6,0.4,0.2,4,7,H,2,0
22/03/2014,Man City,Fulham,4,0,8,2,6,10,0.43,0.17,10,4,H,5,0
23/03/2014,Aston Villa,Stoke,3,0,5,4,6,4,0.18,0.27,7,8,A,1,4
23/03/2014,Tottenham,Southampton,3,3,5,6,7,8,0.46,0.46,6,9,H,3,2
25/03/2014,Arsenal,Swansea,4,0,5,8,8,11,0.6,0.4,7,2,D,2,2
25/03/2014,Man Utd,Man City,2,4,7,3,8,1,0.44,0.36,10,10,A,0,3
25/03/2014,Newcastle,Everton,2,0,6,6,6,5,0.32,0.4,9,9,A,0,3
26/03/2014,West Ham,Hull,3,2,6,7,7,7,0.4,0.4,6,6,H,2,1
26/03/2014,Liverpool,Sunderland,4,2,19,8,4,8,0.57,0.14,15,4,H,2,1
29/03/2014,Swansea,Norwich,2,0,9,12,7,9,0.0,0.6,2,7,H,3,0
29/03/2014,Stoke,Hull,3,2,9,4,8,8,0.4,0.2,10,6,H,1,0
29/03/2014,Southampton,Newcastle,2,2,8,11,6,5,0.23,0.46,6,9,H,4,0
29/03/2014,West Brom,Cardiff,0,0,4,8,7,14,0.0,1.0,5,3,D,3,3
29/03/2014,Crystal Palace,Chelsea,3,3,1,5,14,2,0.0,1.0,2,12,H,1,0
29/03/2014,Arsenal,Man City,3,4,7,10,11,0,0.6,0.24,7,13,D,1,1
29/03/2014,Man Utd,Aston Villa,2,1,7,6,6,6,0.78,0.04,9,7,H,4,1
30/03/2014,Liverpool,Tottenham,4,2,18,7,4,8,0.44,0.33,15,6,H,4,0
30/03/2014,Fulham,Everton,1,1,4,12,9,4,0.32,0.6,4,12,A,1,3
31/03/2014,Sunderland,West Ham,1,2,2,10,6,8,0.32,0.42,1,6,A,1,2
05/04/2014,Cardiff,Crystal Palace,2,0,10,13,2,3,0.0,1.0,4,5,A,0,3
05/04/2014,Aston Villa,Fulham,3,0,7,10,4,14,0.36,0.2,6,3,A,1,2
05/04/2014,Chelsea,Stoke,4,1,13,3,10,3,0.73,0.09,9,13,H,3,0
05/04/2014,Man City,Southampton,4,3,12,1,11,8,0.36,0.45,13,9,H,4,1
05/04/2014,Newcastle,Man Utd,2,3,5,9,9,7,0.12,0.64,6,9,A,0,4
05/04/2014,Hull,Swansea,1,0,4,9,9,8,0.0,0.0,3,5,H,1,0
05/04/2014,Norwich,West Brom,2,1,6,12,6,10,0.57,0.29,4,5,A,0,1
06/04/2014,Everton,Arsenal,5,1,12,4,4,10,0.15,0.59,15,5,H,3,0
06/04/2014,West Ham,Liverpool,4,4,5,8,18,4,0.1,0.71,6,15,A,1,2
07/04/2014,Tottenham,Sunderland,3,2,4,11,3,10,0.62,0.19,6,1,H,5,1
12/04/2014,Crystal Palace,Aston Villa,3,0,4,2,8,11,0.67,0.0,7,6,H,1,0
12/04/2014,Fulham,Norwich,1,0,5,12,5,9,0.71,0.0,6,4,H,1,0
12/04/2014,Southampton,Cardiff,2,0,12,9,10,15,1.0,0.0,9,4,A,0,1
12/04/2014,West Brom,Tottenham,0,1,6,9,8,12,0.13,0.47,7,6,D,3,3
12/04/2014,Sunderland,Everton,1,2,3,11,14,4,0.19,0.57,1,15,A,0,1
12/04/2014,Stoke,Newcastle,4,1,9,6,1,12,0.33,0.44,10,3,H,1,0
13/04/2014,Liverpool,Man City,5,3,17,5,15,2,0.4,0.2,15,13,H,3,2
13/04/2014,Swansea,Chelsea,3,2,8,8,13,2,0.0,0.6,4,9,A,0,1
15/04/2014,Arsenal,West Ham,2,2,4,12,6,9,0.62,0.14,5,6,H,3,1
16/04/2014,Everton,Crystal Palace,5,1,13,3,5,1,0.67,0.0,15,10,A,2,3
16/04/2014,Man City,Sunderland,4,1,15,5,3,12,0.63,0.26,10,0,D,2,2
19/04/2014,Cardiff,Stoke,1,1,8,14,9,5,0.0,0.0,4,12,D,1,1
19/04/2014,Aston Villa,Southampton,2,2,4,11,11,10,0.46,0.31,3,6,D,0,0
19/04/2014,Chelsea,Sunderland,5,0,10,2,5,12,0.81,0.14,9,1,A,1,2
19/04/2014,Tottenham,Fulham,4,1,11,11,5,9,0.48,0.28,7,9,H,3,1
19/04/2014,West Ham,Crystal Palace,3,2,6,9,8,3,0.0,1.0,6,12,A,0,1
19/04/2014,Newcastle,Swansea,2,0,1,12,7,7,0.2,0.6,3,4,A,1,2
20/04/2014,Everton,Man Utd,4,4,12,4,10,7,0.15,0.67,12,9,H,2,0
20/04/2014,Hull,Arsenal,2,1,4,5,6,13,0.2,0.8,6,5,A,0,3
20/04/2014,Norwich,Liverpool,2,5,4,9,17,7,0.0,0.86,3,15,A,2,3
21/04/2014,Man City,West Brom,3,2,12,7,9,9,0.53,0.27,8,8,H,3,1
26/04/2014,West Brom,West Ham,0,2,8,11,6,8,0.18,0.36,5,6,H,1,0
26/04/2014,Swansea,Aston Villa,2,0,7,5,3,11,0.2,0.2,7,1,H,4,1
26/04/2014,Stoke,Tottenham,4,1,7,5,14,11,0.27,0.55,10,10,A,0,1
26/04/2014,Fulham,Hull,2,2,5,12,4,6,0.2,0.8,6,6,D,2,2
26/04/2014,Man Utd,Norwich,2,0,10,6,4,8,0.71,0.29,9,3,H,4,0
26/04/2014,Southampton,Everton,2,3,7,8,11,4,0.15,0.46,4,12,H,2,0
27/04/2014,Liverpool,Chelsea,5,2,14,6,11,3,0.37,0.44,15,9,A,0,2
27/04/2014,Crystal Palace,Man City,3,2,9,2,12,8,0.0,1.0,15,8,A,0,2
27/04/2014,Sunderland,Cardiff,1,1,6,11,8,13,0.0,0.0,4,5,H,4,0
28/04/2014,Arsenal,Newcastle,2,1,9,7,1,14,0.56,0.12,8,0,H,3,0
03/05/2014,Everton,Man City,4,3,8,5,13,7,0.52,0.32,9,10,A,2,3
03/05/2014,Aston Villa,Hull,2,2,3,11,4,8,0.8,0.0,1,4,H,3,1
03/05/2014,Man Utd,Sunderland,2,1,12,6,9,9,0.81,0.0,9,7,A,0,1
03/05/2014,Newcastle,Cardiff,2,1,1,14,5,11,1.0,0.0,0,5,H,3,0
03/05/2014,Stoke,Fulham,4,1,3,5,7,9,0.36,0.55,7,7,H,4,1
03/05/2014,Swansea,Southampton,2,1,9,4,7,5,0.0,0.33,9,7,A,0,1
03/05/2014,West Ham,Tottenham,2,1,4,8,12,9,0.19,0.57,3,10,H,2,0
04/05/2014,Arsenal,West Brom,3,2,10,5,9,9,0.67,0.13,10,8,H,1,0
04/05/2014,Chelsea,Norwich,4,0,7,3,2,12,0.86,0.0,9,0,D,0,0
05/05/2014,Crystal Palace,Liverpool,2,5,8,4,12,7,0.33,0.67,12,12,D,3,3
06/05/2014,Man Utd,Hull,2,1,12,4,4,9,1.0,0.0,9,4,H,3,1
07/05/2014,Man City,Aston Villa,4,0,12,8,5,8,0.6,0.24,10,4,H,4,0
07/05/2014,Sunderland,West Brom,1,2,9,4,6,7,0.15,0.62,10,7,H,2,0
11/05/2014,Liverpool,Newcastle,4,1,11,10,4,10,0.56,0.24,10,3,H,2,1
11/05/2014,Cardiff,Chelsea,1,3,2,11,7,2,0.0,1.0,4,10,A,1,2
11/05/2014,Fulham,Crystal Palace,2,3,7,10,8,7,0.67,0.33,7,10,D,2,2
11/05/2014,Hull,Everton,2,3,5,11,7,8,0.2,0.6,4,6,A,0,2
11/05/2014,Man City,West Ham,4,1,14,5,4,7,0.58,0.21,13,3,H,2,0
11/05/2014,Norwich,Arsenal,2,2,2,9,10,4,0.14,0.71,1,12,A,0,2
11/05/2014,Southampton,Man Utd,3,4,4,5,11,4,0.15,0.77,7,9,D,1,1
11/05/2014,Sunderland,Swansea,2,1,11,3,6,5,0.2,0.2,13,6,A,1,3
11/05/2014,Tottenham,Aston Villa,4,0,12,7,4,10,0.44,0.19,10,4,H,3,0
11/05/2014,West Brom,Stoke,1,1,5,9,6,6,0.11,0.56,4,7,A,1,2
16/08/2014,West Ham,Tottenham,2,1,3,7,10,6,0.23,0.55,3,10,A,0,1
16/08/2014,West Brom,Sunderland,1,2,3,8,10,4,0.57,0.21,3,12,D,2,2
16/08/2014,Stoke,Aston Villa,4,0,8,4,4,12,0.33,0.17,10,4,A,0,1
16/08/2014,Arsenal,Crystal Palace,3,3,12,1,9,9,0.75,0.0,15,8,H,2,1
16/08/2014,Man Utd,Swansea,3,2,8,5,9,5,0.83,0.0,7,9,A,1,2
16/08/2014,Leicester,Everton,1,4,7,7,8,8,0.0,0.33,5,6,D,2,2
16/08/2014,QPR,Hull,1,0,1,6,4,13,0.0,0.0,1,1,A,0,1
17/08/2014,Liverpool,Southampton,4,2,11,10,4,2,0.43,0.43,10,8,H,2,1
17/08/2014,Newcastle,Man City,2,3,5,8,14,3,0.21,0.67,3,15,A,0,2
18/08/2014,Burnley,Chelsea,1,3,10,11,6,3,0.0,1.0,6,10,A,1,3
23/08/2014,Swansea,Burnley,2,1,11,5,7,13,0.0,0.0,12,3,H,1,0
23/08/2014,Everton,Arsenal,3,3,8,7,11,1,0.18,0.57,7,15,D,2,2
23/08/2014,Crystal Palace,West Ham,2,1,7,9,2,5,1.0,0.0,5,3,A,1,3
23/08/2014,Aston Villa,Newcastle,2,0,5,12,5,9,0.23,0.42,6,3,D,0,0
23/08/2014,Southampton,West Brom,3,1,5,3,4,7,0.38,0.38,8,4,D,0,0
23/08/2014,Chelsea,Leicester,3,0,8,4,9,8,0.67,0.33,10,6,H,2,0
24/08/2014,Sunderland,Man Utd,2,3,10,5,9,5,0.05,0.77,10,7,D,1,1
24/08/2014,Hull,Stoke,2,2,5,10,7,5,0.17,0.5,4,7,D,1,1
24/08/2014,Tottenham,QPR,4,0,8,3,1,5,0.5,0.25,12,1,H,4,0
25/08/2014,Man City,Liverpool,4,4,13,2,10,9,0.19,0.42,15,10,H,3,1
30/08/2014,Newcastle,Crystal Palace,1,3,4,7,7,12,0.75,0.0,4,2,D,3,3
30/08/2014,Burnley,Man Utd,1,2,6,12,6,6,0.5,0.5,3,5,D,0,0
30/08/2014,Everton,Chelsea,2,4,8,9,9,2,0.18,0.5,5,13,A,3,6
30/08/2014,Man City,Stoke,4,2,14,3,7,5,0.5,0.08,15,7,A,0,1
30/08/2014,QPR,Sunderland,0,2,1,9,7,6,0.25,0.5,0,8,H,1,0
30/08/2014,Swansea,West Brom,3,1,10,4,3,7,0.67,0.33,12,2,H,3,0
30/08/2014,West Ham,Southampton,2,1,5,5,5,3,0.5,0.2,6,8,A,1,3
31/08/2014,Leicester,Arsenal,1,2,8,9,10,3,0.0,0.67,5,13,D,1,1
31/08/2014,Tottenham,Liverpool,5,3,9,2,8,10,0.32,0.46,12,7,A,0,3
31/08/2014,Aston Villa,Hull,1,1,4,8,4,9,0.83,0.0,7,4,H,2,1
13/09/2014,Liverpool,Aston Villa,4,1,11,8,3,8,0.57,0.14,10,7,A,0,1
13/09/2014,Chelsea,Swansea,3,3,13,5,9,3,0.67,0.0,13,12,H,4,2
13/09/2014,Arsenal,Man City,4,3,8,4,11,2,0.58,0.23,11,12,D,2,2
13/09/2014,Crystal Palace,Burnley,2,1,10,13,6,8,0.0,0.0,3,4,D,0,0
13/09/2014,West Brom,Everton,1,3,3,9,11,13,0.31,0.5,2,5,A,0,2
13/09/2014,Southampton,Newcastle,2,0,6,4,7,7,0.29,0.43,8,5,H,4,0
13/09/2014,Stoke,Leicester,3,0,8,4,7,8,0.0,0.0,10,5,A,0,1
13/09/2014,Sunderland,Tottenham,2,2,6,7,8,5,0.18,0.64,5,9,D,2,2
14/09/2014,Man Utd,QPR,3,0,6,5,2,8,1.0,0.0,6,3,H,4,0
15/09/2014,Hull,West Ham,2,2,4,8,6,7,0.33,0.5,4,6,D,2,2
20/09/2014,Aston Villa,Arsenal,2,2,4,4,9,6,0.11,0.61,10,9,A,0,3
20/09/2014,West Ham,Liverpool,1,3,6,9,8,6,0.09,0.73,4,9,H,3,1
20/09/2014,Swansea,Southampton,3,2,11,6,9,4,0.0,0.5,12,8,A,0,1
20/09/2014,QPR,Stoke,1,2,1,10,4,4,0.5,0.5,3,7,D,2,2
20/09/2014,Burnley,Sunderland,1,2,5,6,6,9,0.5,0.5,5,3,D,0,0
20/09/2014,Newcastle,Hull,1,1,4,11,5,7,0.25,0.5,2,5,D,2,2
21/09/2014,Tottenham,West Brom,4,0,10,5,3,9,0.44,0.12,10,2,A,0,1
21/09/2014,Man City,Chelsea,4,5,9,4,17,7,0.23,0.69,10,15,D,1,1
21/09/2014,Leicester,Man Utd,1,1,5,7,7,4,0.0,1.0,5,6,H,5,3
21/09/2014,Everton,Crystal Palace,1,2,11,10,7,10,0.5,0.25,8,3,A,2,3
27/09/2014,Man Utd,West Ham,3,1,9,8,9,8,0.68,0.18,5,7,H,2,1
27/09/2014,Sunderland,Swansea,2,3,5,6,8,6,0.17,0.33,4,9,D,0,0
27/09/2014,Liverpool,Everton,3,3,7,8,11,13,0.57,0.11,6,5,D,1,1
27/09/2014,Southampton,QPR,2,0,9,3,3,11,0.5,0.5,10,4,H,2,1
27/09/2014,Crystal Palace,Leicester,1,1,8,10,9,8,0.0,0.0,5,8,H,2,0
27/09/2014,Arsenal,Tottenham,4,2,10,6,7,6,0.5,0.14,9,7,D,1,1
27/09/2014,Hull,Man City,1,3,7,7,8,5,0.17,0.5,6,8,A,2,4
27/09/2014,Chelsea,Aston Villa,3,2,16,7,4,4,0.43,0.25,13,10,H,3,0
28/09/2014,West Brom,Burnley,1,1,3,7,1,4,0.0,0.0,5,3,H,4,0
29/09/2014,Stoke,Newcastle,2,0,4,5,5,11,0.4,0.4,5,3,H,1,0
04/10/2014,Swansea,Newcastle,3,0,6,5,5,10,0.67,0.17,7,3,D,2,2
04/10/2014,Sunderland,Stoke,1,2,3,4,5,4,0.42,0.33,4,8,H,3,1
04/10/2014,Liverpool,West Brom,2,1,6,8,5,5,0.69,0.25,4,7,H,2,1
04/10/2014,Hull,Crystal Palace,0,2,8,11,9,8,0.0,1.0,3,8,H,2,0
04/10/2014,Aston Villa,Man City,2,4,3,7,10,7,0.23,0.62,7,8,A,0,2
04/10/2014,Leicester,Burnley,2,0,7,8,0,5,0.0,0.0,7,3,D,2,2
05/10/2014,Chelsea,Arsenal,3,3,16,6,9,6,0.36,0.29,13,7,H,2,0
05/10/2014,Man Utd,Everton,3,2,10,7,10,12,0.64,0.18,8,5,H,2,1
05/10/2014,Tottenham,Southampton,3,3,7,7,10,2,0.5,0.43,5,13,H,1,0
05/10/2014,West Ham,QPR,2,0,10,9,4,12,0.5,0.0,7,4,H,2,0
18/10/2014,Crystal Palace,Chelsea,1,4,8,7,16,6,0.25,0.75,8,13,A,1,2
18/10/2014,Arsenal,Hull,3,1,7,6,9,10,0.83,0.17,6,5,D,2,2
18/10/2014,Burnley,West Ham,1,1,2,6,9,8,0.5,0.5,4,7,A,1,3
18/10/2014,Southampton,Sunderland,3,2,10,3,5,4,0.3,0.2,12,6,H,8,0
18/10/2014,Newcastle,Leicester,1,1,7,12,9,8,0.5,0.0,3,8,H,1,0
18/10/2014,Man City,Tottenham,3,2,9,6,4,7,0.31,0.54,8,5,H,4,1
18/10/2014,Everton,Aston Villa,1,2,9,12,3,9,0.29,0.29,4,6,H,3,0
19/10/2014,QPR,Liverpool,1,2,4,10,7,6,0.25,0.75,4,7,A,2,3
19/10/2014,Stoke,Swansea,2,3,5,6,7,7,0.33,0.33,7,5,H,2,1
20/10/2014,West Brom,Man Utd,2,0,6,7,11,7,0.06,0.75,6,10,D,2,2
25/10/2014,Liverpool,Hull,3,1,7,8,10,10,0.5,0.17,7,6,D,0,0
25/10/2014,Southampton,Stoke,3,2,15,2,6,7,0.0,0.0,12,7,H,1,0
25/10/2014,Sunderland,Arsenal,1,2,5,11,8,7,0.09,0.59,6,6,A,0,2
25/10/2014,West Brom,Crystal Palace,1,1,8,6,6,6,0.25,0.5,7,7,D,2,2
25/10/2014,West Ham,Man City,3,4,11,6,13,6,0.2,0.6,10,11,H,2,1
25/10/2014,Swansea,Leicester,2,1,5,9,8,8,0.0,0.0,2,7,H,2,0
26/10/2014,Tottenham,Newcastle,3,0,5,8,5,9,0.42,0.5,5,5,A,1,2
26/10/2014,Burnley,Everton,1,2,3,9,9,6,0.5,0.5,3,7,A,1,3
26/10/2014,Man Utd,Chelsea,4,4,13,9,12,4,0.29,0.39,10,13,D,1,1
27/10/2014,QPR,Aston Villa,1,2,5,13,1,11,0.0,0.25,1,3,H,2,0
01/11/2014,Newcastle,Liverpool,2,2,7,6,7,7,0.23,0.58,8,8,H,1,0
01/11/2014,Stoke,West Ham,3,2,6,7,11,5,0.4,0.4,7,12,D,2,2
01/11/2014,Leicester,West Brom,2,1,7,10,10,6,0.0,0.0,4,8,A,0,1
01/11/2014,Chelsea,QPR,4,0,9,3,7,9,0.25,0.5,11,4,H,2,1
01/11/2014,Everton,Swansea,1,2,10,7,5,5,0.83,0.0,7,5,D,0,0
01/11/2014,Arsenal,Burnley,2,0,8,5,4,12,0.5,0.0,8,2,H,3,0
01/11/2014,Hull,Southampton,1,3,8,8,12,2,0.0,1.0,6,12,A,0,1
02/11/2014,Aston Villa,Tottenham,2,1,0,13,4,8,0.18,0.46,0,4,A,1,2
02/11/2014,Man City,Man Utd,3,0,12,6,10,10,0.38,0.42,10,8,H,1,0
03/11/2014,Crystal Palace,Sunderland,1,1,8,8,3,11,0.5,0.0,7,5,A,1,3
08/11/2014,West Ham,Aston Villa,3,2,10,6,1,12,0.23,0.36,10,0,D,0,0
08/11/2014,QPR,Man City,2,3,6,9,12,5,0.0,0.75,3,12,D,2,2
08/11/2014,Southampton,Leicester,4,1,12,2,2,8,0.33,0.17,12,1,H,2,0
08/11/2014,Liverpool,Chelsea,2,3,6,5,10,3,0.36,0.46,8,13,A,1,2
08/11/2014,Burnley,Hull,0,1,4,15,6,7,1.0,0.0,1,5,H,1,0
08/11/2014,Man Utd,Crystal Palace,3,1,7,6,6,9,0.75,0.0,8,4,H,1,0
09/11/2014,Sunderland,Everton,1,2,6,12,8,4,0.18,0.59,7,8,D,1,1
09/11/2014,Swansea,Arsenal,3,2,5,4,8,5,0.33,0.5,6,8,H,2,1
09/11/2014,Tottenham,Stoke,2,1,6,8,6,7,0.58,0.25,7,7,A,1,2
09/11/2014,West Brom,Newcastle,1,1,10,6,6,4,0.19,0.56,8,10,A,0,2
22/11/2014,Chelsea,West Brom,5,2,9,4,6,8,0.75,0.12,13,5,H,2,0
22/11/2014,Leicester,Sunderland,1,1,2,8,7,13,0.5,0.25,1,7,D,0,0
22/11/2014,Arsenal,Man Utd,2,0,8,6,6,5,0.25,0.46,7,8,A,1,2
22/11/2014,Newcastle,QPR,2,0,8,3,7,9,0.75,0.0,13,4,H,1,0
22/11/2014,Man City,Swansea,3,1,10,5,7,5,0.67,0.17,10,8,H,2,1
22/11/2014,Stoke,Burnley,2,0,7,8,5,11,0.5,0.0,7,4,A,1,2
22/11/2014,Everton,West Ham,1,2,8,4,9,4,0.55,0.14,8,11,H,2,1
23/11/2014,Crystal Palace,Liverpool,1,2,4,10,6,6,0.25,0.5,1,7,H,3,1
23/11/2014,Hull,Tottenham,1,2,4,4,6,9,0.17,0.5,5,6,A,1,2
24/11/2014,Aston Villa,Southampton,1,3,1,9,12,1,0.43,0.29,1,12,D,1,1
29/11/2014,Swansea,Crystal Palace,3,1,6,5,7,9,0.5,0.0,7,4,D,1,1
29/11/2014,Sunderland,Chelsea,1,3,4,12,9,4,0.18,0.77,5,13,D,0,0
29/11/2014,West Brom,Arsenal,1,2,5,8,9,6,0.12,0.69,5,7,A,0,1
29/11/2014,QPR,Leicester,2,1,7,8,0,6,0.0,0.0,4,1,H,3,2
29/11/2014,Liverpool,Stoke,1,2,5,8,7,7,0.33,0.25,4,7,H,1,0
29/11/2014,Burnley,Aston Villa,1,1,5,10,2,8,0.0,0.5,6,2,D,1,1
29/11/2014,West Ham,Newcastle,3,2,8,6,7,1,0.2,0.45,8,15,H,1,0
29/11/2014,Man Utd,Hull,4,0,6,5,3,6,1.0,0.0,8,2,H,3,0
30/11/2014,Tottenham,Everton,1,2,7,10,9,3,0.39,0.25,6,11,H,2,1
30/11/2014,Southampton,Man City,5,2,13,1,10,6,0.42,0.42,13,10,A,0,3
02/12/2014,Man Utd,Stoke,4,1,7,3,5,7,0.83,0.08,10,4,H,2,1
02/12/2014,Burnley,Newcastle,1,2,5,8,6,2,0.0,0.0,7,12,D,1,1
02/12/2014,Crystal Palace,Aston Villa,2,0,7,8,3,6,0.75,0.0,5,3,A,0,1
02/12/2014,Leicester,Liverpool,1,2,2,8,3,6,0.17,0.67,1,4,A,1,3
02/12/2014,Swansea,QPR,2,0,6,4,8,7,0.5,0.25,8,7,H,2,0
02/12/2014,West Brom,West Ham,1,1,3,7,6,5,0.25,0.33,4,8,A,1,2
03/12/2014,Sunderland,Man City,1,3,4,4,9,5,0.25,0.6,6,10,A,1,4
03/12/2014,Everton,Hull,2,0,7,5,1,7,0.67,0.17,8,1,D,1,1
03/12/2014,Arsenal,Southampton,1,3,8,4,5,4,0.5,0.14,9,10,H,1,0
03/12/2014,Chelsea,Tottenham,5,2,7,3,8,7,0.54,0.11,11,9,H,3,0
06/12/2014,Man City,Everton,3,1,12,4,5,5,0.35,0.5,13,6,H,1,0
06/12/2014,Hull,West Brom,1,2,2,8,2,7,0.5,0.0,1,3,D,0,0
06/12/2014,Liverpool,Sunderland,2,1,6,7,5,6,0.59,0.14,6,6,D,0,0
06/12/2014,Stoke,Arsenal,2,3,6,8,7,4,0.25,0.58,4,9,H,3,2
06/12/2014,Newcastle,Chelsea,3,2,5,2,9,2,0.23,0.5,10,13,H,2,1
06/12/2014,QPR,Burnley,2,1,6,9,5,6,0.0,0.0,4,8,H,2,0
06/12/2014,Tottenham,Crystal Palace,2,1,7,8,5,7,0.5,0.25,9,4,D,0,0
07/12/2014,Aston Villa,Leicester,1,0,4,4,3,9,0.5,0.17,6,1,H,2,1
07/12/2014,West Ham,Swansea,4,0,6,5,6,4,0.5,0.25,8,8,H,3,1
08/12/2014,Southampton,Man Utd,4,1,4,5,8,3,0.14,0.71,7,12,A,1,2
13/12/2014,Burnley,Southampton,1,2,5,5,4,7,0.0,0.0,8,4,H,1,0
13/12/2014,Crystal Palace,Stoke,2,1,4,4,7,8,0.5,0.5,5,6,D,1,1
13/12/2014,Arsenal,Newcastle,2,2,6,7,6,3,0.58,0.12,6,10,H,4,1
13/12/2014,Sunderland,West Ham,1,2,2,5,7,4,0.3,0.45,4,10,D,1,1
13/12/2014,West Brom,Aston Villa,0,1,1,7,5,3,0.12,0.38,1,9,H,1,0
13/12/2014,Leicester,Man City,1,3,4,10,12,4,0.5,0.25,1,13,A,0,1
13/12/2014,Chelsea,Hull,5,0,8,3,2,7,0.67,0.0,10,2,H,2,0
14/12/2014,Swansea,Tottenham,3,2,7,7,5,7,0.0,0.83,7,7,A,1,2
14/12/2014,Man Utd,Liverpool,4,2,10,3,6,6,0.54,0.39,15,7,H,3,0
15/12/2014,Everton,QPR,2,0,5,6,7,7,0.25,0.25,5,7,H,3,1
20/12/2014,Man City,Crystal Palace,4,0,11,2,5,4,1.0,0.0,15,6,H,3,0
20/12/2014,Aston Villa,Man Utd,1,2,5,4,12,3,0.04,0.79,8,15,D,1,1
20/12/2014,Hull,Swansea,1,0,2,8,6,8,0.5,0.0,2,4,A,0,1
20/12/2014,West Ham,Leicester,4,0,8,5,4,9,0.25,0.5,10,1,H,2,0
20/12/2014,QPR,West Brom,3,2,6,8,2,5,0.0,0.75,6,4,H,3,2
20/12/2014,Tottenham,Burnley,2,1,6,6,5,5,0.5,0.5,10,8,H,2,1
20/12/2014,Southampton,Everton,3,1,2,8,7,6,0.21,0.43,1,7,H,3,0
21/12/2014,Liverpool,Arsenal,2,2,5,7,9,6,0.21,0.43,7,9,D,2,2
21/12/2014,Newcastle,Sunderland,4,1,5,7,2,5,0.4,0.25,7,4,A,0,1
22/12/2014,Stoke,Chelsea,3,2,6,8,8,2,0.08,0.75,4,10,A,0,2
26/12/2014,Everton,Stoke,3,1,5,8,5,8,0.42,0.17,4,4,A,0,1
26/12/2014,Burnley,Liverpool,2,2,4,6,6,6,0.0,1.0,5,8,A,0,1
26/12/2014,Chelsea,West Ham,5,2,8,2,9,3,0.68,0.18,10,13,H,2,0
26/12/2014,Crystal Palace,Southampton,1,1,2,6,4,7,0.0,0.5,3,3,A,1,3
26/12/2014,Arsenal,QPR,3,0,10,6,9,9,0.75,0.25,10,9,H,2,1
26/12/2014,Leicester,Tottenham,0,3,4,11,6,6,0.33,0.5,0,10,A,1,2
26/12/2014,Man Utd,Newcastle,4,2,11,3,4,8,0.65,0.12,13,4,H,3,1
26/12/2014,Sunderland,Hull,0,0,3,5,1,7,0.67,0.33,6,2,A,1,3
26/12/2014,West Brom,Man City,1,3,4,6,12,1,0.25,0.56,4,15,A,1,3
26/12/2014,Swansea,Aston Villa,3,1,6,6,5,4,0.33,0.17,7,8,H,1,0
28/12/2014,Newcastle,Everton,4,1,5,10,4,7,0.31,0.42,4,4,H,3,2
28/12/2014,Aston Villa,Sunderland,1,2,4,4,4,8,0.41,0.18,7,5,D,0,0
28/12/2014,Hull,Leicester,1,0,4,5,3,10,0.0,0.0,5,0,A,0,1
28/12/2014,Man City,Burnley,5,1,12,2,3,6,0.5,0.0,15,4,D,2,2
28/12/2014,QPR,Crystal Palace,4,0,7,9,2,8,0.0,0.0,6,2,D,0,0
28/12/2014,Stoke,West Brom,2,1,6,7,5,8,0.6,0.1,7,4,H,2,0
28/12/2014,Tottenham,Man Utd,2,2,6,6,11,4,0.11,0.64,10,13,D,0,0
28/12/2014,West Ham,Arsenal,4,2,8,5,11,7,0.14,0.64,10,10,A,1,2
28/12/2014,Southampton,Chelsea,3,2,7,5,10,2,0.21,0.57,6,12,D,1,1
29/12/2014,Liverpool,Swansea,1,1,6,6,6,5,0.33,0.17,8,9,H,4,1
01/01/2015,Hull,Everton,0,0,3,5,5,9,0.14,0.57,4,3,H,2,0
01/01/2015,Liverpool,Leicester,2,1,7,6,3,7,0.71,0.14,8,3,D,2,2
01/01/2015,Newcastle,Burnley,4,1,7,11,4,7,0.0,0.0,6,4,D,3,3
01/01/2015,Man City,Sunderland,4,2,10,3,3,4,0.62,0.24,13,6,H,3,2
01/01/2015,Aston Villa,Crystal Palace,1,0,3,4,2,7,0.2,0.6,5,3,D,0,0
01/01/2015,QPR,Swansea,3,1,7,7,5,9,0.2,0.6,7,6,D,1,1
01/01/2015,Southampton,Arsenal,2,2,8,5,12,8,0.13,0.53,7,10,H,2,0
01/01/2015,Tottenham,Chelsea,2,2,6,3,8,3,0.1,0.55,11,10,H,5,3
01/01/2015,Stoke,Man Utd,2,2,7,5,9,3,0.08,0.85,10,11,D,1,1
01/01/2015,West Ham,West Brom,3,1,7,6,4,8,0.38,0.23,7,4,D,1,1
10/01/2015,Burnley,QPR,2,0,7,8,6,8,0.0,1.0,5,5,H,2,1
10/01/2015,Chelsea,Newcastle,5,1,10,6,8,13,0.48,0.26,10,4,H,2,0
10/01/2015,Crystal Palace,Tottenham,1,4,2,7,11,6,0.2,0.4,3,13,H,2,1
10/01/2015,Sunderland,Liverpool,0,2,5,7,9,8,0.13,0.57,5,8,A,0,1
10/01/2015,Swansea,West Ham,3,1,5,7,5,6,0.2,0.6,7,5,D,1,1
10/01/2015,West Brom,Hull,1,1,5,9,5,5,0.0,0.4,4,6,H,1,0
10/01/2015,Everton,Man City,2,4,5,10,12,5,0.48,0.37,3,13,D,1,1
10/01/2015,Leicester,Aston Villa,0,1,4,7,1,3,0.14,0.57,4,3,H,1,0
11/01/2015,Arsenal,Stoke,4,2,10,7,5,4,0.54,0.31,10,8,H,3,0
11/01/2015,Man Utd,Southampton,5,2,8,3,9,3,0.73,0.13,9,10,A,0,1
17/01/2015,Leicester,Stoke,1,1,5,6,4,6,1.0,0.0,7,7,A,0,1
17/01/2015,Burnley,Crystal Palace,2,0,8,9,3,7,0.0,0.0,5,5,A,2,3
17/01/2015,Aston Villa,Liverpool,1,3,1,3,10,5,0.17,0.55,3,11,A,0,2
17/01/2015,Swansea,Chelsea,2,1,5,6,10,6,0.0,0.71,8,10,A,0,5
17/01/2015,QPR,Man Utd,3,2,6,7,5,4,0.0,1.0,5,6,A,0,2
17/01/2015,Tottenham,Sunderland,3,1,10,7,4,7,0.61,0.17,10,4,H,2,1
17/01/2015,Newcastle,Southampton,3,2,7,11,10,2,0.4,0.33,4,13,A,1,2
18/01/2015,Man City,Arsenal,4,2,12,6,9,6,0.22,0.56,11,10,A,0,2
18/01/2015,West Ham,Hull,3,1,5,6,5,4,0.43,0.29,5,6,H,3,0
19/01/2015,Everton,West Brom,2,0,3,10,5,9,0.53,0.29,1,4,D,0,0
31/01/2015,West Brom,Tottenham,2,3,3,6,10,7,0.18,0.41,5,10,A,0,3
31/01/2015,Sunderland,Burnley,0,1,4,9,9,10,0.33,0.33,1,5,H,2,0
31/01/2015,Stoke,QPR,2,0,5,4,3,7,0.4,0.4,10,2,H,3,1
31/01/2015,Man Utd,Leicester,4,1,6,3,5,5,0.86,0.14,8,7,H,3,1
31/01/2015,Liverpool,West Ham,2,1,10,3,6,6,0.7,0.13,13,5,H,2,0
31/01/2015,Crystal Palace,Everton,2,0,6,6,3,7,0.4,0.4,8,2,A,0,1
31/01/2015,Chelsea,Man City,5,4,13,6,9,8,0.67,0.22,10,8,D,1,1
31/01/2015,Hull,Newcastle,1,0,5,6,8,12,0.4,0.2,6,4,A,0,3
01/02/2015,Arsenal,Aston Villa,4,1,9,4,0,4,0.62,0.1,12,2,H,5,0
01/02/2015,Southampton,Swansea,2,1,9,3,4,11,0.6,0.0,13,5,A,0,1
07/02/2015,Aston Villa,Chelsea,1,2,0,8,12,7,0.24,0.45,2,8,A,1,2
07/02/2015,Leicester,Crystal Palace,1,1,5,6,5,4,0.0,1.0,7,8,A,0,1
07/02/2015,Everton,Liverpool,1,4,4,6,11,3,0.1,0.55,5,13,D,0,0
07/02/2015,Tottenham,Arsenal,3,2,11,6,12,3,0.14,0.48,10,12,H,2,1
07/02/2015,Man City,Hull,3,1,7,8,2,8,0.57,0.14,6,3,D,1,1
07/02/2015,QPR,Southampton,2,3,3,8,6,3,0.33,0.67,2,10,A,0,1
07/02/2015,Swansea,Sunderland,2,1,4,11,5,6,0.29,0.14,5,4,D,1,1
08/02/2015,Burnley,West Brom,2,0,9,11,2,6,0.0,1.0,5,5,D,2,2
08/02/2015,Newcastle,Stoke,2,2,10,9,7,5,0.36,0.45,7,10,D,1,1
08/02/2015,West Ham,Man Utd,3,2,6,6,6,3,0.17,0.7,5,8,D,1,1
10/02/2015,Liverpool,Tottenham,2,3,7,2,13,7,0.48,0.31,11,12,H,3,2
10/02/2015,Sunderland,QPR,1,0,6,7,3,9,0.4,0.4,4,1,A,0,2
10/02/2015,Arsenal,Leicester,5,1,11,4,4,7,0.57,0.0,9,4,H,2,1
10/02/2015,Hull,Aston Villa,1,1,3,8,1,10,0.0,0.86,4,1,H,2,0
11/02/2015,Stoke,Man City,3,3,6,6,6,7,0.15,0.46,8,6,A,1,4
11/02/2015,Southampton,West Ham,2,1,6,2,6,5,0.27,0.45,12,6,D,0,0
11/02/2015,West Brom,Swansea,2,2,4,6,4,8,0.29,0.71,6,6,H,2,0
11/02/2015,Crystal Palace,Newcastle,1,1,6,4,8,8,0.0,0.6,10,5,D,1,1
11/02/2015,Chelsea,Everton,4,1,13,7,2,3,0.52,0.17,10,6,H,1,0
11/02/2015,Man Utd,Burnley,4,0,7,4,9,11,0.33,0.33,8,5,H,3,1
21/02/2015,Aston Villa,Stoke,0,2,1,12,6,9,0.23,0.31,0,7,A,1,2
21/02/2015,Crystal Palace,Arsenal,1,2,7,5,13,3,0.0,0.8,10,12,A,1,2
21/02/2015,Chelsea,Burnley,4,0,11,2,7,11,1.0,0.0,13,4,D,1,1
21/02/2015,Hull,QPR,2,1,3,8,4,8,1.0,0.0,4,3,H,2,1
21/02/2015,Swansea,Man Utd,1,1,3,9,9,4,0.14,0.71,5,10,H,2,1
21/02/2015,Sunderland,West Brom,1,0,4,6,5,5,0.2,0.53,4,8,D,0,0
21/02/2015,Man City,Newcastle,2,1,7,6,6,6,0.68,0.2,6,5,H,5,0
22/02/2015,Everton,Leicester,1,1,2,2,3,7,0.29,0.0,6,3,D,2,2
22/02/2015,Southampton,Liverpool,2,3,4,2,8,2,0.4,0.47,10,13,A,0,2
22/02/2015,Tottenham,West Ham,4,0,10,7,5,4,0.57,0.22,9,6,D,2,2
28/02/2015,West Brom,Southampton,3,4,4,5,3,4,0.33,0.33,6,7,H,1,0
28/02/2015,Burnley,Swansea,2,2,6,11,4,9,0.0,1.0,2,7,A,0,1
28/02/2015,Man Utd,Sunderland,4,1,10,5,4,5,0.74,0.04,10,5,H,2,0
28/02/2015,Newcastle,Aston Villa,1,0,6,9,2,13,0.41,0.22,5,0,H,1,0
28/02/2015,Stoke,Hull,2,1,8,7,5,8,0.43,0.14,10,7,H,1,0
28/02/2015,West Ham,Crystal Palace,2,2,6,5,6,6,0.33,0.67,6,7,A,1,3
01/03/2015,Arsenal,Everton,5,1,12,4,3,3,0.55,0.17,12,6,H,2,0
01/03/2015,Liverpool,Man City,3,3,9,2,11,5,0.41,0.22,13,8,H,2,1
03/03/2015,Hull,Sunderland,3,0,5,6,3,5,0.43,0.57,7,5,D,1,1
03/03/2015,Southampton,Crystal Palace,1,3,1,4,6,5,0.6,0.0,4,7,H,1,0
03/03/2015,Aston Villa,West Brom,0,0,2,12,5,5,0.35,0.18,0,8,H,2,1
04/03/2015,Liverpool,Burnley,4,0,9,3,4,9,1.0,0.0,13,2,H,2,0
04/03/2015,Man City,Leicester,2,1,12,5,4,9,0.4,0.4,8,1,H,2,0
04/03/2015,Newcastle,Man Utd,2,1,6,7,10,5,0.11,0.67,8,10,A,0,1
04/03/2015,QPR,Arsenal,1,3,4,8,12,4,0.2,0.8,3,12,A,1,2
04/03/2015,Stoke,Everton,3,1,8,7,3,5,0.23,0.38,10,5,H,2,0
04/03/2015,Tottenham,Swansea,3,2,11,7,5,4,0.86,0.0,10,10,H,3,2
04/03/2015,West Ham,Chelsea,1,3,4,8,10,3,0.17,0.7,3,11,A,0,1
07/03/2015,QPR,Tottenham,0,3,5,8,12,8,0.2,0.6,3,10,A,1,2
14/03/2015,West Brom,Stoke,3,3,6,4,7,6,0.09,0.64,8,10,H,1,0
14/03/2015,Sunderland,Aston Villa,1,0,2,6,4,8,0.17,0.39,3,3,A,0,4
14/03/2015,Leicester,Hull,1,1,4,10,6,4,1.0,0.0,1,8,D,0,0
14/03/2015,Burnley,Man City,1,2,4,9,13,4,0.0,0.33,2,10,H,1,0
14/03/2015,Arsenal,West Ham,5,0,9,5,4,7,0.65,0.13,12,3,H,3,0
14/03/2015,Crystal Palace,QPR,1,1,6,5,5,7,0.0,0.0,7,3,H,3,1
15/03/2015,Chelsea,Southampton,3,4,6,3,2,3,0.53,0.2,11,7,D,1,1
15/03/2015,Everton,Newcastle,0,1,2,7,3,8,0.41,0.33,2,5,H,3,0
15/03/2015,Man Utd,Tottenham,4,3,8,4,11,9,0.62,0.1,10,10,H,3,0
16/03/2015,Swansea,Liverpool,2,4,6,7,9,3,0.14,0.43,7,13,A,0,1
21/03/2015,Man City,West Brom,3,0,12,4,5,2,0.59,0.24,9,10,H,3,0
21/03/2015,Aston Villa,Swansea,1,2,7,6,5,7,0.14,0.43,6,6,A,0,1
21/03/2015,Newcastle,Arsenal,1,3,2,10,11,3,0.11,0.59,4,15,A,1,2
21/03/2015,Southampton,Burnley,2,0,2,4,3,7,0.0,1.0,5,4,H,2,0
21/03/2015,Stoke,Crystal Palace,3,3,6,6,8,6,0.33,0.33,9,7,A,1,2
21/03/2015,Tottenham,Leicester,4,0,9,11,3,7,0.57,0.29,7,2,H,4,3
21/03/2015,West Ham,Sunderland,1,0,3,9,1,9,0.43,0.29,2,2,H,1,0
22/03/2015,Liverpool,Man Utd,4,2,10,3,10,3,0.38,0.55,15,12,A,1,2
22/03/2015,QPR,Everton,0,1,6,9,5,7,0.2,0.4,3,4,A,1,2
22/03/2015,Hull,Chelsea,3,3,5,3,6,3,0.0,0.71,8,11,A,2,3
04/04/2015,Swansea,Hull,1,0,6,5,5,6,0.33,0.33,9,5,H,3,1
04/04/2015,West Brom,QPR,4,1,3,5,5,11,0.6,0.2,7,0,A,1,4
04/04/2015,Leicester,West Ham,1,0,6,10,4,9,0.4,0.4,2,4,H,2,1
04/04/2015,Man Utd,Aston Villa,4,1,9,3,7,5,0.76,0.03,12,6,H,3,1
04/04/2015,Chelsea,Stoke,2,2,7,4,6,4,0.77,0.08,11,9,H,2,1
04/04/2015,Arsenal,Liverpool,5,4,11,3,8,3,0.41,0.21,15,12,H,4,1
04/04/2015,Everton,Southampton,1,3,7,7,4,4,0.4,0.27,7,7,H,1,0
05/04/2015,Burnley,Tottenham,2,2,2,6,11,11,0.33,0.67,4,10,D,0,0
05/04/2015,Sunderland,Newcastle,1,1,1,8,2,11,0.29,0.38,2,3,H,1,0
06/04/2015,Crystal Palace,Man City,2,1,9,6,11,3,0.0,1.0,9,9,H,2,1
07/04/2015,Aston Villa,QPR,1,2,7,6,8,10,0.2,0.2,6,3,D,3,3
11/04/2015,Sunderland,Crystal Palace,2,4,2,8,10,5,0.33,0.33,4,12,A,1,4
11/04/2015,Burnley,Arsenal,1,4,1,5,13,3,0.0,0.67,4,15,A,0,1
11/04/2015,Southampton,Hull,2,0,4,3,4,8,1.0,0.0,7,2,H,2,0
11/04/2015,Swansea,Everton,2,2,7,5,6,5,0.0,0.71,9,9,D,1,1
11/04/2015,Tottenham,Aston Villa,4,1,9,9,10,8,0.48,0.17,10,7,A,0,1
11/04/2015,West Brom,Leicester,3,0,4,9,7,9,1.0,0.0,6,5,A,2,3
11/04/2015,West Ham,Stoke,2,2,3,9,5,5,0.36,0.36,3,6,D,1,1
12/04/2015,Man Utd,Man City,5,1,11,2,7,5,0.41,0.41,15,6,H,4,2
12/04/2015,QPR,Chelsea,0,4,10,11,8,5,0.4,0.4,4,11,A,0,1
13/04/2015,Liverpool,Newcastle,4,1,7,7,2,7,0.56,0.26,9,3,H,2,0
18/04/2015,Stoke,Southampton,3,2,5,6,6,2,0.0,0.2,4,10,H,2,1
18/04/2015,Leicester,Swansea,2,3,8,9,7,6,0.0,1.0,7,7,H,2,0
18/04/2015,Chelsea,Man Utd,2,3,8,4,13,4,0.38,0.28,13,15,H,1,0
18/04/2015,Crystal Palace,West Brom,2,0,11,5,5,12,0.4,0.2,12,3,A,0,2
18/04/2015,Everton,Burnley,2,0,7,4,1,5,0.67,0.33,10,4,H,1,0
19/04/2015,Newcastle,Tottenham,1,2,1,9,6,8,0.52,0.41,0,7,A,1,3
19/04/2015,Man City,West Ham,3,0,8,7,3,7,0.57,0.24,6,4,H,2,0
25/04/2015,Stoke,Sunderland,3,0,5,7,3,10,0.31,0.46,4,4,D,1,1
25/04/2015,Burnley,Leicester,1,1,1,4,10,7,0.0,0.0,4,10,A,0,1
25/04/2015,Crystal Palace,Hull,2,0,11,6,4,9,0.67,0.33,12,2,A,0,2
25/04/2015,Man City,Aston Villa,4,2,8,7,9,7,0.63,0.22,6,7,H,3,2
25/04/2015,Newcastle,Swansea,1,2,2,11,5,5,0.14,0.57,0,7,A,2,3
25/04/2015,QPR,West Ham,0,0,9,10,3,8,0.0,0.67,4,4,D,0,0
25/04/2015,Southampton,Tottenham,3,2,6,4,7,8,0.4,0.53,7,7,D,2,2
25/04/2015,West Brom,Liverpool,3,3,6,10,7,6,0.24,0.71,6,9,D,0,0
26/04/2015,Everton,Man Utd,3,2,8,2,12,5,0.17,0.66,13,12,H,3,0
26/04/2015,Arsenal,Chelsea,5,5,12,3,8,4,0.28,0.38,15,13,D,0,0
28/04/2015,Hull,Liverpool,2,2,5,8,5,6,0.14,0.43,4,7,H,1,0
29/04/2015,Leicester,Chelsea,2,4,11,7,7,3,0.29,0.71,12,13,A,1,3
02/05/2015,Swansea,Stoke,2,1,8,6,6,7,0.29,0.43,10,5,H,2,0
02/05/2015,Sunderland,Southampton,1,1,3,10,7,5,0.18,0.36,4,7,H,2,1
02/05/2015,Man Utd,West Brom,5,1,9,8,5,10,0.71,0.06,9,4,A,0,1
02/05/2015,West Ham,Burnley,1,0,3,5,0,5,0.67,0.33,5,1,H,1,0
02/05/2015,Leicester,Newcastle,2,0,9,6,4,11,0.0,0.57,12,0,H,3,0
02/05/2015,Liverpool,QPR,4,2,4,7,8,7,0.8,0.2,4,5,H,2,1
02/05/2015,Aston Villa,Everton,1,1,7,10,8,2,0.28,0.31,4,13,H,3,2
03/05/2015,Chelsea,Crystal Palace,3,4,7,2,8,7,0.8,0.2,13,9,H,1,0
03/05/2015,Tottenham,Man City,3,1,9,7,11,8,0.52,0.33,8,9,A,0,1
04/05/2015,Hull,Arsenal,3,4,6,8,10,2,0.14,0.71,6,13,A,1,3
09/05/2015,Aston Villa,West Ham,2,0,10,11,3,5,0.35,0.22,7,5,H,1,0
09/05/2015,Everton,Sunderland,4,0,8,4,5,7,0.57,0.17,10,7,A,0,2
09/05/2015,Hull,Burnley,2,0,5,8,0,4,0.0,1.0,6,1,A,0,1
09/05/2015,Crystal Palace,Man Utd,2,2,6,7,7,8,0.0,0.8,6,6,A,1,2
09/05/2015,Stoke,Tottenham,3,2,5,7,5,5,0.31,0.54,5,5,H,3,0
09/05/2015,Leicester,Southampton,3,0,10,5,6,7,0.14,0.43,12,4,H,2,0
09/05/2015,Newcastle,West Brom,1,2,3,12,6,7,0.59,0.18,0,7,D,1,1
10/05/2015,Chelsea,Liverpool,3,2,6,1,5,6,0.48,0.34,13,7,D,1,1
10/05/2015,Man City,QPR,5,1,9,8,8,7,0.6,0.0,9,5,H,6,0
11/05/2015,Arsenal,Swansea,4,3,10,3,9,6,0.43,0.43,13,10,A,0,1
16/05/2015,QPR,Newcastle,0,0,4,12,4,12,0.0,0.8,2,1,H,2,1
16/05/2015,Burnley,Stoke,1,1,1,4,7,5,0.33,0.33,3,8,D,0,0
16/05/2015,Liverpool,Crystal Palace,4,3,5,3,5,8,0.4,0.4,8,3,A,1,3
16/05/2015,West Ham,Everton,2,1,2,4,7,6,0.13,0.57,5,7,A,1,2
16/05/2015,Sunderland,Leicester,2,2,7,6,9,3,0.2,0.4,10,12,D,0,0
16/05/2015,Tottenham,Hull,2,1,5,8,4,6,0.57,0.14,4,6,H,2,0
16/05/2015,Southampton,Aston Villa,3,2,6,8,10,8,0.27,0.4,4,10,H,6,1
17/05/2015,Man Utd,Arsenal,4,5,6,8,8,3,0.48,0.24,6,10,D,1,1
17/05/2015,Swansea,Man City,3,1,7,5,14,6,0.14,0.71,10,12,A,2,4
18/05/2015,West Brom,Chelsea,2,4,6,4,6,2,0.12,0.76,8,11,H,3,0
20/05/2015,Arsenal,Sunderland,3,1,5,3,6,6,0.61,0.09,8,8,D,0,0
24/05/2015,Aston Villa,Burnley,3,1,8,11,1,3,0.33,0.0,9,4,A,0,1
24/05/2015,Crystal Palace,Swansea,2,3,4,8,8,8,0.0,0.33,3,9,H,1,0
24/05/2015,Everton,Tottenham,4,1,8,6,7,7,0.24,0.41,9,7,A,0,1
24/05/2015,Chelsea,Sunderland,3,1,5,5,5,2,0.74,0.17,8,9,H,3,1
24/05/2015,Arsenal,West Brom,2,2,4,3,7,1,0.71,0.12,6,11,H,4,1
24/05/2015,Leicester,QPR,4,1,7,3,3,10,0.0,1.0,10,4,H,5,1
24/05/2015,Man City,Southampton,5,0,16,4,10,9,0.46,0.38,15,4,H,2,0
24/05/2015,Newcastle,West Ham,0,0,5,12,2,5,0.43,0.24,1,4,H,2,0
24/05/2015,Stoke,Liverpool,3,1,6,4,4,6,0.23,0.38,8,5,H,6,1
24/05/2015,Hull,Man Utd,1,3,4,6,3,7,0.0,1.0,6,4,D,0,0
08/08/2015,Everton,Watford,3,1,7,7,5,6,1.0,0.0,6,5,D,2,2
08/08/2015,Chelsea,Swansea,4,3,8,6,8,7,0.75,0.0,10,9,D,2,2
08/08/2015,Bournemouth,Aston Villa,0,2,0,0,7,12,0.0,0.0,0,6,A,0,1
08/08/2015,Norwich,Crystal Palace,1,3,2,10,5,6,0.25,0.0,1,6,A,1,3
08/08/2015,Man Utd,Tottenham,3,2,3,6,5,6,0.63,0.1,5,7,H,1,0
08/08/2015,Leicester,Sunderland,4,1,11,4,5,4,0.33,0.17,10,8,H,4,2
09/08/2015,Arsenal,West Ham,2,0,8,4,2,5,0.67,0.12,8,4,A,0,2
09/08/2015,Newcastle,Southampton,1,0,6,9,9,9,0.38,0.38,4,4,D,2,2
09/08/2015,Stoke,Liverpool,3,0,10,4,5,12,0.29,0.36,8,4,A,0,1
10/08/2015,West Brom,Man City,2,2,6,5,16,4,0.22,0.61,8,15,A,0,3
14/08/2015,Aston Villa,Man Utd,2,2,6,9,4,3,0.03,0.77,9,8,A,0,1
15/08/2015,Swansea,Newcastle,2,0,7,7,6,8,0.62,0.12,7,5,H,2,0
15/08/2015,Southampton,Everton,4,2,9,9,6,9,0.25,0.44,4,4,A,0,3
15/08/2015,Sunderland,Norwich,2,0,5,7,3,12,0.17,0.5,5,1,A,1,3
15/08/2015,Watford,West Brom,1,2,6,5,6,8,0.0,0.0,6,7,D,0,0
15/08/2015,West Ham,Leicester,2,2,4,5,14,3,0.33,0.5,6,13,A,1,2
15/08/2015,Tottenham,Stoke,3,0,3,5,9,4,0.5,0.36,6,7,D,2,2
16/08/2015,Crystal Palace,Arsenal,2,4,8,5,5,5,0.0,0.83,9,5,A,1,2
16/08/2015,Man City,Chelsea,5,3,16,2,7,7,0.21,0.64,15,8,H,3,0
17/08/2015,Liverpool,Bournemouth,3,0,6,11,0,1,0.0,0.0,7,0,H,1,0
22/08/2015,Man Utd,Newcastle,3,0,5,2,6,7,0.68,0.11,11,5,D,0,0
22/08/2015,Leicester,Tottenham,4,2,13,4,5,6,0.25,0.62,13,7,D,1,1
22/08/2015,Crystal Palace,Aston Villa,1,2,9,6,3,8,0.5,0.17,9,6,H,2,1
22/08/2015,Norwich,Stoke,1,0,4,10,11,4,0.33,0.33,4,8,D,1,1
22/08/2015,West Ham,Bournemouth,2,0,4,7,0,2,0.0,0.0,3,0,A,3,4
22/08/2015,Sunderland,Swansea,2,2,4,10,7,7,0.12,0.25,2,7,D,1,1
23/08/2015,Everton,Man City,2,3,7,6,18,2,0.46,0.36,7,15,A,0,2
23/08/2015,Watford,Southampton,1,0,5,4,8,10,0.0,0.0,6,4,D,0,0
23/08/2015,West Brom,Chelsea,1,2,5,8,6,10,0.17,0.72,5,5,A,2,3
24/08/2015,Arsenal,Liverpool,1,1,7,5,5,10,0.43,0.2,8,7,D,0,0
29/08/2015,Newcastle,Arsenal,1,4,5,6,6,4,0.11,0.61,5,8,A,0,1
29/08/2015,Man City,Watford,5,1,14,2,5,3,0.0,0.0,15,7,H,2,0
29/08/2015,Stoke,West Brom,3,2,9,5,6,10,0.58,0.17,6,4,A,0,1
29/08/2015,Liverpool,West Ham,3,1,4,9,7,10,0.71,0.12,7,3,A,0,3
29/08/2015,Aston Villa,Sunderland,2,1,3,10,5,11,0.42,0.17,3,2,D,2,2
29/08/2015,Bournemouth,Leicester,0,3,4,5,12,5,0.0,0.0,3,11,D,1,1
29/08/2015,Tottenham,Everton,2,3,6,4,7,6,0.43,0.23,8,7,D,0,0
29/08/2015,Chelsea,Crystal Palace,3,4,8,11,10,5,0.83,0.17,7,12,A,1,2
30/08/2015,Swansea,Man Utd,3,2,7,8,3,1,0.25,0.62,5,9,H,2,1
30/08/2015,Southampton,Norwich,3,1,8,8,5,7,0.33,0.33,5,5,H,3,0
12/09/2015,West Brom,Southampton,1,0,4,10,5,7,0.4,0.3,4,5,D,0,0
12/09/2015,Watford,Swansea,1,2,3,5,7,5,0.0,0.0,4,8,H,1,0
12/09/2015,Norwich,Bournemouth,0,1,5,10,5,6,0.0,0.0,4,4,H,3,1
12/09/2015,Man Utd,Liverpool,2,1,3,2,3,9,0.57,0.37,8,7,H,3,1
12/09/2015,Crystal Palace,Man City,2,4,9,5,12,0,0.17,0.83,12,15,A,0,1
12/09/2015,Arsenal,Stoke,1,0,7,4,9,6,0.57,0.29,10,5,H,2,0
12/09/2015,Everton,Chelsea,1,2,5,5,9,10,0.17,0.53,5,7,H,3,1
13/09/2015,Leicester,Aston Villa,4,2,13,6,4,6,0.25,0.5,11,4,H,3,2
13/09/2015,Sunderland,Tottenham,1,1,7,13,4,4,0.17,0.62,2,6,A,0,1
14/09/2015,West Ham,Newcastle,1,0,9,8,4,5,0.23,0.45,6,5,H,2,0
19/09/2015,Chelsea,Arsenal,2,4,7,12,5,3,0.37,0.27,4,10,H,2,0
19/09/2015,Aston Villa,West Brom,2,2,6,8,3,6,0.39,0.17,4,5,A,0,1
19/09/2015,Bournemouth,Sunderland,0,1,6,9,6,11,0.0,0.0,4,2,H,2,0
19/09/2015,Newcastle,Watford,1,1,2,7,3,4,0.5,0.0,2,6,A,1,2
19/09/2015,Man City,West Ham,5,2,11,0,11,6,0.59,0.23,15,9,A,1,2
19/09/2015,Stoke,Leicester,2,3,3,7,11,7,0.5,0.5,2,11,D,2,2
19/09/2015,Swansea,Everton,3,2,7,5,8,5,0.0,0.62,8,8,D,0,0
20/09/2015,Liverpool,Norwich,3,1,3,6,8,9,0.88,0.0,7,7,D,1,1
20/09/2015,Southampton,Man Utd,3,2,5,5,6,3,0.19,0.69,6,10,A,2,3
20/09/2015,Tottenham,Crystal Palace,1,4,4,4,8,6,0.33,0.33,6,9,H,1,0
26/09/2015,Man Utd,Sunderland,2,0,8,5,4,9,0.75,0.04,10,2,H,3,0
26/09/2015,West Ham,Norwich,2,1,11,7,8,7,0.5,0.25,9,8,D,2,2
26/09/2015,Tottenham,Man City,2,5,5,3,9,2,0.5,0.36,9,12,H,4,1
26/09/2015,Stoke,Bournemouth,2,1,5,8,8,8,0.0,0.0,3,7,H,2,1
26/09/2015,Southampton,Swansea,2,1,5,6,5,3,0.5,0.17,5,8,H,3,1
26/09/2015,Newcastle,Chelsea,1,2,1,7,7,10,0.25,0.5,1,6,D,2,2
26/09/2015,Liverpool,Aston Villa,2,1,3,7,5,9,0.57,0.17,5,1,H,3,2
26/09/2015,Leicester,Arsenal,4,3,9,7,5,3,0.0,0.62,9,10,A,2,5
27/09/2015,Watford,Crystal Palace,1,3,3,3,5,6,0.0,0.0,8,6,A,0,1
28/09/2015,West Brom,Everton,1,2,4,3,6,3,0.28,0.5,8,8,A,2,3
03/10/2015,Man City,Newcastle,4,0,7,6,3,7,0.69,0.19,9,2,H,6,1
03/10/2015,Norwich,Leicester,1,2,7,8,9,11,0.0,0.0,6,6,A,1,2
03/10/2015,Crystal Palace,West Brom,2,2,5,4,6,6,0.33,0.33,9,7,H,2,0
03/10/2015,Sunderland,West Ham,1,3,3,9,12,7,0.27,0.45,2,10,D,2,2
03/10/2015,Bournemouth,Watford,1,2,9,9,3,4,0.0,0.0,7,7,D,1,1
03/10/2015,Aston Villa,Stoke,1,0,7,11,5,7,0.21,0.36,1,5,A,0,1
03/10/2015,Chelsea,Southampton,2,0,9,9,8,4,0.5,0.19,7,8,A,1,3
04/10/2015,Arsenal,Man Utd,2,3,8,4,10,5,0.23,0.47,10,10,H,3,0
04/10/2015,Everton,Liverpool,1,1,6,5,5,9,0.1,0.53,8,5,D,1,1
04/10/2015,Swansea,Tottenham,3,2,4,6,7,2,0.0,0.88,5,11,D,2,2
17/10/2015,Chelsea,Aston Villa,2,1,7,10,6,10,0.47,0.23,4,1,H,2,0
17/10/2015,Everton,Man Utd,1,2,7,4,10,8,0.2,0.63,9,9,A,0,3
17/10/2015,Man City,Bournemouth,4,1,11,7,6,7,0.0,0.0,9,5,H,5,1
17/10/2015,Crystal Palace,West Ham,3,3,5,3,11,5,0.75,0.25,9,11,A,1,3
17/10/2015,Tottenham,Liverpool,3,1,8,3,6,10,0.3,0.5,11,5,D,0,0
17/10/2015,Watford,Arsenal,1,3,4,5,11,4,0.0,1.0,7,12,A,0,3
17/10/2015,West Brom,Sunderland,1,0,4,5,4,10,0.5,0.19,7,2,H,1,0
17/10/2015,Southampton,Leicester,3,2,11,5,10,11,0.38,0.25,10,8,D,2,2
18/10/2015,Newcastle,Norwich,1,1,4,13,7,9,0.38,0.25,1,5,H,6,2
19/10/2015,Swansea,Stoke,2,1,5,7,5,6,0.38,0.38,5,7,A,0,1
24/10/2015,Leicester,Crystal Palace,3,4,11,12,4,5,0.0,1.0,8,6,H,1,0
24/10/2015,Aston Villa,Swansea,0,0,4,10,3,7,0.12,0.5,0,2,A,1,2
24/10/2015,Arsenal,Everton,3,3,13,4,7,7,0.57,0.17,12,8,H,2,1
24/10/2015,Stoke,Watford,2,2,6,5,4,6,0.0,0.0,10,7,A,0,2
24/10/2015,West Ham,Chelsea,1,1,11,6,8,8,0.17,0.71,11,7,H,2,1
24/10/2015,Norwich,West Brom,1,2,9,12,4,5,0.5,0.38,5,7,A,0,1
25/10/2015,Bournemouth,Tottenham,1,2,6,11,8,3,0.0,0.0,4,11,A,1,5
25/10/2015,Liverpool,Southampton,2,1,6,7,10,7,0.5,0.38,6,8,D,1,1
25/10/2015,Man Utd,Man City,3,4,12,6,14,8,0.43,0.39,12,9,D,0,0
25/10/2015,Sunderland,Newcastle,0,0,2,9,10,14,0.32,0.36,1,4,H,3,0
31/10/2015,Newcastle,Stoke,1,2,10,15,6,5,0.33,0.42,4,10,D,0,0
31/10/2015,Swansea,Arsenal,2,4,5,7,13,5,0.5,0.38,5,12,A,0,3
31/10/2015,Man City,Norwich,4,1,13,8,6,12,0.62,0.12,7,2,H,2,1
31/10/2015,West Brom,Leicester,1,2,5,5,9,10,0.5,0.5,9,8,A,2,3
31/10/2015,Chelsea,Liverpool,2,1,8,7,6,5,0.47,0.33,7,7,A,1,3
31/10/2015,Crystal Palace,Man Utd,2,3,4,5,9,5,0.0,0.83,6,10,D,0,0
31/10/2015,Watford,West Ham,1,4,5,6,11,7,0.5,0.0,7,11,H,2,0
01/11/2015,Southampton,Bournemouth,2,1,11,8,6,13,0.0,0.0,8,4,H,2,0
01/11/2015,Everton,Sunderland,1,0,5,8,5,8,0.54,0.21,5,4,H,6,2
02/11/2015,Tottenham,Aston Villa,2,1,12,4,3,9,0.47,0.2,11,0,H,3,1
07/11/2015,Stoke,Chelsea,1,1,4,3,7,10,0.07,0.79,10,4,H,1,0
07/11/2015,West Ham,Everton,2,2,9,8,11,10,0.12,0.58,8,7,D,1,1
07/11/2015,Sunderland,Southampton,1,1,7,12,11,5,0.25,0.33,4,11,A,0,1
07/11/2015,Norwich,Swansea,1,1,6,13,5,10,0.5,0.17,1,4,H,1,0
07/11/2015,Man Utd,West Brom,3,3,6,3,6,8,0.67,0.11,8,6,H,2,0
07/11/2015,Leicester,Watford,3,2,10,10,5,5,0.0,0.0,10,7,H,2,1
07/11/2015,Bournemouth,Newcastle,1,0,4,15,9,13,0.0,0.0,1,5,A,0,1
08/11/2015,Arsenal,Tottenham,3,2,16,3,14,5,0.47,0.17,15,11,D,1,1
08/11/2015,Aston Villa,Man City,0,3,4,11,14,7,0.21,0.64,0,10,D,0,0
08/11/2015,Liverpool,Crystal Palace,2,3,8,5,4,4,0.33,0.5,9,7,A,1,2
21/11/2015,Chelsea,Norwich,2,0,5,9,5,11,0.75,0.0,3,3,H,1,0
21/11/2015,Everton,Aston Villa,2,0,9,9,2,8,0.3,0.3,5,1,H,4,0
21/11/2015,Man City,Liverpool,4,1,13,3,6,5,0.21,0.43,11,6,A,1,4
21/11/2015,Newcastle,Leicester,1,2,8,11,10,6,0.5,0.12,7,13,A,0,3
21/11/2015,Southampton,Stoke,3,2,9,4,3,2,0.17,0.17,11,10,A,0,1
21/11/2015,West Brom,Arsenal,1,4,4,7,12,2,0.11,0.72,6,13,H,2,1
21/11/2015,Swansea,Bournemouth,1,1,4,8,3,14,0.0,0.0,4,1,D,2,2
21/11/2015,Watford,Man Utd,2,2,6,6,5,3,0.0,1.0,7,8,A,1,2
22/11/2015,Tottenham,West Ham,3,3,11,5,8,7,0.54,0.21,9,8,H,4,1
23/11/2015,Crystal Palace,Sunderland,2,0,5,5,7,10,0.5,0.25,7,4,A,0,1
28/11/2015,Sunderland,Stoke,1,3,6,8,3,2,0.43,0.29,6,10,H,2,0
28/11/2015,Leicester,Man Utd,3,3,11,5,7,1,0.12,0.88,13,11,D,1,1
28/11/2015,Man City,Southampton,3,2,8,6,6,4,0.5,0.36,8,8,H,3,1
28/11/2015,Aston Villa,Watford,0,2,2,11,6,7,0.5,0.0,1,6,A,2,3
28/11/2015,Crystal Palace,Newcastle,1,1,3,6,7,8,0.0,0.5,4,7,H,5,1
28/11/2015,Bournemouth,Everton,1,1,4,15,12,8,0.0,0.0,1,7,D,3,3
29/11/2015,Tottenham,Chelsea,4,1,13,4,5,6,0.13,0.53,11,6,D,0,0
29/11/2015,West Ham,West Brom,2,3,7,9,6,6,0.36,0.21,7,9,D,1,1
29/11/2015,Liverpool,Swansea,1,1,9,5,4,8,0.5,0.12,8,4,H,1,0
29/11/2015,Norwich,Arsenal,2,3,4,10,10,4,0.12,0.75,3,10,D,1,1
05/12/2015,Arsenal,Sunderland,3,1,8,5,8,7,0.58,0.08,8,9,H,3,1
05/12/2015,Chelsea,Bournemouth,3,0,3,6,6,13,0.0,0.0,4,2,A,0,1
05/12/2015,Man Utd,West Ham,3,2,5,2,5,9,0.67,0.17,9,5,D,0,0
05/12/2015,Southampton,Aston Villa,2,0,5,5,4,12,0.31,0.38,7,1,D,1,1
05/12/2015,West Brom,Tottenham,2,2,6,7,13,4,0.17,0.44,7,11,D,1,1
05/12/2015,Swansea,Leicester,0,3,4,8,10,4,0.5,0.5,4,13,A,0,3
05/12/2015,Stoke,Man City,2,2,2,4,6,6,0.14,0.5,7,8,H,2,0
05/12/2015,Watford,Norwich,2,0,9,6,3,5,0.0,0.0,9,4,H,2,0
06/12/2015,Newcastle,Liverpool,1,2,2,11,10,5,0.25,0.57,4,10,H,2,0
07/12/2015,Everton,Crystal Palace,3,3,15,8,7,4,0.5,0.33,8,7,D,1,1
12/12/2015,Bournemouth,Man Utd,1,2,6,8,5,2,0.0,0.0,5,9,H,2,1
12/12/2015,Crystal Palace,Southampton,2,2,8,4,5,5,0.0,0.67,8,7,H,1,0
12/12/2015,Man City,Swansea,4,1,6,8,2,10,0.75,0.12,7,1,H,2,1
12/12/2015,Norwich,Everton,2,1,3,6,15,7,0.12,0.38,4,9,D,1,1
12/12/2015,Sunderland,Watford,2,3,6,10,9,6,0.0,0.0,6,9,A,0,1
12/12/2015,West Ham,Stoke,2,3,3,8,4,2,0.33,0.33,3,10,D,0,0
13/12/2015,Aston Villa,Arsenal,0,3,4,11,9,5,0.1,0.63,2,8,A,0,2
13/12/2015,Liverpool,West Brom,2,2,9,6,6,8,0.67,0.22,9,5,D,2,2
13/12/2015,Tottenham,Newcastle,3,1,9,4,4,8,0.43,0.5,9,7,A,1,2
14/12/2015,Leicester,Chelsea,3,0,12,4,2,5,0.25,0.75,13,4,H,2,1
19/12/2015,West Brom,Bournemouth,2,1,6,7,8,7,0.0,0.0,6,8,A,1,2
19/12/2015,Southampton,Tottenham,2,2,3,6,7,5,0.38,0.5,4,6,A,0,2
19/12/2015,Newcastle,Aston Villa,2,0,6,9,3,10,0.43,0.21,9,2,D,1,1
19/12/2015,Stoke,Crystal Palace,3,2,4,2,9,4,0.25,0.5,10,10,A,1,2
19/12/2015,Everton,Leicester,2,4,10,6,11,3,0.25,0.0,7,13,A,2,3
19/12/2015,Chelsea,Sunderland,2,1,2,4,4,5,0.75,0.17,4,6,H,3,1
19/12/2015,Man Utd,Norwich,3,0,6,4,3,5,0.75,0.25,8,5,A,1,2
20/12/2015,Swansea,West Ham,0,1,3,9,3,6,0.17,0.5,1,4,D,0,0
20/12/2015,Watford,Liverpool,2,2,8,6,8,7,0.0,1.0,9,7,H,3,0
21/12/2015,Arsenal,Man City,4,1,8,5,6,8,0.57,0.21,8,7,H,2,1
26/12/2015,Bournemouth,Crystal Palace,1,3,10,7,9,4,0.0,0.0,11,10,D,0,0
26/12/2015,Chelsea,Watford,3,3,5,4,10,4,1.0,0.0,7,12,D,2,2
26/12/2015,Man City,Sunderland,4,1,7,10,5,7,0.64,0.23,6,6,H,4,1
26/12/2015,Aston Villa,West Ham,0,1,4,11,2,5,0.38,0.21,2,4,D,1,1
26/12/2015,Liverpool,Leicester,2,4,7,8,12,4,0.62,0.12,7,13,H,1,0
26/12/2015,Newcastle,Everton,2,1,6,10,11,8,0.32,0.43,7,6,A,0,1
26/12/2015,Southampton,Arsenal,1,3,2,8,9,5,0.19,0.5,1,10,H,4,0
26/12/2015,Stoke,Man Utd,3,2,4,4,5,6,0.07,0.79,7,5,H,2,0
26/12/2015,Tottenham,Norwich,2,1,8,4,4,6,0.38,0.25,8,5,H,3,0
26/12/2015,Swansea,West Brom,0,1,3,8,7,7,0.62,0.38,2,6,H,1,0
28/12/2015,West Brom,Newcastle,2,2,5,7,6,8,0.17,0.56,3,7,H,1,0
28/12/2015,Norwich,Aston Villa,1,0,4,8,5,8,0.12,0.62,5,3,H,2,0
28/12/2015,West Ham,Southampton,1,2,2,2,6,7,0.42,0.25,5,4,H,2,1
28/12/2015,Watford,Tottenham,3,2,11,4,7,3,0.0,0.5,13,8,A,1,2
28/12/2015,Crystal Palace,Swansea,2,1,9,3,2,6,0.25,0.25,11,4,D,0,0
28/12/2015,Everton,Stoke,2,2,8,8,5,4,0.36,0.29,6,7,A,3,4
28/12/2015,Arsenal,Bournemouth,4,2,8,7,8,5,0.0,0.0,10,11,H,2,0
28/12/2015,Man Utd,Chelsea,2,0,3,7,6,6,0.27,0.4,2,5,D,0,0
29/12/2015,Leicester,Man City,3,0,9,5,10,7,0.33,0.5,10,9,D,0,0
30/12/2015,Sunderland,Liverpool,2,2,5,11,4,7,0.12,0.58,3,7,A,0,1
02/01/2016,West Ham,Liverpool,2,3,3,2,4,7,0.16,0.68,7,7,H,2,0
02/01/2016,Sunderland,Aston Villa,2,0,3,12,3,7,0.16,0.4,0,3,H,3,1
02/01/2016,West Brom,Stoke,2,2,5,6,9,5,0.23,0.54,5,10,H,2,1
02/01/2016,Watford,Man City,3,0,9,4,7,6,0.0,0.33,10,7,A,1,2
02/01/2016,Norwich,Southampton,2,1,5,7,6,6,0.29,0.43,7,4,H,1,0
02/01/2016,Leicester,Bournemouth,3,2,8,4,5,4,0.0,0.0,10,10,D,0,0
02/01/2016,Arsenal,Newcastle,4,2,9,6,5,4,0.62,0.1,12,7,H,1,0
02/01/2016,Man Utd,Swansea,1,1,2,6,2,5,0.56,0.33,2,5,H,2,1
03/01/2016,Crystal Palace,Chelsea,2,0,4,2,6,6,0.29,0.71,9,5,A,0,3
03/01/2016,Everton,Tottenham,2,3,8,9,9,4,0.23,0.42,5,10,D,1,1
12/01/2016,Newcastle,Man Utd,1,1,3,5,4,7,0.1,0.66,4,4,D,3,3
12/01/2016,Aston Villa,Crystal Palace,0,2,3,9,3,4,0.14,0.57,2,8,H,1,0
12/01/2016,Bournemouth,West Ham,1,0,4,4,5,2,1.0,0.0,8,9,A,1,3
13/01/2016,Tottenham,Leicester,3,4,9,4,5,4,0.56,0.22,10,8,A,0,1
13/01/2016,Swansea,Sunderland,1,1,3,4,5,10,0.22,0.11,5,3,A,2,4
13/01/2016,Stoke,Norwich,3,1,8,7,6,5,0.29,0.29,7,10,H,3,1
13/01/2016,Chelsea,West Brom,2,1,9,5,6,6,0.74,0.16,8,7,D,2,2
13/01/2016,Man City,Everton,4,1,9,5,8,9,0.38,0.45,10,5,D,0,0
13/01/2016,Liverpool,Arsenal,2,2,4,7,7,5,0.19,0.42,7,12,D,3,3
13/01/2016,Southampton,Watford,2,3,5,6,8,6,0.0,0.0,3,7,H,2,0
16/01/2016,Chelsea,Everton,2,1,10,5,7,8,0.52,0.19,9,5,D,3,3
16/01/2016,Newcastle,West Ham,1,1,4,7,8,3,0.43,0.26,2,11,H,2,1
16/01/2016,Southampton,West Brom,2,0,7,5,6,6,0.27,0.36,6,7,H,3,0
16/01/2016,Man City,Crystal Palace,3,2,7,4,2,5,0.86,0.14,8,5,H,4,0
16/01/2016,Tottenham,Sunderland,2,2,8,3,9,11,0.64,0.16,10,6,H,4,1
16/01/2016,Bournemouth,Norwich,1,1,3,6,6,7,0.0,1.0,5,9,H,3,0
16/01/2016,Aston Villa,Leicester,1,4,4,7,4,3,0.44,0.33,5,8,D,1,1
17/01/2016,Stoke,Arsenal,4,1,11,8,8,8,0.27,0.6,9,10,D,0,0
17/01/2016,Liverpool,Man Utd,2,1,5,8,6,8,0.35,0.58,7,5,A,0,1
18/01/2016,Swansea,Watford,1,2,4,6,7,8,0.0,1.0,5,4,H,1,0
23/01/2016,West Ham,Man City,2,1,9,5,10,2,0.26,0.57,10,11,D,2,2
23/01/2016,West Brom,Aston Villa,3,0,5,7,4,7,0.21,0.37,7,5,D,0,0
23/01/2016,Watford,Newcastle,2,2,4,9,5,7,0.33,0.33,1,4,H,2,1
23/01/2016,Sunderland,Bournemouth,2,2,9,12,4,5,0.0,1.0,6,5,D,1,1
23/01/2016,Man Utd,Southampton,2,1,6,6,10,3,0.71,0.18,8,9,A,0,1
23/01/2016,Leicester,Stoke,2,2,2,2,10,6,0.33,0.33,6,10,H,3,0
23/01/2016,Crystal Palace,Tottenham,2,2,0,8,10,4,0.29,0.43,2,10,A,1,3
23/01/2016,Norwich,Liverpool,3,2,4,9,5,6,0.0,0.78,6,7,A,4,5
24/01/2016,Arsenal,Chelsea,4,1,6,7,10,7,0.26,0.39,8,7,A,0,1
24/01/2016,Everton,Swansea,1,0,8,8,5,6,0.56,0.0,6,7,A,1,2
02/02/2016,Man Utd,Stoke,1,1,6,5,8,9,0.73,0.13,8,7,H,3,0
02/02/2016,Arsenal,Southampton,4,1,6,4,7,3,0.47,0.24,8,9,D,0,0
02/02/2016,Leicester,Liverpool,2,2,5,1,9,10,0.11,0.67,9,7,H,2,0
02/02/2016,Crystal Palace,Bournemouth,2,2,1,11,5,6,0.0,0.0,1,5,A,1,2
02/02/2016,West Brom,Swansea,2,1,5,6,6,7,0.33,0.67,8,7,D,1,1
02/02/2016,West Ham,Aston Villa,2,0,10,6,3,6,0.2,0.36,10,5,H,2,0
02/02/2016,Sunderland,Man City,2,1,9,9,8,3,0.22,0.65,7,9,A,0,1
02/02/2016,Norwich,Tottenham,2,3,8,11,10,5,0.22,0.44,6,10,A,0,3
03/02/2016,Everton,Newcastle,0,1,8,10,6,8,0.45,0.31,3,4,H,3,0
03/02/2016,Watford,Chelsea,3,2,4,8,9,5,0.0,0.67,3,9,D,0,0
06/02/2016,Tottenham,Watford,2,2,11,4,3,6,0.67,0.0,10,4,H,1,0
06/02/2016,Swansea,Crystal Palace,2,1,7,8,2,13,0.2,0.2,7,0,D,1,1
06/02/2016,Stoke,Everton,3,1,4,9,8,6,0.33,0.33,4,6,A,0,3
06/02/2016,Southampton,West Ham,3,1,6,1,10,5,0.23,0.46,10,10,H,1,0
06/02/2016,Newcastle,West Brom,2,0,6,10,5,7,0.53,0.21,4,6,H,1,0
06/02/2016,Liverpool,Sunderland,2,1,8,12,9,9,0.6,0.12,4,7,D,2,2
06/02/2016,Aston Villa,Norwich,1,1,3,6,6,14,0.56,0.22,5,3,H,2,0
06/02/2016,Man City,Leicester,4,3,9,3,7,1,0.43,0.29,11,11,A,1,3
07/02/2016,Bournemouth,Arsenal,2,1,7,5,4,4,0.0,1.0,8,6,A,0,2
07/02/2016,Chelsea,Man Utd,1,1,9,5,9,5,0.39,0.26,9,10,D,1,1
13/02/2016,Bournemouth,Stoke,2,1,7,7,3,10,0.0,1.0,7,4,A,1,3
13/02/2016,Everton,West Brom,1,0,10,5,3,7,0.53,0.26,8,3,A,0,1
13/02/2016,Crystal Palace,Watford,1,1,3,11,2,5,1.0,0.0,1,4,A,1,2
13/02/2016,Norwich,West Ham,2,1,5,16,8,6,0.2,0.4,0,7,D,2,2
13/02/2016,Swansea,Southampton,2,1,7,7,7,0,0.14,0.57,8,13,A,0,1
13/02/2016,Sunderland,Man Utd,1,1,8,10,8,5,0.04,0.76,5,8,H,2,1
13/02/2016,Chelsea,Newcastle,1,1,7,6,7,9,0.48,0.24,7,7,H,5,1
14/02/2016,Arsenal,Leicester,3,3,5,4,10,2,0.67,0.0,6,13,H,2,1
14/02/2016,Aston Villa,Liverpool,2,2,4,3,10,12,0.16,0.58,8,5,A,0,6
14/02/2016,Man City,Tottenham,3,4,8,5,11,3,0.34,0.52,8,12,A,1,2
27/02/2016,Leicester,Norwich,3,1,10,4,6,15,1.0,0.0,10,1,H,1,0
27/02/2016,Southampton,Chelsea,4,2,6,0,10,5,0.24,0.47,13,9,A,1,2
27/02/2016,Stoke,Aston Villa,2,0,3,10,3,9,0.4,0.2,4,5,H,2,1
27/02/2016,Watford,Bournemouth,2,2,4,4,7,7,0.0,0.0,7,7,D,0,0
27/02/2016,West Brom,Crystal Palace,2,1,2,5,4,12,0.29,0.43,5,1,H,3,2
27/02/2016,West Ham,Sunderland,3,1,7,7,6,9,0.43,0.26,5,5,H,1,0
28/02/2016,Tottenham,Swansea,3,1,13,3,5,4,0.78,0.0,15,8,H,2,1
28/02/2016,Man Utd,Arsenal,2,2,6,4,4,2,0.45,0.26,7,8,H,3,2
01/03/2016,Bournemouth,Southampton,1,2,4,7,4,2,0.0,1.0,5,10,H,2,0
01/03/2016,Leicester,West Brom,3,1,10,3,5,4,0.67,0.33,12,8,D,2,2
01/03/2016,Aston Villa,Everton,2,2,3,10,10,6,0.29,0.32,4,7,A,1,3
01/03/2016,Sunderland,Crystal Palace,2,0,5,6,6,11,0.4,0.4,5,1,D,2,2
01/03/2016,Norwich,Chelsea,2,3,6,13,9,3,0.0,0.78,1,11,A,1,2
02/03/2016,Arsenal,Swansea,3,1,6,5,5,6,0.44,0.44,7,5,A,1,2
02/03/2016,Liverpool,Man City,1,2,13,9,9,7,0.45,0.21,7,7,H,3,0
02/03/2016,Man Utd,Watford,3,1,8,6,4,3,1.0,0.0,7,8,H,1,0
02/03/2016,Stoke,Newcastle,3,0,5,11,5,11,0.38,0.31,6,6,H,1,0
02/03/2016,West Ham,Tottenham,4,4,7,5,11,3,0.2,0.56,8,15,H,1,0
05/03/2016,Chelsea,Stoke,1,2,10,4,6,8,0.73,0.13,11,9,D,1,1
05/03/2016,Watford,Leicester,1,2,2,3,9,5,0.0,1.0,5,10,A,0,1
05/03/2016,Everton,West Ham,1,1,10,4,6,3,0.56,0.12,9,10,A,2,3
05/03/2016,Man City,Aston Villa,2,0,5,10,4,13,0.62,0.21,4,3,H,4,0
05/03/2016,Newcastle,Bournemouth,2,1,3,11,5,6,1.0,0.0,3,7,A,1,3
05/03/2016,Southampton,Sunderland,4,1,3,4,6,7,0.38,0.23,7,5,D,1,1
05/03/2016,Swansea,Norwich,2,0,5,6,3,10,0.14,0.57,5,1,H,1,0
05/03/2016,Tottenham,Arsenal,4,1,8,3,7,6,0.16,0.45,12,7,D,2,2
06/03/2016,West Brom,Man Utd,3,1,7,6,9,5,0.11,0.68,8,10,H,1,0
06/03/2016,Crystal Palace,Liverpool,0,3,7,10,16,8,0.57,0.29,2,10,A,1,2
12/03/2016,Stoke,Southampton,3,2,7,6,4,5,0.29,0.14,10,7,A,1,2
12/03/2016,Norwich,Man City,1,2,3,8,7,8,0.11,0.67,1,6,D,0,0
12/03/2016,Bournemouth,Swansea,2,2,6,6,5,5,0.0,0.0,7,7,H,3,2
13/03/2016,Aston Villa,Tottenham,2,3,4,15,7,5,0.19,0.48,3,10,A,0,2
14/03/2016,Leicester,Newcastle,3,0,8,5,3,12,0.22,0.44,10,3,H,1,0
19/03/2016,West Brom,Norwich,3,0,7,5,3,6,0.44,0.44,10,2,A,0,1
19/03/2016,Swansea,Aston Villa,2,0,6,7,2,17,0.56,0.11,6,0,H,1,0
19/03/2016,Watford,Stoke,1,1,2,4,8,5,1.0,0.0,4,10,A,1,2
19/03/2016,Crystal Palace,Leicester,0,3,7,10,6,4,0.67,0.33,2,10,A,0,1
19/03/2016,Chelsea,West Ham,1,2,11,5,7,5,0.68,0.2,11,10,D,2,2
19/03/2016,Everton,Arsenal,1,1,11,5,9,8,0.16,0.58,9,7,A,0,2
20/03/2016,Man City,Man Utd,2,1,6,8,6,6,0.38,0.41,4,7,A,0,1
20/03/2016,Newcastle,Sunderland,2,1,3,10,7,7,0.35,0.35,3,6,D,1,1
20/03/2016,Southampton,Liverpool,3,3,5,6,13,5,0.35,0.47,7,10,H,3,2
20/03/2016,Tottenham,Bournemouth,3,2,8,5,9,6,1.0,0.0,10,10,H,3,0
02/04/2016,Liverpool,Tottenham,2,4,15,6,9,4,0.48,0.29,10,10,D,1,1
02/04/2016,Arsenal,Watford,2,1,9,8,3,5,1.0,0.0,7,4,H,4,0
02/04/2016,Bournemouth,Man City,3,2,8,6,5,6,0.0,1.0,10,4,A,0,4
02/04/2016,Aston Villa,Chelsea,1,4,2,12,12,6,0.23,0.48,0,11,A,0,4
02/04/2016,Sunderland,West Brom,2,1,6,6,7,5,0.18,0.53,6,10,D,0,0
02/04/2016,West Ham,Crystal Palace,4,0,9,6,6,10,0.4,0.6,11,1,D,2,2
02/04/2016,Stoke,Swansea,2,2,7,5,7,6,0.44,0.33,10,9,D,2,2
02/04/2016,Norwich,Newcastle,0,0,2,4,3,11,0.22,0.44,4,1,H,3,2
03/04/2016,Leicester,Southampton,4,3,6,2,7,8,0.22,0.33,13,7,H,1,0
03/04/2016,Man Utd,Everton,4,3,6,5,8,7,0.65,0.19,9,6,H,1,0
09/04/2016,West Ham,Arsenal,3,2,9,6,11,7,0.16,0.64,11,7,D,3,3
09/04/2016,Watford,Everton,1,2,1,8,5,8,0.0,0.67,1,3,D,1,1
09/04/2016,Swansea,Chelsea,3,4,8,6,11,5,0.0,0.67,10,11,H,1,0
09/04/2016,Southampton,Newcastle,3,0,6,7,4,9,0.35,0.35,7,1,H,3,1
09/04/2016,Crystal Palace,Norwich,0,1,7,10,5,5,0.2,0.2,2,7,H,1,0
09/04/2016,Aston Villa,Bournemouth,1,2,1,14,8,10,1.0,0.0,0,9,A,1,2
09/04/2016,Man City,West Brom,2,1,8,4,6,5,0.63,0.21,7,8,H,2,1
10/04/2016,Sunderland,Leicester,1,3,4,5,6,2,0.14,0.43,4,13,A,0,2
10/04/2016,Liverpool,Stoke,1,2,14,5,7,6,0.4,0.27,10,8,H,4,1
10/04/2016,Tottenham,Man Utd,4,2,8,4,6,3,0.1,0.65,8,12,H,3,0
13/04/2016,Crystal Palace,Everton,1,2,6,7,6,8,0.29,0.43,5,4,D,0,0
16/04/2016,Norwich,Sunderland,1,0,4,4,4,6,0.57,0.14,7,4,A,0,3
16/04/2016,West Brom,Watford,2,1,4,5,2,9,0.0,0.0,5,1,A,0,1
16/04/2016,Newcastle,Swansea,2,1,5,11,7,5,0.11,0.67,1,10,H,3,0
16/04/2016,Chelsea,Man City,1,2,9,5,10,2,0.62,0.24,8,10,A,0,3
16/04/2016,Everton,Southampton,1,2,3,7,9,6,0.47,0.24,2,10,D,1,1
16/04/2016,Man Utd,Aston Villa,4,0,3,4,1,13,0.77,0.03,9,0,H,1,0
17/04/2016,Arsenal,Crystal Palace,2,0,12,7,4,5,0.86,0.0,8,5,D,1,1
17/04/2016,Bournemouth,Liverpool,2,3,8,11,12,6,0.0,1.0,9,10,A,1,2
17/04/2016,Leicester,West Ham,4,1,6,0,11,9,0.57,0.29,15,9,D,2,2
18/04/2016,Stoke,Tottenham,2,3,7,10,11,3,0.33,0.47,5,11,A,0,4
19/04/2016,Newcastle,Man City,3,3,7,8,9,2,0.19,0.7,4,10,D,1,1
20/04/2016,Liverpool,Everton,2,2,11,7,2,5,0.52,0.1,10,3,H,4,0
20/04/2016,Man Utd,Crystal Palace,5,0,3,4,4,4,0.71,0.0,9,6,H,2,0
20/04/2016,West Ham,Watford,3,2,12,11,3,8,0.0,0.67,7,4,H,3,1
21/04/2016,Arsenal,West Brom,2,1,12,6,2,4,0.68,0.16,9,4,H,2,0
23/04/2016,Man City,Stoke,2,2,10,3,6,13,0.47,0.2,10,4,H,4,0
23/04/2016,Liverpool,Newcastle,3,0,13,6,8,8,0.55,0.28,10,5,D,2,2
23/04/2016,Aston Villa,Southampton,0,2,1,10,9,6,0.35,0.29,0,10,A,2,4
23/04/2016,Bournemouth,Chelsea,2,3,6,12,7,7,1.0,0.0,6,5,A,1,4
24/04/2016,Sunderland,Arsenal,1,2,5,4,12,4,0.08,0.6,6,11,D,0,0
24/04/2016,Leicester,Swansea,3,1,7,2,6,8,0.67,0.33,13,7,H,4,0
25/04/2016,Tottenham,West Brom,4,1,13,1,1,6,0.42,0.16,13,1,D,1,1
30/04/2016,Stoke,Sunderland,2,1,5,15,4,3,0.27,0.47,4,6,D,1,1
30/04/2016,Arsenal,Norwich,3,1,10,4,4,6,0.67,0.11,9,7,H,1,0
30/04/2016,Everton,Bournemouth,1,3,2,7,4,14,0.0,0.0,3,3,H,2,1
30/04/2016,Newcastle,Crystal Palace,2,0,9,9,4,5,0.43,0.14,5,6,H,1,0
30/04/2016,Watford,Aston Villa,0,0,4,10,3,12,0.33,0.33,4,0,H,3,2
30/04/2016,West Brom,West Ham,2,1,2,6,12,10,0.2,0.33,2,7,A,0,3
01/05/2016,Man Utd,Leicester,5,4,5,3,10,2,0.78,0.11,12,13,D,1,1
01/05/2016,Southampton,Man City,3,2,11,7,14,2,0.33,0.53,10,13,H,4,2
01/05/2016,Swansea,Liverpool,3,3,4,9,13,5,0.11,0.56,7,11,H,3,1
02/05/2016,Chelsea,Tottenham,1,3,10,7,12,2,0.52,0.13,7,11,D,2,2
07/05/2016,Crystal Palace,Stoke,1,2,2,4,4,15,0.6,0.2,5,2,H,2,1
07/05/2016,Aston Villa,Newcastle,0,0,5,14,8,6,0.21,0.41,0,8,D,0,0
07/05/2016,West Ham,Swansea,3,1,13,8,6,10,0.43,0.14,9,7,A,1,4
07/05/2016,Bournemouth,West Brom,2,0,5,13,2,9,1.0,0.0,3,1,D,1,1
07/05/2016,Leicester,Everton,3,1,10,3,4,7,0.11,0.22,11,6,H,3,1
07/05/2016,Sunderland,Chelsea,1,4,4,3,10,7,0.16,0.76,6,7,H,3,2
07/05/2016,Norwich,Man Utd,1,1,4,7,5,4,0.33,0.67,6,10,A,0,1
08/05/2016,Liverpool,Watford,3,2,13,7,6,10,0.67,0.33,10,7,H,2,0
08/05/2016,Man City,Arsenal,3,1,12,6,7,4,0.21,0.59,10,9,D,2,2
08/05/2016,Tottenham,Southampton,3,2,11,4,12,7,0.53,0.35,9,10,A,1,2
10/05/2016,West Ham,Man Utd,2,2,12,10,5,4,0.16,0.64,8,10,H,3,2
11/05/2016,Liverpool,Chelsea,3,3,11,6,8,10,0.35,0.45,10,4,D,1,1
11/05/2016,Norwich,Watford,1,1,3,8,6,8,0.0,1.0,3,7,H,4,2
11/05/2016,Sunderland,Everton,1,0,7,5,4,9,0.2,0.56,8,5,H,3,0
15/05/2016,Newcastle,Tottenham,2,2,7,3,11,5,0.52,0.41,9,8,H,5,1
15/05/2016,Chelsea,Leicester,1,3,9,10,12,4,0.67,0.33,5,11,D,1,1
15/05/2016,Everton,Norwich,1,1,4,12,4,8,0.33,0.11,4,3,H,3,0
15/05/2016,Swansea,Man City,4,2,8,9,12,7,0.11,0.78,9,8,D,1,1
15/05/2016,Arsenal,Aston Villa,3,0,6,3,5,10,0.65,0.1,9,1,H,4,0
15/05/2016,Stoke,West Ham,1,2,3,15,12,9,0.31,0.31,1,10,H,2,1
15/05/2016,Watford,Sunderland,1,1,7,11,10,3,1.0,0.0,6,11,D,2,2
15/05/2016,West Brom,Liverpool,2,3,2,8,10,6,0.21,0.63,2,8,D,1,1
15/05/2016,Southampton,Crystal Palace,3,0,14,7,3,5,0.57,0.14,13,5,H,4,1
17/05/2016,Man Utd,Bournemouth,4,2,7,4,6,10,0.0,1.0,10,4,H,3,1
13/08/2016,Everton,Tottenham,2,2,6,11,9,10,0.22,0.41,6,5,D,1,1
13/08/2016,Burnley,Swansea,1,1,2,2,8,10,0.0,1.0,7,7,A,0,1
13/08/2016,Man City,Sunderland,3,1,10,8,9,5,0.67,0.21,6,9,H,2,1
13/08/2016,Crystal Palace,West Brom,2,0,4,9,3,8,0.38,0.38,4,3,A,0,1
13/08/2016,Middlesbrough,Stoke,1,1,3,10,4,12,0.5,0.5,1,4,D,1,1
13/08/2016,Southampton,Watford,4,1,15,7,8,13,0.5,0.0,13,4,D,1,1
13/08/2016,Hull,Leicester,1,3,2,6,11,5,0.0,0.5,4,9,H,2,1
14/08/2016,Arsenal,Liverpool,4,2,9,2,7,7,0.41,0.19,11,6,A,3,4
14/08/2016,Bournemouth,Man Utd,1,2,5,12,9,5,0.5,0.5,1,10,A,1,3
15/08/2016,Chelsea,West Ham,0,2,10,8,11,9,0.65,0.19,6,9,H,2,1
19/08/2016,Man Utd,Southampton,4,3,10,6,15,7,0.67,0.22,10,13,H,2,0
20/08/2016,Leicester,Arsenal,4,1,10,5,10,6,0.0,0.7,8,8,D,0,0
20/08/2016,Stoke,Man City,1,2,5,9,11,8,0.19,0.5,5,8,A,1,4
20/08/2016,Burnley,Liverpool,0,2,2,2,9,8,0.0,1.0,7,8,H,2,0
20/08/2016,Watford,Chelsea,1,2,8,11,8,8,0.0,0.5,5,6,A,1,2
20/08/2016,Swansea,Hull,4,1,9,7,3,7,0.5,0.25,10,4,A,0,2
20/08/2016,West Brom,Everton,1,0,4,6,7,8,0.3,0.5,6,7,A,1,2
20/08/2016,Tottenham,Crystal Palace,2,0,6,11,3,9,0.5,0.25,3,3,H,1,0
21/08/2016,Sunderland,Middlesbrough,2,0,10,7,4,9,0.33,0.42,8,2,A,1,2
21/08/2016,West Ham,Bournemouth,2,2,9,10,5,13,0.5,0.5,6,1,H,1,0
27/08/2016,Hull,Man Utd,2,3,4,4,11,5,0.0,0.88,7,12,A,0,1
27/08/2016,Watford,Arsenal,1,1,6,11,10,6,0.0,1.0,2,8,A,1,3
27/08/2016,Tottenham,Liverpool,3,2,6,10,8,7,0.28,0.47,5,8,D,1,1
27/08/2016,Southampton,Sunderland,4,1,11,7,10,8,0.36,0.21,10,7,D,1,1
27/08/2016,Everton,Stoke,2,1,7,8,6,9,0.38,0.31,7,5,H,1,0
27/08/2016,Crystal Palace,Bournemouth,2,1,3,8,4,10,0.0,0.5,3,1,D,1,1
27/08/2016,Chelsea,Burnley,1,2,8,7,4,1,0.75,0.0,8,10,H,3,0
27/08/2016,Leicester,Swansea,3,2,6,5,9,5,0.75,0.25,6,10,H,2,1
28/08/2016,Man City,West Ham,3,1,11,9,7,10,0.54,0.25,8,6,H,3,1
28/08/2016,West Brom,Middlesbrough,0,1,4,7,6,8,0.38,0.5,5,5,D,0,0
10/09/2016,Bournemouth,West Brom,0,1,4,9,4,4,0.5,0.0,2,6,H,1,0
10/09/2016,Liverpool,Leicester,3,2,7,8,7,5,0.6,0.2,6,8,H,4,1
10/09/2016,Arsenal,Southampton,3,2,12,7,8,6,0.44,0.22,8,8,H,2,1
10/09/2016,Burnley,Hull,1,2,3,4,4,4,1.0,0.0,7,7,D,1,1
10/09/2016,Stoke,Tottenham,1,1,5,9,5,9,0.31,0.5,4,5,A,0,4
10/09/2016,West Ham,Watford,3,1,7,9,7,12,0.25,0.5,6,2,A,2,4
10/09/2016,Middlesbrough,Crystal Palace,1,0,5,5,4,8,1.0,0.0,6,4,A,1,2
10/09/2016,Man Utd,Man City,4,2,11,5,12,6,0.43,0.37,12,11,A,1,2
11/09/2016,Swansea,Chelsea,3,2,7,6,9,4,0.1,0.6,7,11,D,2,2
12/09/2016,Sunderland,Everton,2,1,8,7,7,5,0.23,0.54,5,10,A,0,3
16/09/2016,Chelsea,Liverpool,2,1,10,5,10,8,0.44,0.34,11,8,A,1,2
17/09/2016,Hull,Arsenal,1,1,5,3,12,6,0.12,0.75,8,10,A,1,4
17/09/2016,West Brom,West Ham,0,1,3,4,6,11,0.19,0.38,5,3,H,4,2
17/09/2016,Man City,Bournemouth,4,1,12,5,4,8,1.0,0.0,13,4,H,4,0
17/09/2016,Leicester,Burnley,3,2,5,8,4,5,0.5,0.0,5,7,H,3,0
17/09/2016,Everton,Middlesbrough,3,1,10,2,5,6,0.5,0.17,13,5,H,3,1
18/09/2016,Southampton,Swansea,3,2,7,7,5,7,0.62,0.12,5,5,H,1,0
18/09/2016,Tottenham,Sunderland,2,1,8,7,5,10,0.65,0.15,8,2,H,1,0
18/09/2016,Crystal Palace,Stoke,2,0,4,8,4,11,0.67,0.17,4,4,H,4,1
18/09/2016,Watford,Man Utd,1,3,9,10,10,4,0.0,1.0,5,12,H,3,1
24/09/2016,Man Utd,Leicester,3,1,8,6,7,7,0.7,0.1,9,7,H,4,1
24/09/2016,Bournemouth,Everton,1,2,3,9,10,3,0.0,0.5,4,13,H,1,0
24/09/2016,Arsenal,Chelsea,4,2,12,7,10,6,0.25,0.41,10,10,H,3,0
24/09/2016,Liverpool,Hull,3,2,11,8,6,7,0.38,0.25,10,7,H,5,1
24/09/2016,Sunderland,Crystal Palace,2,1,3,9,7,5,0.33,0.33,1,7,A,2,3
24/09/2016,Middlesbrough,Tottenham,0,2,5,7,8,2,0.28,0.33,5,11,A,1,2
24/09/2016,Swansea,Man City,2,2,4,7,15,4,0.1,0.7,4,15,A,1,3
24/09/2016,Stoke,West Brom,1,1,3,14,6,5,0.5,0.29,1,7,D,1,1
25/09/2016,West Ham,Southampton,3,2,7,13,4,6,0.43,0.29,3,5,A,0,3
26/09/2016,Burnley,Watford,1,1,3,8,10,9,0.0,0.0,4,7,H,2,0
30/09/2016,Everton,Crystal Palace,4,2,9,3,10,6,0.38,0.25,12,10,D,1,1
01/10/2016,Watford,Bournemouth,2,0,9,10,3,6,0.0,0.0,6,7,D,2,2
01/10/2016,Swansea,Liverpool,1,2,4,10,12,6,0.2,0.5,1,10,A,1,2
01/10/2016,Sunderland,West Brom,2,1,4,10,6,6,0.17,0.5,1,5,D,1,1
01/10/2016,Hull,Chelsea,1,1,5,11,8,8,0.0,0.75,4,7,A,0,2
01/10/2016,West Ham,Middlesbrough,2,1,6,14,5,8,0.57,0.29,3,4,D,1,1
02/10/2016,Burnley,Arsenal,2,2,5,7,12,3,0.0,0.75,7,13,A,0,1
02/10/2016,Leicester,Southampton,4,3,7,9,6,5,0.3,0.3,7,7,D,0,0
02/10/2016,Man Utd,Stoke,3,0,9,6,3,14,0.75,0.12,9,1,D,1,1
02/10/2016,Tottenham,Man City,2,3,9,2,16,4,0.53,0.33,13,15,H,2,0
15/10/2016,Crystal Palace,West Ham,2,1,11,6,6,15,0.5,0.33,11,1,A,0,1
15/10/2016,Arsenal,Swansea,4,2,13,3,5,10,0.4,0.5,15,1,H,3,2
15/10/2016,Bournemouth,Hull,2,2,5,7,3,13,0.0,0.0,8,1,H,6,1
15/10/2016,Man City,Everton,4,2,12,5,8,3,0.37,0.43,12,10,D,1,1
15/10/2016,West Brom,Tottenham,1,2,6,5,10,2,0.15,0.4,6,13,D,1,1
15/10/2016,Chelsea,Leicester,2,0,8,7,7,9,0.6,0.3,7,7,H,3,0
15/10/2016,Stoke,Sunderland,1,0,3,11,4,9,0.25,0.44,2,2,H,2,0
16/10/2016,Middlesbrough,Watford,0,1,4,8,10,10,0.5,0.5,2,7,A,0,1
16/10/2016,Southampton,Burnley,3,2,6,3,3,8,0.5,0.5,8,4,H,3,1
17/10/2016,Liverpool,Man Utd,3,3,14,5,8,7,0.34,0.59,13,7,D,0,0
22/10/2016,Swansea,Watford,0,2,6,11,10,7,0.5,0.5,1,10,D,0,0
22/10/2016,Liverpool,West Brom,3,1,13,4,7,6,0.6,0.2,13,6,H,2,1
22/10/2016,Leicester,Crystal Palace,3,2,5,11,10,6,0.5,0.5,4,10,H,3,1
22/10/2016,Hull,Stoke,1,0,4,18,5,10,0.12,0.5,1,5,A,0,2
22/10/2016,Burnley,Everton,2,2,4,8,8,4,0.25,0.75,4,8,H,2,1
22/10/2016,Bournemouth,Tottenham,3,2,10,7,10,2,0.0,1.0,10,13,D,0,0
22/10/2016,Arsenal,Middlesbrough,4,1,13,4,4,9,0.61,0.17,15,1,D,0,0
22/10/2016,West Ham,Sunderland,2,0,6,12,3,10,0.46,0.25,4,1,H,1,0
23/10/2016,Man City,Southampton,3,2,10,5,8,3,0.5,0.38,10,10,D,1,1
23/10/2016,Chelsea,Man Utd,3,2,8,7,7,7,0.38,0.25,7,5,H,4,0
29/10/2016,West Brom,Man City,1,3,8,7,9,5,0.2,0.65,6,8,A,0,4
29/10/2016,Watford,Hull,1,1,6,5,3,19,0.0,0.0,8,0,H,1,0
29/10/2016,Tottenham,Leicester,3,0,6,2,7,8,0.5,0.3,11,7,D,1,1
29/10/2016,Crystal Palace,Liverpool,2,3,9,8,11,4,0.5,0.38,7,13,A,2,4
29/10/2016,Middlesbrough,Bournemouth,0,0,3,7,9,7,0.0,0.0,2,8,H,2,0
29/10/2016,Man Utd,Burnley,3,2,6,9,5,8,0.5,0.25,5,6,D,0,0
29/10/2016,Sunderland,Arsenal,1,3,3,8,11,3,0.08,0.58,1,13,A,1,4
30/10/2016,Southampton,Chelsea,3,2,8,2,10,5,0.22,0.5,11,9,A,0,2
30/10/2016,Everton,West Ham,3,1,6,6,5,8,0.54,0.15,5,7,H,2,0
31/10/2016,Stoke,Swansea,2,2,7,6,4,9,0.4,0.3,8,1,H,3,1
05/11/2016,West Ham,Stoke,2,1,3,6,9,3,0.29,0.36,7,11,D,1,1
05/11/2016,Chelsea,Everton,4,2,11,3,5,5,0.5,0.19,12,5,H,5,0
05/11/2016,Man City,Middlesbrough,3,1,9,5,4,4,0.25,0.44,8,5,D,1,1
05/11/2016,Bournemouth,Sunderland,3,0,9,5,4,11,0.5,0.0,8,1,A,1,2
05/11/2016,Burnley,Crystal Palace,3,2,5,5,7,11,0.0,0.5,7,4,H,3,2
06/11/2016,Swansea,Man Utd,0,2,5,11,5,6,0.3,0.6,1,6,A,1,3
06/11/2016,Liverpool,Watford,3,2,13,5,4,4,0.75,0.25,13,8,H,6,1
06/11/2016,Arsenal,Tottenham,3,2,11,3,6,3,0.44,0.16,13,9,D,1,1
06/11/2016,Hull,Southampton,1,1,2,16,7,4,0.0,1.0,0,8,H,2,1
06/11/2016,Leicester,West Brom,3,1,5,9,4,9,0.5,0.25,5,3,A,1,2
19/11/2016,Sunderland,Hull,0,1,4,9,3,12,0.5,0.38,4,3,H,3,0
19/11/2016,Watford,Leicester,2,0,5,8,5,7,0.0,1.0,8,5,H,2,1
19/11/2016,Tottenham,West Ham,3,1,5,3,4,4,0.54,0.23,7,8,H,3,2
19/11/2016,Stoke,Bournemouth,2,0,9,3,9,7,1.0,0.0,11,5,A,0,1
19/11/2016,Crystal Palace,Man City,1,4,6,12,7,5,0.12,0.88,1,6,A,1,2
19/11/2016,Man Utd,Arsenal,2,4,4,6,9,4,0.47,0.25,6,11,D,1,1
19/11/2016,Everton,Swansea,3,1,5,9,5,11,0.5,0.1,5,1,D,1,1
19/11/2016,Southampton,Liverpool,2,3,5,6,14,5,0.39,0.44,5,13,D,0,0
20/11/2016,Middlesbrough,Chelsea,1,3,4,3,16,0,0.17,0.67,6,15,A,0,1
21/11/2016,West Brom,Burnley,1,1,5,9,6,7,0.5,0.0,5,7,H,4,0
26/11/2016,Burnley,Man City,3,4,6,10,9,4,0.25,0.25,7,9,A,1,2
26/11/2016,Liverpool,Sunderland,4,1,12,4,6,8,0.58,0.12,11,6,H,2,0
26/11/2016,Leicester,Middlesbrough,3,0,6,9,3,3,0.17,0.5,4,5,D,2,2
26/11/2016,Swansea,Crystal Palace,0,2,5,10,6,13,0.17,0.17,2,0,H,5,4
26/11/2016,Chelsea,Tottenham,4,2,15,0,6,5,0.5,0.12,15,7,H,2,1
26/11/2016,Hull,West Brom,1,1,3,13,8,8,0.33,0.17,3,7,D,1,1
27/11/2016,Watford,Stoke,3,1,5,7,8,3,0.5,0.5,10,10,A,0,1
27/11/2016,Southampton,Everton,2,1,5,6,5,9,0.22,0.44,5,5,H,1,0
27/11/2016,Arsenal,Bournemouth,3,1,9,5,8,5,1.0,0.0,9,7,H,3,1
27/11/2016,Man Utd,West Ham,1,1,4,6,5,6,0.62,0.19,6,7,D,1,1
03/12/2016,West Ham,Arsenal,1,4,5,7,9,4,0.15,0.62,5,9,A,1,5
03/12/2016,West Brom,Watford,2,2,8,8,4,8,0.0,0.5,7,7,H,3,1
03/12/2016,Tottenham,Swansea,3,0,6,6,8,11,0.8,0.0,6,5,H,5,0
03/12/2016,Sunderland,Leicester,1,0,6,8,8,8,0.12,0.5,6,5,H,2,1
03/12/2016,Stoke,Burnley,2,0,7,3,6,9,0.25,0.25,10,7,H,2,0
03/12/2016,Man City,Chelsea,2,3,10,4,14,1,0.27,0.6,11,15,A,1,3
03/12/2016,Crystal Palace,Southampton,1,1,10,17,3,5,0.12,0.62,0,5,H,3,0
04/12/2016,Bournemouth,Liverpool,3,3,3,7,14,4,0.0,1.0,4,13,H,4,3
04/12/2016,Everton,Man Utd,3,2,4,9,5,7,0.19,0.66,4,6,D,1,1
05/12/2016,Middlesbrough,Hull,1,0,5,4,3,8,0.5,0.5,6,4,H,1,0
10/12/2016,Arsenal,Stoke,3,2,14,5,7,3,0.56,0.25,11,10,H,3,1
10/12/2016,Hull,Crystal Palace,1,1,3,7,12,14,0.5,0.5,4,3,D,3,3
10/12/2016,Burnley,Bournemouth,3,1,4,10,7,10,0.0,0.0,4,6,H,3,2
10/12/2016,Swansea,Sunderland,1,1,8,16,8,8,0.2,0.2,4,9,H,3,0
10/12/2016,Watford,Everton,3,0,5,11,4,8,0.0,0.5,6,5,H,3,2
10/12/2016,Leicester,Man City,2,4,6,9,10,6,0.38,0.38,2,10,H,4,2
11/12/2016,Chelsea,West Brom,4,1,13,2,10,7,0.7,0.15,15,10,H,1,0
11/12/2016,Liverpool,West Ham,4,1,15,7,5,12,0.65,0.19,10,2,D,2,2
11/12/2016,Man Utd,Tottenham,1,1,6,4,11,6,0.62,0.12,7,8,H,1,0
11/12/2016,Southampton,Middlesbrough,3,0,2,7,6,4,0.3,0.3,4,8,H,1,0
13/12/2016,Everton,Arsenal,2,4,4,11,13,5,0.16,0.59,2,11,H,2,1
13/12/2016,Bournemouth,Leicester,3,0,9,11,9,10,0.0,0.0,6,4,H,1,0
14/12/2016,Man City,Watford,1,1,8,10,7,13,0.5,0.0,7,6,H,2,0
14/12/2016,Middlesbrough,Liverpool,2,3,4,5,13,7,0.22,0.39,5,8,A,0,3
14/12/2016,West Ham,Burnley,1,0,7,12,7,12,0.75,0.25,3,6,H,1,0
14/12/2016,Crystal Palace,Man Utd,2,1,13,13,7,4,0.0,0.75,4,9,A,1,2
14/12/2016,West Brom,Swansea,3,0,10,4,10,13,0.3,0.6,10,7,H,3,1
14/12/2016,Tottenham,Hull,4,0,10,6,6,9,0.62,0.12,7,5,H,3,0
14/12/2016,Sunderland,Chelsea,2,4,7,7,12,2,0.19,0.73,9,15,A,0,1
14/12/2016,Stoke,Southampton,3,1,5,5,3,5,0.25,0.25,7,7,D,0,0
17/12/2016,Stoke,Leicester,3,0,4,4,8,9,0.25,0.5,7,4,D,2,2
17/12/2016,Crystal Palace,Chelsea,1,5,12,12,8,2,0.25,0.75,4,15,A,0,1
17/12/2016,Middlesbrough,Swansea,2,0,3,7,10,13,0.0,0.0,4,7,H,3,0
17/12/2016,West Brom,Man Utd,3,2,11,4,6,4,0.15,0.65,10,9,A,0,2
17/12/2016,Sunderland,Watford,2,1,5,7,6,9,0.0,0.5,6,6,H,1,0
17/12/2016,West Ham,Hull,2,0,7,11,4,11,0.5,0.25,5,2,H,1,0
18/12/2016,Bournemouth,Southampton,3,0,9,9,2,3,0.5,0.5,9,8,A,1,3
18/12/2016,Man City,Arsenal,1,3,9,9,13,6,0.2,0.57,9,10,H,2,1
18/12/2016,Tottenham,Burnley,4,0,12,5,4,11,0.5,0.25,9,3,H,2,1
19/12/2016,Everton,Liverpool,2,3,6,7,10,6,0.09,0.53,5,8,A,0,1
26/12/2016,Watford,Crystal Palace,3,0,4,9,11,11,0.5,0.5,3,4,D,1,1
26/12/2016,Swansea,West Ham,2,1,9,15,6,8,0.25,0.38,6,8,A,1,4
26/12/2016,Man Utd,Sunderland,1,1,7,3,3,7,0.73,0.08,11,6,H,3,1
26/12/2016,Leicester,Everton,2,0,9,9,5,7,0.2,0.2,5,4,A,0,2
26/12/2016,Hull,Man City,1,3,4,9,9,9,0.12,0.5,2,9,A,0,3
26/12/2016,Chelsea,Bournemouth,5,1,8,2,9,12,0.5,0.5,15,6,H,3,0
26/12/2016,Burnley,Middlesbrough,3,0,5,9,6,6,0.0,0.0,3,7,H,1,0
26/12/2016,Arsenal,West Brom,3,1,13,7,7,6,0.7,0.15,9,7,H,1,0
27/12/2016,Liverpool,Stoke,3,2,11,6,6,5,0.44,0.25,10,8,H,4,1
28/12/2016,Southampton,Tottenham,3,0,5,4,11,4,0.39,0.5,10,9,A,1,4
30/12/2016,Hull,Everton,1,1,3,11,7,6,0.25,0.5,1,7,D,2,2
31/12/2016,Swansea,Bournemouth,2,1,5,15,8,12,0.0,0.5,3,6,A,0,3
31/12/2016,Southampton,West Brom,2,1,5,8,6,6,0.33,0.33,7,6,A,1,2
31/12/2016,Man Utd,Middlesbrough,2,0,9,3,4,5,0.56,0.22,13,6,H,2,1
31/12/2016,Burnley,Sunderland,4,1,5,7,4,8,0.25,0.5,6,6,H,4,1
31/12/2016,Leicester,West Ham,2,1,7,9,9,8,0.5,0.25,4,10,H,1,0
31/12/2016,Chelsea,Stoke,5,2,9,1,6,9,0.69,0.12,15,5,H,4,2
31/12/2016,Liverpool,Man City,4,4,13,7,10,8,0.47,0.2,10,9,H,1,0
01/01/2017,Arsenal,Crystal Palace,3,0,11,6,8,7,0.75,0.0,9,5,H,2,0
01/01/2017,Watford,Tottenham,3,1,5,9,14,3,0.0,0.75,4,12,A,1,4
02/01/2017,Everton,Southampton,2,1,8,7,6,7,0.42,0.26,7,7,H,3,0
02/01/2017,Man City,Burnley,2,0,9,6,9,6,0.4,0.2,9,9,H,2,1
02/01/2017,Middlesbrough,Leicester,3,0,4,7,7,7,0.43,0.14,3,7,D,0,0
02/01/2017,Sunderland,Liverpool,3,3,3,11,11,3,0.11,0.59,3,13,D,2,2
02/01/2017,West Brom,Hull,3,0,5,6,5,12,0.14,0.29,6,2,H,3,1
02/01/2017,West Ham,Man Utd,3,3,8,4,10,3,0.19,0.59,10,15,A,0,2
03/01/2017,Stoke,Watford,2,0,6,13,5,10,0.67,0.33,2,4,H,2,0
03/01/2017,Crystal Palace,Swansea,1,0,5,9,5,13,0.14,0.29,2,3,A,1,2
03/01/2017,Bournemouth,Arsenal,2,2,7,9,8,5,0.0,1.0,6,9,D,3,3
04/01/2017,Tottenham,Chelsea,4,5,13,4,10,2,0.12,0.52,12,15,H,2,0
14/01/2017,Watford,Middlesbrough,2,0,2,10,4,6,0.67,0.33,1,4,D,0,0
14/01/2017,Tottenham,West Brom,5,2,15,3,8,6,0.38,0.14,15,9,H,4,0
14/01/2017,West Ham,Crystal Palace,2,0,6,4,3,8,0.43,0.43,9,1,H,3,0
14/01/2017,Swansea,Arsenal,2,1,4,14,8,7,0.45,0.45,3,7,A,0,4
14/01/2017,Burnley,Southampton,4,1,7,6,5,10,0.33,0.67,6,4,H,1,0
14/01/2017,Leicester,Chelsea,2,4,3,5,9,4,0.27,0.64,5,12,A,0,3
14/01/2017,Sunderland,Stoke,3,1,5,10,7,10,0.41,0.29,4,5,A,1,3
14/01/2017,Hull,Bournemouth,1,2,3,12,8,9,0.0,1.0,1,7,H,3,1
15/01/2017,Everton,Man City,2,3,9,4,9,3,0.42,0.35,10,12,H,4,0
15/01/2017,Man Utd,Liverpool,3,2,11,3,11,3,0.58,0.33,15,13,D,1,1
21/01/2017,West Brom,Sunderland,4,1,5,9,6,12,0.47,0.16,6,4,H,2,0
21/01/2017,Middlesbrough,West Ham,2,1,4,3,8,4,0.27,0.53,5,9,A,1,3
21/01/2017,Man City,Tottenham,3,2,7,7,16,3,0.32,0.55,9,15,D,2,2
21/01/2017,Stoke,Man Utd,2,4,10,11,10,3,0.12,0.71,7,13,D,1,1
21/01/2017,Crystal Palace,Everton,1,1,2,9,11,3,0.22,0.33,1,10,A,0,1
21/01/2017,Bournemouth,Watford,2,0,8,12,2,8,0.0,0.0,4,2,D,2,2
21/01/2017,Liverpool,Swansea,4,1,9,4,3,15,0.55,0.18,11,3,A,2,3
22/01/2017,Arsenal,Burnley,4,0,11,5,8,5,0.8,0.0,10,9,H,2,1
22/01/2017,Chelsea,Hull,5,0,11,4,6,10,0.78,0.0,12,4,H,2,0
22/01/2017,Southampton,Leicester,2,0,5,11,3,7,0.27,0.27,3,5,H,3,0
31/01/2017,Arsenal,Watford,5,0,12,4,4,9,1.0,0.0,13,3,A,1,2
31/01/2017,Burnley,Leicester,4,0,8,5,1,8,0.0,0.67,9,4,H,1,0
31/01/2017,Bournemouth,Crystal Palace,2,0,9,11,2,9,0.33,0.0,5,1,A,0,2
31/01/2017,Liverpool,Chelsea,3,4,10,7,12,4,0.36,0.42,8,12,D,1,1
31/01/2017,Middlesbrough,West Brom,2,1,2,6,7,7,0.44,0.33,2,9,D,1,1
31/01/2017,Sunderland,Tottenham,2,2,5,14,16,4,0.15,0.67,1,13,D,0,0
31/01/2017,Swansea,Southampton,2,1,6,14,5,10,0.11,0.67,6,3,H,2,1
01/02/2017,Man Utd,Hull,3,0,9,4,6,11,0.89,0.0,11,4,D,0,0
01/02/2017,Stoke,Everton,2,2,9,10,12,2,0.29,0.41,7,13,D,1,1
01/02/2017,West Ham,Man City,3,2,10,5,7,8,0.24,0.56,9,7,A,0,4
04/02/2017,Tottenham,Middlesbrough,5,0,12,3,3,6,0.37,0.26,11,3,H,1,0
04/02/2017,West Brom,Stoke,4,2,8,7,9,7,0.27,0.47,10,8,H,1,0
04/02/2017,Watford,Burnley,1,0,5,9,8,5,0.0,1.0,5,9,H,2,1
04/02/2017,Southampton,West Ham,3,2,5,8,6,8,0.33,0.4,3,6,A,1,3
04/02/2017,Hull,Liverpool,1,2,6,8,7,7,0.22,0.44,5,6,H,2,0
04/02/2017,Everton,Bournemouth,3,1,11,3,9,10,0.33,0.33,11,5,H,6,3
04/02/2017,Crystal Palace,Sunderland,1,0,3,8,4,11,0.43,0.29,3,2,A,0,4
04/02/2017,Chelsea,Arsenal,5,2,10,5,12,6,0.39,0.27,10,10,H,3,1
05/02/2017,Leicester,Man Utd,2,3,1,7,6,3,0.09,0.73,4,9,A,0,3
05/02/2017,Man City,Swansea,3,2,8,8,7,11,0.73,0.09,7,9,H,2,1
11/02/2017,Sunderland,Southampton,1,1,7,7,5,9,0.2,0.33,5,3,A,0,4
11/02/2017,Liverpool,Tottenham,2,2,6,9,9,2,0.45,0.27,3,11,H,2,0
11/02/2017,Arsenal,Hull,4,0,11,9,6,6,0.78,0.11,7,7,H,2,0
11/02/2017,Man Utd,Watford,3,1,7,2,6,6,0.8,0.2,9,8,H,2,0
11/02/2017,West Ham,West Brom,3,1,9,8,7,6,0.35,0.24,9,10,D,2,2
11/02/2017,Stoke,Crystal Palace,1,1,7,4,3,10,0.14,0.71,8,3,H,1,0
11/02/2017,Middlesbrough,Everton,1,2,2,5,15,4,0.16,0.53,3,13,D,0,0
12/02/2017,Burnley,Chelsea,5,3,5,6,9,4,0.0,0.8,6,10,D,1,1
12/02/2017,Swansea,Leicester,2,0,8,10,0,10,0.2,0.8,9,1,H,2,0
13/02/2017,Bournemouth,Man City,1,2,9,16,10,8,0.0,1.0,2,10,A,0,2
25/02/2017,West Brom,Bournemouth,4,1,6,7,6,15,0.0,0.67,8,1,H,2,1
25/02/2017,Watford,West Ham,2,3,6,6,11,8,0.6,0.2,8,10,D,1,1
25/02/2017,Hull,Burnley,2,0,5,5,5,5,0.0,0.8,7,7,D,1,1
25/02/2017,Crystal Palace,Middlesbrough,0,0,2,9,2,5,0.33,0.67,3,3,H,1,0
25/02/2017,Chelsea,Swansea,5,2,10,3,8,9,0.55,0.09,11,9,H,3,1
25/02/2017,Everton,Sunderland,4,1,12,4,5,9,0.56,0.22,11,4,H,2,0
26/02/2017,Tottenham,Stoke,5,1,7,4,6,4,0.53,0.29,8,8,H,4,0
27/02/2017,Leicester,Liverpool,2,2,0,12,6,7,0.18,0.64,0,5,H,3,1
04/03/2017,West Brom,Crystal Palace,4,1,8,4,3,6,0.44,0.33,11,6,A,0,2
04/03/2017,Watford,Southampton,1,2,7,7,9,6,0.0,0.33,8,6,A,3,4
04/03/2017,Swansea,Burnley,2,0,9,8,5,6,1.0,0.0,9,5,H,3,2
04/03/2017,Man Utd,Bournemouth,3,1,7,2,6,14,0.67,0.33,9,1,D,1,1
04/03/2017,Liverpool,Arsenal,3,1,6,9,10,6,0.21,0.39,4,9,H,3,1
04/03/2017,Leicester,Hull,2,0,3,10,3,5,0.33,0.33,3,5,H,3,1
04/03/2017,Stoke,Middlesbrough,2,0,3,7,2,6,0.33,0.33,5,2,H,2,0
05/03/2017,Sunderland,Man City,1,3,4,8,10,7,0.2,0.68,4,10,A,0,2
05/03/2017,Tottenham,Everton,5,2,7,4,10,4,0.39,0.21,8,11,H,3,2
06/03/2017,West Ham,Chelsea,2,2,9,9,10,4,0.19,0.67,8,11,A,1,2
08/03/2017,Man City,Stoke,4,1,12,3,4,6,0.53,0.18,13,7,D,0,0
11/03/2017,Everton,West Brom,4,1,11,7,6,6,0.52,0.29,8,8,H,3,0
11/03/2017,Bournemouth,West Ham,0,3,5,13,7,10,0.33,0.67,1,5,H,3,2
11/03/2017,Hull,Swansea,2,2,4,6,9,8,0.4,0.4,5,9,H,2,1
12/03/2017,Liverpool,Burnley,3,0,7,7,6,7,0.8,0.2,7,5,H,2,1
18/03/2017,Sunderland,Burnley,0,0,4,8,6,9,0.4,0.4,4,2,D,0,0
18/03/2017,West Brom,Arsenal,4,1,5,8,7,9,0.14,0.71,7,6,H,3,1
18/03/2017,West Ham,Leicester,1,0,9,9,6,8,0.22,0.56,5,6,A,2,3
18/03/2017,Everton,Hull,5,0,13,6,6,7,0.44,0.22,10,7,H,4,0
18/03/2017,Crystal Palace,Watford,1,1,5,5,8,9,0.33,0.33,9,7,H,1,0
18/03/2017,Bournemouth,Swansea,1,2,8,13,8,9,0.67,0.0,4,6,H,2,0
18/03/2017,Stoke,Chelsea,3,2,3,5,10,5,0.12,0.71,7,11,A,1,2
19/03/2017,Man City,Liverpool,3,1,10,1,8,7,0.19,0.48,13,9,D,1,1
19/03/2017,Middlesbrough,Man Utd,1,4,1,5,7,2,0.21,0.58,2,9,A,1,3
19/03/2017,Tottenham,Southampton,5,2,8,4,13,8,0.53,0.37,10,9,H,2,1
01/04/2017,Burnley,Tottenham,4,2,5,7,10,5,0.2,0.6,3,12,A,0,2
01/04/2017,Leicester,Stoke,3,1,9,9,4,6,0.4,0.2,9,7,H,2,0
01/04/2017,Chelsea,Crystal Palace,5,2,11,5,4,5,0.78,0.22,13,9,A,1,2
01/04/2017,Hull,West Ham,3,2,4,11,8,11,0.22,0.56,4,2,H,2,1
01/04/2017,Liverpool,Everton,3,1,9,6,11,3,0.55,0.09,10,10,H,3,1
01/04/2017,Man Utd,West Brom,2,1,9,2,7,9,0.67,0.14,11,7,D,0,0
01/04/2017,Watford,Sunderland,1,1,6,9,4,8,0.33,0.33,4,4,H,1,0
01/04/2017,Southampton,Bournemouth,2,1,11,10,7,7,0.67,0.33,6,7,D,0,0
02/04/2017,Arsenal,Man City,4,3,6,11,7,2,0.55,0.23,3,11,D,2,2
02/04/2017,Swansea,Middlesbrough,3,0,7,9,1,7,0.0,1.0,6,1,D,0,0
04/04/2017,Leicester,Sunderland,3,1,11,6,0,9,0.44,0.22,12,1,H,2,0
04/04/2017,Burnley,Stoke,3,1,4,8,3,8,0.2,0.4,2,4,H,1,0
04/04/2017,Man Utd,Everton,1,1,9,2,12,6,0.64,0.18,11,9,D,1,1
04/04/2017,Watford,West Brom,2,0,5,8,5,7,0.33,0.33,4,7,H,2,0
05/04/2017,Arsenal,West Ham,3,2,7,11,7,11,0.63,0.15,4,1,H,3,0
05/04/2017,Chelsea,Man City,4,3,9,6,7,3,0.61,0.26,10,9,H,2,1
05/04/2017,Hull,Middlesbrough,4,0,6,10,1,6,0.33,0.67,7,2,H,4,2
05/04/2017,Liverpool,Bournemouth,4,0,10,7,7,5,0.67,0.33,10,8,D,2,2
05/04/2017,Southampton,Crystal Palace,1,3,10,8,6,2,0.56,0.22,7,12,H,3,1
05/04/2017,Swansea,Tottenham,3,2,5,9,11,5,0.0,0.82,4,12,A,1,3
08/04/2017,Bournemouth,Chelsea,2,3,8,5,10,6,0.33,0.67,9,12,A,1,3
08/04/2017,Tottenham,Watford,5,1,14,4,7,6,0.8,0.0,15,7,H,4,0
08/04/2017,West Ham,Swansea,1,1,6,13,5,9,0.44,0.22,0,4,H,1,0
08/04/2017,Stoke,Liverpool,2,0,3,5,11,6,0.24,0.47,4,11,A,1,2
08/04/2017,West Brom,Southampton,4,2,3,8,12,6,0.38,0.31,4,10,A,0,1
08/04/2017,Man City,Hull,2,0,6,5,9,11,0.56,0.11,6,9,H,3,1
08/04/2017,Middlesbrough,Burnley,0,0,3,10,4,7,0.0,1.0,1,4,D,0,0
09/04/2017,Sunderland,Man Utd,0,4,0,7,7,3,0.07,0.74,1,9,A,0,3
09/04/2017,Everton,Leicester,5,1,11,7,13,4,0.27,0.18,7,15,H,4,2
10/04/2017,Crystal Palace,Arsenal,2,1,7,4,9,8,0.0,0.78,12,7,H,3,0
15/04/2017,Watford,Swansea,3,0,6,9,2,8,0.33,0.33,6,1,H,1,0
15/04/2017,Tottenham,Bournemouth,5,0,14,4,8,7,0.67,0.0,15,8,H,4,0
15/04/2017,Sunderland,West Ham,0,1,0,8,6,11,0.24,0.48,1,3,D,2,2
15/04/2017,Southampton,Man City,2,3,9,6,7,6,0.35,0.47,10,6,A,0,3
15/04/2017,Everton,Burnley,5,0,13,6,2,4,0.6,0.4,10,5,H,3,1
15/04/2017,Crystal Palace,Leicester,3,1,9,4,12,7,0.4,0.6,12,12,D,2,2
15/04/2017,Stoke,Hull,2,0,2,7,9,11,0.56,0.11,1,9,H,3,1
16/04/2017,Man Utd,Chelsea,1,3,8,3,10,6,0.24,0.39,9,12,H,2,0
16/04/2017,West Brom,Liverpool,3,1,3,7,10,6,0.19,0.62,4,11,A,0,1
17/04/2017,Middlesbrough,Arsenal,0,1,3,9,7,11,0.16,0.58,2,4,A,1,2
22/04/2017,Hull,Watford,4,1,8,13,4,5,0.0,1.0,6,9,H,2,0
22/04/2017,West Ham,Everton,1,0,6,10,13,7,0.15,0.56,4,10,D,0,0
22/04/2017,Swansea,Stoke,3,0,1,7,5,8,0.27,0.45,1,3,H,2,0
22/04/2017,Bournemouth,Middlesbrough,2,0,5,9,4,9,0.0,1.0,5,2,H,4,0
23/04/2017,Liverpool,Crystal Palace,4,3,9,5,9,6,0.44,0.44,11,10,A,1,2
23/04/2017,Burnley,Man Utd,3,4,2,5,9,2,0.2,0.4,5,11,A,0,2
25/04/2017,Chelsea,Southampton,4,3,8,7,5,6,0.53,0.21,9,7,H,4,2
26/04/2017,Arsenal,Leicester,3,1,8,9,11,8,0.64,0.0,7,10,H,1,0
26/04/2017,Crystal Palace,Tottenham,3,2,10,7,15,2,0.22,0.56,10,15,A,0,1
26/04/2017,Middlesbrough,Sunderland,0,1,3,10,2,8,0.46,0.31,2,2,H,1,0
27/04/2017,Man City,Man Utd,2,4,10,6,8,1,0.39,0.42,8,11,D,0,0
29/04/2017,West Brom,Leicester,2,1,3,5,8,7,0.4,0.4,4,7,A,0,1
29/04/2017,Sunderland,Bournemouth,0,0,2,9,7,9,0.33,0.33,1,5,A,0,1
29/04/2017,Crystal Palace,Burnley,3,0,8,7,2,7,0.33,0.33,7,4,A,0,2
29/04/2017,Southampton,Hull,2,0,6,8,10,9,0.8,0.2,7,9,D,0,0
29/04/2017,Stoke,West Ham,3,0,4,8,4,7,0.33,0.27,3,5,D,0,0
30/04/2017,Tottenham,Arsenal,5,1,14,1,8,6,0.15,0.42,15,10,H,2,0
30/04/2017,Everton,Chelsea,5,3,9,7,10,8,0.18,0.52,8,9,A,0,3
30/04/2017,Man Utd,Swansea,2,0,8,1,3,5,0.64,0.27,11,4,D,1,1
30/04/2017,Middlesbrough,Man City,1,3,4,10,9,5,0.41,0.24,4,8,D,2,2
01/05/2017,Watford,Liverpool,3,2,4,6,9,6,0.2,0.8,9,10,A,0,1
05/05/2017,West Ham,Tottenham,1,3,3,5,14,1,0.22,0.56,6,15,H,1,0
06/05/2017,Man City,Crystal Palace,2,3,9,5,7,6,0.89,0.11,8,7,H,5,0
06/05/2017,Swansea,Everton,3,0,4,6,8,7,0.09,0.45,4,8,H,1,0
06/05/2017,Leicester,Watford,4,1,7,7,3,7,0.67,0.33,7,6,H,3,0
06/05/2017,Burnley,West Brom,2,0,4,5,0,5,0.0,0.67,7,1,D,2,2
06/05/2017,Bournemouth,Stoke,3,0,8,9,4,6,0.33,0.67,7,4,D,2,2
06/05/2017,Hull,Sunderland,4,1,8,8,2,9,0.33,0.56,7,1,A,0,2
07/05/2017,Arsenal,Man Utd,3,4,6,6,8,1,0.24,0.45,9,11,H,2,0
07/05/2017,Liverpool,Southampton,3,3,7,5,6,8,0.42,0.37,10,7,D,0,0
08/05/2017,Chelsea,Middlesbrough,4,0,12,6,4,8,0.68,0.16,12,5,H,3,0
10/05/2017,Southampton,Arsenal,1,1,3,7,5,6,0.21,0.47,5,9,A,0,2
12/05/2017,West Brom,Chelsea,1,4,2,7,13,5,0.14,0.71,1,12,A,0,1
12/05/2017,Everton,Watford,4,0,7,7,1,10,0.4,0.2,7,3,H,1,0
13/05/2017,Bournemouth,Burnley,3,1,8,9,5,7,0.0,1.0,7,5,H,2,1
13/05/2017,Man City,Leicester,2,2,13,3,8,7,0.33,0.44,11,7,H,2,1
13/05/2017,Middlesbrough,Southampton,1,2,4,11,2,9,0.27,0.36,4,2,A,1,2
13/05/2017,Stoke,Arsenal,2,2,6,7,7,3,0.24,0.59,5,12,A,1,4
13/05/2017,Sunderland,Swansea,0,0,4,7,4,3,0.18,0.27,4,7,A,0,2
14/05/2017,Crystal Palace,Hull,2,0,4,11,4,8,0.4,0.4,4,4,H,4,0
14/05/2017,West Ham,Liverpool,2,3,4,2,5,3,0.19,0.63,9,10,A,0,4
14/05/2017,Tottenham,Man Utd,5,3,11,1,5,3,0.12,0.64,12,8,H,2,1
15/05/2017,Chelsea,Watford,4,0,11,4,1,7,0.6,0.0,12,3,H,4,3
16/05/2017,Arsenal,Sunderland,4,1,9,3,4,6,0.59,0.07,12,4,H,2,0
16/05/2017,Man City,West Brom,3,0,12,3,2,6,0.67,0.19,11,1,H,3,1
17/05/2017,Southampton,Man Utd,1,2,4,7,4,5,0.21,0.68,5,5,D,0,0
18/05/2017,Leicester,Tottenham,5,3,7,5,9,2,0.27,0.45,7,12,A,1,6
21/05/2017,Watford,Man City,3,2,3,11,12,4,0.0,0.6,0,11,A,0,5
21/05/2017,Southampton,Stoke,1,0,2,3,6,9,0.22,0.22,6,5,A,0,1
21/05/2017,Man Utd,Crystal Palace,1,3,2,5,6,9,0.78,0.0,3,6,H,2,0
21/05/2017,Liverpool,Middlesbrough,2,0,7,2,4,11,0.42,0.21,10,4,H,3,0
21/05/2017,Leicester,Bournemouth,4,1,6,9,9,7,0.0,0.33,6,10,D,1,1
21/05/2017,Hull,Tottenham,4,4,3,9,11,3,0.11,0.67,4,12,A,1,7
21/05/2017,Chelsea,Sunderland,4,1,15,5,2,6,0.74,0.19,15,3,H,5,1
21/05/2017,Burnley,West Ham,1,0,6,9,3,6,0.2,0.8,4,6,A,1,2
21/05/2017,Arsenal,Everton,4,0,10,3,4,5,0.58,0.18,12,7,H,3,1
21/05/2017,Swansea,West Brom,3,0,6,2,3,8,0.55,0.36,10,1,H,2,1
11/08/2017,Arsenal,Leicester,5,1,13,2,7,9,0.67,0.0,15,7,H,4,3
12/08/2017,West Brom,Bournemouth,1,1,4,9,10,4,0.25,0.5,1,11,H,1,0
12/08/2017,Watford,Liverpool,3,4,3,14,9,2,0.17,0.83,0,10,D,3,3
12/08/2017,Southampton,Swansea,0,1,2,4,8,2,0.6,0.2,5,13,D,0,0
12/08/2017,Crystal Palace,Huddersfield,2,0,4,10,0,0,0.0,0.0,3,0,A,0,3
12/08/2017,Everton,Stoke,4,1,2,7,4,8,0.39,0.28,4,5,H,1,0
12/08/2017,Chelsea,Burnley,5,1,16,4,6,8,0.67,0.0,15,4,A,2,3
12/08/2017,Brighton,Man City,0,2,0,0,17,4,0.0,0.0,0,13,A,0,2
13/08/2017,Man Utd,West Ham,2,1,4,5,3,5,0.61,0.18,5,8,H,4,0
13/08/2017,Newcastle,Tottenham,3,4,9,4,17,4,0.53,0.4,9,12,A,0,2
19/08/2017,Swansea,Man Utd,3,1,6,2,7,4,0.25,0.58,11,7,A,0,4
19/08/2017,Stoke,Arsenal,1,3,4,7,15,5,0.22,0.61,5,15,H,1,0
19/08/2017,Southampton,West Ham,0,1,2,4,3,9,0.31,0.44,5,7,H,3,2
19/08/2017,Liverpool,Crystal Palace,2,2,11,3,4,12,0.4,0.5,11,3,H,1,0
19/08/2017,Leicester,Brighton,3,0,9,13,0,2,0.0,0.0,4,0,H,2,0
19/08/2017,Burnley,West Brom,1,0,9,8,5,8,0.0,0.5,7,4,A,0,1
19/08/2017,Bournemouth,Watford,3,0,6,5,6,16,0.0,0.0,8,1,A,0,2
20/08/2017,Tottenham,Chelsea,5,4,17,4,15,7,0.15,0.5,12,12,A,1,2
20/08/2017,Huddersfield,Newcastle,0,0,3,0,8,5,0.0,0.0,3,8,H,1,0
21/08/2017,Man City,Everton,4,0,17,2,3,7,0.34,0.44,15,6,D,1,1
26/08/2017,Watford,Brighton,2,0,8,13,0,4,0.0,0.0,4,0,D,0,0
26/08/2017,Newcastle,West Ham,3,1,6,4,5,12,0.46,0.25,7,6,H,3,0
26/08/2017,Huddersfield,Southampton,1,2,4,0,5,4,0.0,0.0,6,8,D,0,0
26/08/2017,Bournemouth,Man City,2,3,5,7,13,3,0.0,1.0,5,13,A,1,2
26/08/2017,Crystal Palace,Swansea,1,1,4,11,5,5,0.12,0.38,3,10,A,0,2
26/08/2017,Man Utd,Leicester,3,1,11,2,8,13,0.75,0.08,10,4,H,2,0
27/08/2017,Liverpool,Arsenal,2,3,11,3,13,6,0.24,0.38,11,12,H,4,0
27/08/2017,Chelsea,Everton,4,0,14,8,4,5,0.53,0.18,12,7,H,2,0
27/08/2017,Tottenham,Burnley,4,2,18,5,7,9,0.67,0.17,12,4,D,1,1
27/08/2017,West Brom,Stoke,1,1,4,6,5,7,0.31,0.44,6,7,D,1,1
09/09/2017,Everton,Tottenham,4,4,4,6,17,5,0.21,0.41,7,10,A,0,3
09/09/2017,Man City,Liverpool,3,4,13,3,15,3,0.19,0.47,13,13,H,5,0
09/09/2017,Leicester,Chelsea,3,4,7,13,15,8,0.25,0.67,4,12,A,1,2
09/09/2017,Southampton,Watford,1,1,3,3,8,12,0.5,0.0,6,5,A,0,2
09/09/2017,Brighton,West Brom,0,1,0,4,5,6,0.0,0.0,1,7,H,3,1
09/09/2017,Arsenal,Bournemouth,5,1,9,9,4,7,0.75,0.0,9,4,H,3,0
09/09/2017,Stoke,Man Utd,2,1,4,6,12,0,0.11,0.67,7,13,D,2,2
10/09/2017,Burnley,Crystal Palace,1,1,6,8,4,8,0.5,0.25,4,3,H,1,0
10/09/2017,Swansea,Newcastle,3,0,6,5,8,4,0.6,0.2,10,7,A,0,1
11/09/2017,West Ham,Huddersfield,2,1,4,15,4,0,0.0,0.0,3,7,H,2,0
15/09/2017,Bournemouth,Brighton,2,0,2,9,3,5,0.0,0.0,1,4,H,2,1
16/09/2017,Crystal Palace,Southampton,1,2,0,9,3,5,0.2,0.6,0,5,A,0,1
16/09/2017,Huddersfield,Leicester,1,1,4,2,7,9,0.0,0.0,7,4,D,1,1
16/09/2017,Liverpool,Burnley,3,2,11,8,6,6,0.83,0.17,10,7,D,1,1
16/09/2017,Newcastle,Stoke,3,1,9,4,5,4,0.29,0.43,9,8,H,2,1
16/09/2017,Tottenham,Swansea,3,2,14,4,4,6,0.83,0.0,10,7,D,0,0
16/09/2017,Watford,Man City,1,4,7,8,15,2,0.0,0.67,8,13,A,0,6
16/09/2017,West Brom,West Ham,1,1,5,6,6,11,0.22,0.33,7,6,D,0,0
17/09/2017,Chelsea,Arsenal,4,2,13,6,10,9,0.41,0.26,12,9,D,0,0
17/09/2017,Man Utd,Everton,4,0,14,2,3,9,0.62,0.18,13,4,H,4,0
23/09/2017,Burnley,Huddersfield,1,1,6,5,5,3,0.0,0.0,8,8,D,0,0
23/09/2017,Leicester,Liverpool,2,3,7,9,9,9,0.25,0.58,4,8,A,2,3
23/09/2017,Man City,Crystal Palace,4,1,16,2,0,8,0.9,0.1,13,0,H,5,0
23/09/2017,Everton,Bournemouth,3,1,2,10,3,9,0.5,0.25,4,3,H,2,1
23/09/2017,Swansea,Watford,3,2,2,5,7,9,0.25,0.5,5,8,A,1,2
23/09/2017,West Ham,Tottenham,3,4,4,10,7,3,0.25,0.54,4,8,A,2,3
23/09/2017,Stoke,Chelsea,2,4,5,6,8,5,0.11,0.72,5,10,A,0,4
23/09/2017,Southampton,Man Utd,1,1,4,4,16,2,0.2,0.65,8,13,A,0,1
24/09/2017,Brighton,Newcastle,1,1,4,7,6,4,0.0,0.0,4,9,H,1,0
25/09/2017,Arsenal,West Brom,5,1,7,8,4,4,0.68,0.18,7,8,H,2,0
30/09/2017,West Ham,Swansea,2,2,6,9,3,7,0.5,0.2,4,4,H,1,0
30/09/2017,West Brom,Watford,1,3,3,6,6,7,0.25,0.5,5,10,D,2,2
30/09/2017,Stoke,Southampton,1,2,5,9,4,5,0.3,0.2,5,7,H,2,1
30/09/2017,Man Utd,Crystal Palace,4,0,13,2,0,10,0.8,0.0,13,0,H,4,0
30/09/2017,Chelsea,Man City,3,4,10,2,19,2,0.62,0.25,13,13,A,0,1
30/09/2017,Bournemouth,Leicester,2,1,4,10,6,8,0.25,0.0,3,4,D,0,0
30/09/2017,Huddersfield,Tottenham,1,5,2,3,8,5,0.0,0.0,6,8,A,0,4
01/10/2017,Arsenal,Brighton,5,0,5,5,5,5,0.0,0.0,7,7,H,2,0
01/10/2017,Everton,Burnley,3,2,3,11,3,3,0.67,0.33,4,6,A,0,1
01/10/2017,Newcastle,Liverpool,4,3,6,3,9,8,0.27,0.53,9,10,D,1,1
14/10/2017,Crystal Palace,Chelsea,1,5,0,13,8,2,0.3,0.7,0,10,H,2,1
14/10/2017,Burnley,West Ham,1,1,4,2,5,6,0.17,0.83,9,7,D,1,1
14/10/2017,Liverpool,Man Utd,3,2,9,9,13,2,0.32,0.56,8,13,D,0,0
14/10/2017,Man City,Stoke,4,1,19,1,6,10,0.5,0.17,15,5,H,7,2
14/10/2017,Watford,Arsenal,0,2,6,9,7,4,0.17,0.83,8,10,H,2,1
14/10/2017,Swansea,Huddersfield,2,1,3,4,1,7,0.0,0.0,4,3,H,2,0
14/10/2017,Tottenham,Bournemouth,2,1,11,3,4,8,0.75,0.0,11,4,H,1,0
15/10/2017,Brighton,Everton,2,0,5,5,2,11,0.0,0.0,7,3,D,1,1
15/10/2017,Southampton,Newcastle,1,1,2,5,7,3,0.39,0.33,4,10,D,2,2
16/10/2017,Leicester,West Brom,1,1,4,8,4,8,0.5,0.33,2,3,D,1,1
20/10/2017,West Ham,Brighton,3,0,6,4,6,6,0.0,0.0,8,7,A,0,3
21/10/2017,Man City,Burnley,4,2,24,2,4,2,0.5,0.17,15,9,H,3,0
21/10/2017,Newcastle,Crystal Palace,3,0,6,5,2,12,0.5,0.12,8,3,H,1,0
21/10/2017,Chelsea,Watford,2,3,7,4,8,10,0.67,0.0,7,10,H,4,2
21/10/2017,Huddersfield,Man Utd,1,2,1,9,11,2,0.0,0.0,2,11,H,2,1
21/10/2017,Southampton,West Brom,1,1,4,7,4,8,0.36,0.36,4,3,H,1,0
21/10/2017,Stoke,Bournemouth,2,0,7,16,3,7,0.5,0.25,4,4,A,1,2
21/10/2017,Swansea,Leicester,2,0,3,4,5,7,0.33,0.67,4,3,A,1,2
22/10/2017,Everton,Arsenal,3,1,3,10,8,2,0.18,0.59,4,10,A,2,5
22/10/2017,Tottenham,Liverpool,2,2,11,2,5,9,0.26,0.47,13,6,H,4,1
28/10/2017,Bournemouth,Chelsea,2,4,5,5,9,5,0.25,0.75,7,7,A,0,1
28/10/2017,Crystal Palace,West Ham,2,0,2,12,4,7,0.38,0.5,3,5,D,2,2
28/10/2017,Liverpool,Huddersfield,3,1,6,8,3,8,0.0,0.0,6,5,H,3,0
28/10/2017,Arsenal,Swansea,5,2,10,4,4,5,0.5,0.42,10,4,H,2,1
28/10/2017,West Brom,Man City,1,5,3,6,22,2,0.18,0.68,3,15,A,2,3
28/10/2017,Watford,Stoke,1,1,8,14,6,16,0.25,0.75,7,3,A,0,1
28/10/2017,Man Utd,Tottenham,5,5,10,2,12,3,0.62,0.15,10,13,H,1,0
29/10/2017,Brighton,Southampton,2,2,6,5,5,5,0.0,0.0,7,7,D,1,1
29/10/2017,Leicester,Everton,1,0,6,6,5,12,0.17,0.33,6,4,H,2,0
30/10/2017,Burnley,Newcastle,1,1,3,5,6,5,0.0,0.0,6,8,H,1,0
04/11/2017,Southampton,Burnley,2,2,5,6,3,4,0.5,0.5,5,8,A,0,1
04/11/2017,Huddersfield,West Brom,2,1,2,10,5,9,0.0,0.0,4,2,H,1,0
04/11/2017,Newcastle,Bournemouth,3,1,4,5,3,5,0.5,0.5,5,4,A,0,1
04/11/2017,Stoke,Leicester,2,1,6,14,7,5,0.17,0.5,6,8,D,2,2
04/11/2017,Swansea,Brighton,1,1,5,7,6,4,0.0,0.0,3,8,A,0,1
04/11/2017,West Ham,Liverpool,2,1,6,9,8,7,0.18,0.64,5,8,A,1,4
05/11/2017,Man City,Arsenal,4,1,19,4,12,5,0.22,0.53,15,12,H,3,1
05/11/2017,Tottenham,Crystal Palace,2,0,12,4,4,13,0.6,0.2,12,4,H,1,0
05/11/2017,Chelsea,Man Utd,2,2,10,5,7,2,0.38,0.26,9,10,H,1,0
05/11/2017,Everton,Watford,2,3,5,10,8,9,0.5,0.17,4,7,H,3,2
18/11/2017,Crystal Palace,Everton,1,0,4,9,6,11,0.2,0.4,4,4,D,2,2
18/11/2017,Arsenal,Tottenham,5,4,11,8,10,2,0.41,0.18,9,12,H,2,0
18/11/2017,Bournemouth,Huddersfield,1,1,3,3,3,10,0.0,0.0,7,6,H,4,0
18/11/2017,Burnley,Swansea,2,1,4,4,4,6,0.0,1.0,10,3,H,2,0
18/11/2017,Liverpool,Southampton,3,2,9,6,5,6,0.4,0.35,8,5,H,3,0
18/11/2017,Leicester,Man City,2,5,7,4,17,5,0.4,0.4,9,15,A,0,2
18/11/2017,Man Utd,Newcastle,5,1,6,3,4,5,0.63,0.1,7,5,H,4,1
18/11/2017,West Brom,Chelsea,1,4,5,8,7,5,0.14,0.73,2,9,A,0,4
19/11/2017,Watford,West Ham,1,0,8,11,5,10,0.5,0.17,4,5,H,2,0
20/11/2017,Brighton,Stoke,2,1,6,4,8,12,0.0,0.0,8,7,D,2,2
24/11/2017,West Ham,Leicester,2,1,4,12,7,6,0.2,0.6,2,8,D,1,1
25/11/2017,Tottenham,West Brom,3,0,6,4,3,10,0.41,0.14,9,1,D,1,1
25/11/2017,Swansea,Bournemouth,1,2,4,7,7,3,0.0,0.75,3,9,D,0,0
25/11/2017,Newcastle,Watford,3,2,4,8,8,9,0.25,0.5,4,6,A,0,3
25/11/2017,Liverpool,Chelsea,3,4,11,5,11,4,0.35,0.41,10,12,D,1,1
25/11/2017,Crystal Palace,Stoke,1,1,6,7,8,13,0.62,0.25,5,5,H,2,1
25/11/2017,Man Utd,Brighton,5,2,6,4,8,4,0.0,0.0,7,9,H,1,0
26/11/2017,Burnley,Arsenal,3,1,5,4,11,8,0.0,0.83,10,9,A,0,1
26/11/2017,Huddersfield,Man City,2,5,3,10,18,5,0.0,0.0,6,15,A,1,2
26/11/2017,Southampton,Everton,1,0,4,7,8,12,0.25,0.45,5,5,H,4,1
28/11/2017,Brighton,Crystal Palace,2,0,7,4,6,7,0.0,0.0,8,5,D,0,0
28/11/2017,Leicester,Tottenham,1,3,7,6,6,5,0.25,0.5,8,7,H,2,1
28/11/2017,Watford,Man Utd,2,1,9,8,7,4,0.17,0.83,6,9,A,2,4
28/11/2017,West Brom,Newcastle,0,1,3,10,2,9,0.2,0.55,1,3,D,2,2
29/11/2017,Arsenal,Huddersfield,5,0,11,6,4,10,0.0,0.0,12,6,H,5,0
29/11/2017,Bournemouth,Burnley,2,2,7,2,4,4,0.5,0.5,10,9,A,1,2
29/11/2017,Chelsea,Swansea,3,1,11,3,2,7,0.58,0.08,13,1,H,1,0
29/11/2017,Everton,West Ham,2,0,8,15,4,12,0.54,0.14,4,2,H,4,0
29/11/2017,Man City,Southampton,5,1,13,4,6,6,0.5,0.33,15,7,H,2,1
29/11/2017,Stoke,Liverpool,1,2,7,8,12,6,0.22,0.5,5,10,A,0,3
02/12/2017,Watford,Tottenham,2,2,9,8,3,6,0.0,0.83,6,4,D,1,1
02/12/2017,Arsenal,Man Utd,5,2,11,4,10,4,0.26,0.44,12,12,A,1,3
02/12/2017,Brighton,Liverpool,1,3,4,4,14,2,0.0,0.0,6,13,A,1,5
02/12/2017,Chelsea,Newcastle,3,0,8,1,3,11,0.5,0.23,13,1,H,3,1
02/12/2017,Everton,Huddersfield,3,0,10,10,2,14,0.0,0.0,7,3,H,2,0
02/12/2017,Leicester,Burnley,2,3,7,6,6,2,0.5,0.25,8,12,H,1,0
02/12/2017,Stoke,Swansea,1,0,6,9,1,6,0.42,0.33,5,1,H,2,1
02/12/2017,West Brom,Crystal Palace,0,0,5,11,6,6,0.4,0.4,2,6,D,0,0
03/12/2017,Bournemouth,Southampton,2,1,6,3,6,8,0.25,0.5,7,4,D,1,1
03/12/2017,Man City,West Ham,5,0,12,5,4,13,0.58,0.23,15,2,H,2,1
09/12/2017,Burnley,Watford,2,2,5,3,10,8,0.5,0.5,9,7,H,1,0
09/12/2017,Crystal Palace,Bournemouth,2,2,4,4,7,3,0.25,0.25,6,8,D,2,2
09/12/2017,Huddersfield,Brighton,2,2,2,13,4,8,0.0,0.0,3,5,H,2,0
09/12/2017,Newcastle,Leicester,2,1,4,13,6,6,0.4,0.3,1,8,A,2,3
09/12/2017,Swansea,West Brom,1,0,1,6,3,8,0.58,0.33,1,3,H,1,0
09/12/2017,Tottenham,Stoke,3,1,4,6,7,10,0.56,0.28,5,5,H,5,1
09/12/2017,West Ham,Chelsea,1,3,3,13,10,2,0.18,0.68,1,13,H,1,0
10/12/2017,Southampton,Arsenal,2,2,6,8,10,6,0.2,0.5,4,9,D,1,1
10/12/2017,Liverpool,Everton,2,0,16,3,12,8,0.56,0.09,13,10,D,1,1
10/12/2017,Man Utd,Man City,5,5,12,5,11,4,0.41,0.38,12,15,A,1,2
12/12/2017,Burnley,Stoke,3,1,5,3,6,13,0.33,0.33,9,4,H,1,0
12/12/2017,Crystal Palace,Watford,2,1,6,5,8,6,0.5,0.25,7,7,H,2,1
12/12/2017,Huddersfield,Chelsea,3,2,3,13,9,3,0.0,0.0,3,10,A,1,3
13/12/2017,Man Utd,Bournemouth,4,2,13,6,8,5,0.5,0.25,12,6,H,1,0
13/12/2017,Southampton,Leicester,2,2,7,8,7,6,0.33,0.25,5,10,A,1,4
13/12/2017,Liverpool,West Brom,2,0,13,3,3,8,0.64,0.18,11,3,D,0,0
13/12/2017,Newcastle,Everton,1,0,6,15,10,7,0.3,0.47,1,8,A,0,1
13/12/2017,Swansea,Man City,2,5,2,5,10,4,0.08,0.75,4,15,A,0,4
13/12/2017,Tottenham,Brighton,4,2,8,7,3,10,0.0,0.0,5,2,H,2,0
13/12/2017,West Ham,Arsenal,2,2,3,9,10,4,0.14,0.64,4,10,D,0,0
16/12/2017,Arsenal,Newcastle,4,0,8,4,5,12,0.63,0.1,8,1,H,1,0
16/12/2017,Brighton,Burnley,0,3,1,10,4,3,0.0,0.0,1,9,D,0,0
16/12/2017,Chelsea,Southampton,4,0,8,4,8,9,0.55,0.2,10,5,H,1,0
16/12/2017,Leicester,Crystal Palace,3,0,11,5,6,4,0.5,0.33,13,9,A,0,3
16/12/2017,Man City,Tottenham,5,1,12,4,10,5,0.31,0.53,15,8,H,4,1
16/12/2017,Stoke,West Ham,2,0,4,12,3,7,0.31,0.25,3,5,A,0,3
16/12/2017,Watford,Huddersfield,2,0,7,8,4,12,0.0,0.0,4,3,A,1,4
17/12/2017,Bournemouth,Liverpool,1,3,4,6,10,3,0.25,0.5,3,9,A,0,4
17/12/2017,West Brom,Man Utd,0,2,3,4,10,5,0.14,0.64,4,12,A,1,2
18/12/2017,Everton,Swansea,3,0,9,5,2,7,0.42,0.17,10,4,H,3,1
22/12/2017,Arsenal,Liverpool,4,4,8,4,13,2,0.37,0.26,8,11,D,3,3
23/12/2017,Everton,Chelsea,4,3,11,2,8,3,0.17,0.54,13,12,D,0,0
23/12/2017,Leicester,Man Utd,3,3,10,7,11,6,0.08,0.77,12,12,D,2,2
23/12/2017,Brighton,Watford,0,1,1,9,5,12,0.0,0.0,2,1,H,1,0
23/12/2017,Burnley,Tottenham,4,0,4,2,10,8,0.14,0.57,10,7,A,0,3
23/12/2017,Man City,Bournemouth,5,2,14,4,4,10,1.0,0.0,15,2,H,4,0
23/12/2017,West Ham,Newcastle,1,0,5,6,5,10,0.24,0.48,7,1,A,2,3
23/12/2017,Stoke,West Brom,1,0,3,13,3,5,0.41,0.29,3,3,H,3,1
23/12/2017,Swansea,Crystal Palace,1,1,3,10,7,3,0.44,0.11,3,9,D,1,1
23/12/2017,Southampton,Huddersfield,2,1,4,9,7,11,0.0,0.0,2,6,D,1,1
26/12/2017,Liverpool,Swansea,2,0,13,5,4,10,0.5,0.25,9,4,H,5,0
26/12/2017,Bournemouth,West Ham,1,1,3,12,7,5,0.5,0.5,2,7,D,3,3
26/12/2017,Chelsea,Brighton,5,2,7,3,2,9,0.0,0.0,10,4,H,2,0
26/12/2017,Huddersfield,Stoke,3,1,8,7,6,11,0.0,0.0,7,6,D,1,1
26/12/2017,Tottenham,Southampton,4,0,12,6,4,8,0.55,0.35,10,3,H,5,2
26/12/2017,Watford,Leicester,1,3,3,9,10,8,0.25,0.75,1,10,H,2,1
26/12/2017,West Brom,Everton,0,1,2,6,7,2,0.27,0.55,2,11,D,0,0
26/12/2017,Man Utd,Burnley,4,2,9,6,2,4,0.5,0.17,10,7,D,2,2
27/12/2017,Newcastle,Man City,1,5,6,10,16,3,0.18,0.68,3,15,A,0,1
28/12/2017,Crystal Palace,Arsenal,2,2,8,4,6,7,0.1,0.7,9,6,A,2,3
30/12/2017,Liverpool,Leicester,2,2,13,4,10,10,0.62,0.23,9,7,H,2,1
30/12/2017,Bournemouth,Everton,1,1,5,14,5,2,0.2,0.6,2,9,H,2,1
30/12/2017,Huddersfield,Burnley,2,2,9,6,4,5,0.0,0.0,8,8,D,0,0
30/12/2017,Chelsea,Stoke,5,0,6,2,5,11,0.74,0.11,10,4,H,5,0
30/12/2017,Watford,Swansea,2,0,4,9,3,13,0.6,0.2,3,4,A,1,2
30/12/2017,Newcastle,Brighton,0,1,5,8,1,6,0.0,1.0,3,4,D,0,0
30/12/2017,Man Utd,Southampton,3,0,8,7,5,12,0.67,0.19,8,2,D,0,0
31/12/2017,Crystal Palace,Man City,2,5,10,7,15,2,0.09,0.91,8,15,D,0,0
31/12/2017,West Brom,Arsenal,0,2,2,6,8,6,0.17,0.7,2,9,D,1,1
01/01/2018,Leicester,Huddersfield,2,1,8,10,7,6,0.0,0.0,4,6,H,3,0
01/01/2018,Everton,Man Utd,4,3,5,3,7,5,0.17,0.63,8,9,A,0,2
01/01/2018,Stoke,Newcastle,2,1,4,11,3,5,0.4,0.33,4,4,A,0,1
01/01/2018,Brighton,Bournemouth,1,1,1,4,5,13,0.0,1.0,5,4,D,2,2
01/01/2018,Burnley,Liverpool,3,4,3,5,14,4,0.14,0.71,6,11,A,1,2
02/01/2018,West Ham,West Brom,1,0,9,6,3,6,0.32,0.21,8,3,H,2,1
02/01/2018,Man City,Watford,5,1,13,1,5,10,0.71,0.0,13,3,H,3,1
02/01/2018,Southampton,Crystal Palace,1,1,4,11,8,5,0.64,0.18,2,8,A,1,2
02/01/2018,Swansea,Tottenham,1,1,4,14,16,7,0.0,0.77,4,12,A,0,2
03/01/2018,Arsenal,Chelsea,3,2,8,6,11,1,0.26,0.4,9,13,D,2,2
04/01/2018,Tottenham,West Ham,4,1,13,6,10,7,0.55,0.24,12,8,D,1,1
13/01/2018,West Brom,Brighton,0,0,4,8,3,4,0.0,1.0,2,6,H,2,0
13/01/2018,Watford,Southampton,1,0,5,11,4,9,0.2,0.4,3,2,D,2,2
13/01/2018,Newcastle,Swansea,0,1,4,4,4,12,0.27,0.55,7,4,D,1,1
13/01/2018,Tottenham,Everton,3,1,12,7,4,5,0.43,0.2,10,5,H,4,0
13/01/2018,Crystal Palace,Burnley,2,1,8,5,3,7,0.2,0.6,8,3,H,1,0
13/01/2018,Chelsea,Leicester,5,2,10,2,7,9,0.69,0.23,11,4,D,0,0
13/01/2018,Huddersfield,West Ham,1,1,6,6,11,8,0.0,1.0,6,8,A,1,4
14/01/2018,Bournemouth,Arsenal,1,2,7,14,10,8,0.0,0.8,5,9,H,2,1
14/01/2018,Liverpool,Man City,2,4,16,5,12,2,0.45,0.21,13,13,H,4,3
15/01/2018,Man Utd,Stoke,2,0,8,5,4,11,0.63,0.11,9,4,H,3,0
20/01/2018,Everton,West Brom,3,0,1,8,5,6,0.52,0.26,2,5,D,1,1
20/01/2018,Arsenal,Crystal Palace,2,2,10,10,6,5,0.73,0.09,6,8,H,4,1
20/01/2018,Brighton,Chelsea,1,1,3,6,9,2,0.0,1.0,5,9,A,0,4
20/01/2018,Burnley,Man Utd,2,4,3,8,9,4,0.14,0.43,2,9,A,0,1
20/01/2018,Leicester,Watford,3,1,7,6,6,9,0.6,0.4,5,4,H,2,0
20/01/2018,Man City,Newcastle,5,2,11,5,5,4,0.69,0.17,10,8,H,3,1
20/01/2018,West Ham,Bournemouth,2,0,12,9,9,11,0.4,0.4,8,8,D,1,1
20/01/2018,Stoke,Huddersfield,2,1,4,11,3,9,0.0,0.0,4,3,H,2,0
21/01/2018,Southampton,Tottenham,1,2,6,10,15,3,0.33,0.57,3,13,D,1,1
22/01/2018,Swansea,Liverpool,1,4,4,10,16,8,0.23,0.54,5,13,H,1,0
30/01/2018,Huddersfield,Liverpool,1,3,2,10,13,6,0.0,1.0,2,12,A,0,3
30/01/2018,Swansea,Arsenal,2,1,4,9,11,8,0.38,0.54,7,8,H,3,1
30/01/2018,West Ham,Crystal Palace,2,2,11,7,6,8,0.44,0.33,9,7,D,1,1
31/01/2018,Everton,Leicester,2,2,2,9,7,4,0.31,0.23,2,7,H,2,1
31/01/2018,Newcastle,Burnley,0,0,3,5,3,6,0.0,0.33,5,2,D,1,1
31/01/2018,Man City,West Brom,5,0,10,6,5,4,0.7,0.17,10,6,H,3,0
31/01/2018,Tottenham,Man Utd,4,4,13,4,8,2,0.14,0.63,11,11,H,2,0
31/01/2018,Southampton,Brighton,0,0,6,10,2,10,0.0,0.0,3,2,D,1,1
31/01/2018,Stoke,Watford,3,0,3,10,6,10,0.8,0.2,4,4,D,0,0
31/01/2018,Chelsea,Bournemouth,4,0,13,2,10,8,0.8,0.2,11,9,A,0,3
03/02/2018,Leicester,Swansea,3,1,7,4,7,5,0.71,0.29,7,10,D,1,1
03/02/2018,Man Utd,Huddersfield,2,1,6,2,1,12,0.0,1.0,10,1,H,2,0
03/02/2018,Burnley,Man City,2,3,2,5,12,6,0.14,0.57,2,10,D,1,1
03/02/2018,West Brom,Southampton,1,0,5,7,5,6,0.33,0.4,5,4,A,2,3
03/02/2018,Bournemouth,Stoke,2,0,10,5,2,9,0.4,0.4,11,4,H,2,1
03/02/2018,Arsenal,Everton,2,1,9,9,4,10,0.6,0.17,5,4,H,5,1
03/02/2018,Brighton,West Ham,1,2,3,9,9,5,1.0,0.0,3,9,H,3,1
04/02/2018,Crystal Palace,Newcastle,2,2,5,6,4,5,0.11,0.56,8,6,D,1,1
04/02/2018,Liverpool,Tottenham,3,2,11,6,10,2,0.46,0.29,12,11,D,2,2
05/02/2018,Watford,Chelsea,1,2,4,9,11,5,0.0,0.71,2,8,H,4,1
10/02/2018,Everton,Crystal Palace,2,2,4,13,6,7,0.36,0.18,4,8,H,3,1
10/02/2018,Stoke,Brighton,2,0,3,6,6,10,0.0,0.0,4,5,D,1,1
10/02/2018,Man City,Leicester,5,1,13,7,7,3,0.45,0.36,10,8,H,5,1
10/02/2018,West Ham,Watford,1,0,8,7,7,8,0.14,0.57,6,5,H,2,0
10/02/2018,Tottenham,Arsenal,4,1,10,4,13,9,0.17,0.43,9,7,H,1,0
10/02/2018,Swansea,Burnley,2,0,6,5,3,6,0.8,0.2,8,2,H,1,0
11/02/2018,Huddersfield,Bournemouth,0,1,1,14,10,5,0.0,1.0,0,11,H,4,1
11/02/2018,Newcastle,Man Utd,0,3,5,6,8,2,0.1,0.65,6,12,H,1,0
11/02/2018,Southampton,Liverpool,0,3,8,8,11,7,0.33,0.43,6,10,A,0,2
12/02/2018,Chelsea,West Brom,3,0,7,9,6,9,0.74,0.13,5,4,H,3,0
24/02/2018,Bournemouth,Newcastle,3,2,9,7,5,6,0.67,0.33,10,6,D,2,2
24/02/2018,Brighton,Swansea,2,1,5,9,7,3,1.0,0.0,5,11,H,4,1
24/02/2018,Burnley,Southampton,1,1,2,5,7,8,0.6,0.4,2,6,D,1,1
24/02/2018,Leicester,Stoke,2,0,5,8,4,6,0.43,0.14,5,5,D,1,1
24/02/2018,Liverpool,West Ham,3,2,11,6,9,6,0.66,0.17,10,8,H,4,1
24/02/2018,West Brom,Huddersfield,1,1,5,10,5,12,0.0,1.0,4,3,A,1,2
24/02/2018,Watford,Everton,2,1,6,7,7,12,0.14,0.57,5,7,H,1,0
25/02/2018,Crystal Palace,Tottenham,2,2,5,9,10,3,0.18,0.64,5,11,A,0,1
25/02/2018,Man Utd,Chelsea,3,2,6,3,8,7,0.26,0.4,9,7,H,2,1
01/03/2018,Arsenal,Man City,3,2,11,8,15,7,0.52,0.24,6,10,A,0,3
03/03/2018,Burnley,Everton,0,0,3,5,7,9,0.43,0.57,3,7,H,2,1
03/03/2018,Leicester,Bournemouth,2,1,6,9,9,8,0.0,0.2,5,8,D,1,1
03/03/2018,Liverpool,Newcastle,4,2,11,4,6,7,0.52,0.26,10,6,H,2,0
03/03/2018,Tottenham,Huddersfield,4,1,7,3,6,9,1.0,0.0,11,6,H,2,0
03/03/2018,Swansea,West Ham,3,1,7,6,6,9,0.18,0.55,10,5,H,4,1
03/03/2018,Watford,West Brom,3,0,5,5,4,12,0.4,0.2,7,1,H,1,0
03/03/2018,Southampton,Stoke,0,0,6,7,5,4,0.18,0.36,6,6,D,0,0
04/03/2018,Brighton,Arsenal,3,1,9,8,10,9,0.0,1.0,8,6,H,2,1
04/03/2018,Man City,Chelsea,5,1,15,3,9,9,0.27,0.61,13,6,H,1,0
05/03/2018,Crystal Palace,Man Utd,1,2,4,10,5,4,0.0,0.82,2,9,A,2,3
10/03/2018,West Ham,Burnley,2,0,6,12,5,5,0.71,0.14,4,6,A,0,3
10/03/2018,West Brom,Leicester,1,0,3,12,5,10,0.29,0.43,0,3,A,1,4
10/03/2018,Newcastle,Southampton,1,1,5,6,5,6,0.32,0.37,6,6,H,3,0
10/03/2018,Chelsea,Crystal Palace,3,1,5,10,5,9,0.64,0.36,3,2,H,2,1
10/03/2018,Huddersfield,Swansea,1,1,6,9,10,7,0.0,1.0,6,10,D,0,0
10/03/2018,Everton,Brighton,2,0,7,10,11,5,0.0,0.0,6,11,H,2,0
10/03/2018,Man Utd,Liverpool,3,3,7,6,13,3,0.54,0.31,9,13,H,2,1
11/03/2018,Arsenal,Watford,2,0,7,10,6,3,0.71,0.29,3,10,H,3,0
11/03/2018,Bournemouth,Tottenham,3,3,9,8,8,2,0.0,0.8,8,13,A,1,4
12/03/2018,Stoke,Man City,2,2,3,4,13,2,0.16,0.53,4,13,A,0,2
17/03/2018,Bournemouth,West Brom,3,0,7,12,4,13,0.4,0.4,5,0,H,2,1
17/03/2018,Huddersfield,Crystal Palace,1,1,6,6,5,10,1.0,0.0,7,1,A,0,2
17/03/2018,Liverpool,Watford,4,0,11,5,6,6,0.71,0.14,10,9,H,5,0
17/03/2018,Stoke,Everton,1,0,3,6,7,9,0.26,0.42,3,6,A,1,2
31/03/2018,Man Utd,Swansea,4,1,9,5,7,6,0.62,0.23,12,8,H,2,0
31/03/2018,Brighton,Leicester,3,1,10,6,8,9,0.0,1.0,10,6,A,0,2
31/03/2018,Crystal Palace,Liverpool,1,3,6,9,14,3,0.45,0.45,3,12,A,1,2
31/03/2018,Everton,Man City,3,2,8,5,12,2,0.42,0.33,9,13,A,1,3
31/03/2018,Newcastle,Huddersfield,2,1,7,5,6,6,0.0,1.0,8,7,H,1,0
31/03/2018,Watford,Bournemouth,3,1,2,10,7,12,0.2,0.0,6,5,D,2,2
31/03/2018,West Ham,Southampton,2,1,5,14,4,8,0.41,0.35,3,5,H,3,0
31/03/2018,West Brom,Burnley,1,1,3,12,7,4,0.6,0.0,0,8,A,1,2
01/04/2018,Arsenal,Stoke,3,0,9,7,3,6,0.58,0.26,6,3,H,3,0
01/04/2018,Chelsea,Tottenham,3,3,7,8,10,3,0.51,0.14,6,13,A,1,3
07/04/2018,Brighton,Huddersfield,3,1,7,7,2,6,0.0,1.0,7,4,D,1,1
07/04/2018,Everton,Liverpool,3,3,6,7,14,4,0.09,0.54,6,12,D,0,0
07/04/2018,Bournemouth,Crystal Palace,3,1,8,10,6,8,0.2,0.2,6,3,D,2,2
07/04/2018,Leicester,Newcastle,2,1,9,8,7,4,0.36,0.36,8,10,A,1,2
07/04/2018,Man City,Man Utd,5,3,14,2,9,5,0.39,0.39,15,12,A,2,3
07/04/2018,Stoke,Tottenham,1,3,2,8,11,2,0.26,0.58,2,15,A,1,2
07/04/2018,Watford,Burnley,3,2,4,10,8,4,0.33,0.67,7,10,A,1,2
07/04/2018,West Brom,Swansea,1,0,4,11,6,7,0.31,0.62,0,7,D,1,1
08/04/2018,Arsenal,Southampton,4,1,7,6,1,9,0.48,0.19,6,2,H,3,2
08/04/2018,Chelsea,West Ham,2,1,7,7,7,11,0.66,0.21,6,6,D,1,1
14/04/2018,Tottenham,Man City,4,3,12,3,11,4,0.52,0.33,15,12,A,1,3
14/04/2018,Swansea,Everton,4,1,6,8,6,6,0.15,0.46,5,7,D,1,1
14/04/2018,Liverpool,Bournemouth,4,1,10,3,8,10,0.6,0.2,10,6,H,3,0
14/04/2018,Southampton,Chelsea,0,1,3,10,5,8,0.19,0.57,2,4,A,2,3
14/04/2018,Crystal Palace,Brighton,1,0,8,9,7,7,0.0,0.0,4,7,H,3,2
14/04/2018,Burnley,Leicester,1,2,10,4,9,5,0.2,0.6,13,8,H,2,1
14/04/2018,Huddersfield,Watford,1,0,1,6,4,12,1.0,0.0,2,4,H,1,0
15/04/2018,Man Utd,West Brom,5,0,12,6,4,10,0.65,0.13,15,1,A,0,1
15/04/2018,Newcastle,Arsenal,3,0,8,5,10,7,0.1,0.65,10,9,H,2,1
16/04/2018,West Ham,Stoke,2,0,6,12,2,9,0.29,0.29,4,1,D,1,1
17/04/2018,Brighton,Tottenham,3,4,5,9,12,6,0.0,1.0,4,12,D,1,1
18/04/2018,Bournemouth,Man Utd,2,3,7,12,10,6,0.2,0.6,5,12,A,0,2
19/04/2018,Leicester,Southampton,1,1,9,6,4,12,0.31,0.31,7,1,D,0,0
19/04/2018,Burnley,Chelsea,2,2,11,4,7,8,0.14,0.57,15,7,A,1,2
21/04/2018,Watford,Crystal Palace,3,1,3,13,9,8,0.2,0.6,1,7,D,0,0
21/04/2018,West Brom,Liverpool,0,3,5,9,11,3,0.17,0.61,4,10,D,2,2
22/04/2018,Arsenal,West Ham,4,1,11,6,6,9,0.62,0.14,9,5,H,4,1
22/04/2018,Man City,Swansea,4,0,11,5,6,5,0.77,0.08,12,6,H,5,0
22/04/2018,Stoke,Burnley,0,3,3,10,10,5,0.29,0.43,1,12,D,1,1
23/04/2018,Everton,Newcastle,3,1,6,5,8,4,0.48,0.29,8,12,H,1,0
28/04/2018,Liverpool,Stoke,4,0,12,3,4,9,0.53,0.21,11,2,D,0,0
28/04/2018,Crystal Palace,Leicester,1,2,8,6,8,5,0.43,0.43,8,7,H,5,0
28/04/2018,Huddersfield,Everton,2,1,2,4,5,5,0.0,1.0,5,8,A,0,2
28/04/2018,Newcastle,West Brom,4,1,8,3,6,7,0.52,0.19,12,5,A,0,1
28/04/2018,Swansea,Chelsea,4,2,2,9,9,8,0.08,0.62,3,10,A,0,1
28/04/2018,Southampton,Bournemouth,0,1,4,12,6,10,0.4,0.2,1,5,H,2,1
28/04/2018,Burnley,Brighton,2,0,8,6,4,9,0.0,0.0,10,2,D,0,0
29/04/2018,Man Utd,Arsenal,4,0,9,4,14,5,0.46,0.26,12,12,H,2,1
29/04/2018,West Ham,Man City,2,4,6,9,15,5,0.22,0.59,5,12,A,1,4
30/04/2018,Tottenham,Watford,4,0,11,7,3,10,0.71,0.0,10,2,H,2,0
04/05/2018,Brighton,Man Utd,2,3,4,7,9,4,0.0,1.0,3,12,H,1,0
05/05/2018,Stoke,Crystal Palace,0,1,3,7,11,6,0.22,0.67,3,8,A,1,2
05/05/2018,Watford,Newcastle,2,1,3,7,5,4,0.6,0.2,2,9,H,2,1
05/05/2018,Leicester,West Ham,0,0,4,9,7,10,0.55,0.18,4,5,A,0,2
05/05/2018,West Brom,Tottenham,0,4,6,5,9,6,0.13,0.39,8,10,H,1,0
05/05/2018,Bournemouth,Swansea,1,0,5,11,2,10,0.6,0.0,2,2,H,1,0
05/05/2018,Everton,Southampton,3,0,5,4,6,10,0.43,0.29,8,4,D,1,1
06/05/2018,Chelsea,Liverpool,2,2,8,7,7,3,0.4,0.34,10,9,H,1,0
06/05/2018,Man City,Huddersfield,4,1,17,6,2,6,1.0,0.0,12,4,D,0,0
06/05/2018,Arsenal,Burnley,4,3,12,7,6,5,0.86,0.0,9,8,H,5,0
08/05/2018,Swansea,Southampton,3,0,2,9,7,8,0.18,0.55,2,5,A,0,1
09/05/2018,Chelsea,Huddersfield,3,1,8,4,2,4,1.0,0.0,13,5,D,1,1
09/05/2018,Leicester,Arsenal,0,0,2,11,14,7,0.0,0.69,1,9,H,3,1
09/05/2018,Man City,Brighton,3,0,14,5,5,5,1.0,0.0,10,6,H,3,1
09/05/2018,Tottenham,Newcastle,4,1,6,6,5,6,0.42,0.52,7,6,H,1,0
10/05/2018,West Ham,Man Utd,2,3,6,10,7,5,0.17,0.62,5,9,D,0,0
13/05/2018,Tottenham,Leicester,4,2,5,5,4,10,0.46,0.31,7,4,H,5,4
13/05/2018,Crystal Palace,West Brom,2,2,12,5,6,3,0.36,0.36,11,11,H,2,0
13/05/2018,Liverpool,Brighton,4,0,5,3,5,7,1.0,0.0,6,5,H,4,0
13/05/2018,Burnley,Bournemouth,2,0,4,9,4,9,0.67,0.33,5,4,A,1,2
13/05/2018,Huddersfield,Arsenal,2,0,3,4,12,8,0.0,1.0,6,6,A,0,1
13/05/2018,Southampton,Man City,1,5,6,5,15,3,0.32,0.53,8,13,A,0,1
13/05/2018,Man Utd,Watford,4,0,4,3,3,6,0.86,0.14,7,4,H,1,0
13/05/2018,Newcastle,Chelsea,4,3,3,6,8,4,0.23,0.52,3,13,H,3,0
13/05/2018,Swansea,Stoke,2,0,1,9,4,6,0.31,0.46,1,3,A,1,2
13/05/2018,West Ham,Everton,1,2,5,9,5,2,0.14,0.55,5,9,H,3,1
10/08/2018,Man Utd,Leicester,4,2,5,2,7,13,0.71,0.07,10,4,H,2,1
11/08/2018,Wolves,Everton,0,2,6,9,6,5,0.12,0.38,3,8,D,2,2
11/08/2018,Watford,Brighton,2,0,2,5,3,8,0.0,0.5,4,5,H,2,0
11/08/2018,Newcastle,Tottenham,4,3,4,5,9,6,0.5,0.44,3,10,A,1,2
11/08/2018,Fulham,Crystal Palace,2,2,7,11,12,3,0.5,0.25,5,13,A,0,2
11/08/2018,Bournemouth,Cardiff,2,1,4,8,3,10,0.0,0.0,6,4,H,2,0
11/08/2018,Huddersfield,Chelsea,1,3,2,4,5,5,0.0,0.5,5,10,A,0,3
12/08/2018,Arsenal,Man City,5,5,12,6,13,2,0.5,0.26,9,13,A,0,2
12/08/2018,Liverpool,West Ham,4,1,9,3,7,9,0.67,0.17,8,7,H,4,0
12/08/2018,Southampton,Burnley,1,3,4,3,3,10,0.33,0.5,8,2,D,0,0
18/08/2018,West Ham,Bournemouth,2,1,6,9,6,5,0.33,0.33,7,9,A,1,2
18/08/2018,Tottenham,Fulham,4,1,10,6,6,13,0.5,0.27,12,2,H,3,1
18/08/2018,Leicester,Wolves,1,0,8,15,8,11,0.0,0.5,3,3,H,2,0
18/08/2018,Chelsea,Arsenal,2,1,6,4,8,7,0.39,0.25,10,6,H,3,2
18/08/2018,Cardiff,Newcastle,1,1,2,12,5,6,0.0,1.0,1,3,D,0,0
18/08/2018,Everton,Southampton,2,1,7,6,4,3,0.41,0.27,8,8,H,2,1
19/08/2018,Burnley,Watford,2,0,2,8,4,4,0.75,0.25,3,7,A,1,3
19/08/2018,Brighton,Man Utd,2,3,2,9,5,3,0.5,0.5,4,10,H,3,2
19/08/2018,Man City,Huddersfield,3,0,10,2,1,7,0.5,0.0,13,2,H,6,1
20/08/2018,Crystal Palace,Liverpool,3,1,11,1,10,3,0.42,0.5,13,8,A,0,2
25/08/2018,Wolves,Man City,0,5,8,11,12,2,0.25,0.62,3,13,D,1,1
25/08/2018,Arsenal,West Ham,4,1,9,8,6,7,0.63,0.13,6,7,H,3,1
25/08/2018,Bournemouth,Everton,3,2,8,4,8,7,0.33,0.5,12,8,D,2,2
25/08/2018,Huddersfield,Cardiff,1,1,2,11,1,11,0.0,0.0,2,1,D,0,0
25/08/2018,Liverpool,Brighton,4,0,10,1,5,11,1.0,0.0,10,6,H,1,0
25/08/2018,Southampton,Leicester,1,1,3,4,10,10,0.29,0.29,5,6,A,1,2
26/08/2018,Newcastle,Chelsea,3,4,5,5,8,6,0.25,0.5,4,10,A,1,2
26/08/2018,Watford,Crystal Palace,2,3,7,5,11,3,0.17,0.5,9,12,H,2,1
26/08/2018,Fulham,Burnley,1,2,6,13,2,10,0.5,0.0,2,2,H,4,2
27/08/2018,Man Utd,Tottenham,4,3,5,5,11,7,0.61,0.17,7,12,A,0,3
01/09/2018,Man City,Newcastle,3,1,13,3,5,5,0.7,0.17,13,4,H,2,1
01/09/2018,Leicester,Liverpool,2,2,12,9,11,1,0.21,0.64,9,12,A,1,2
01/09/2018,Everton,Huddersfield,2,0,8,9,2,11,1.0,0.0,6,2,D,1,1
01/09/2018,West Ham,Wolves,1,0,5,10,5,8,0.5,0.25,4,3,A,0,1
01/09/2018,Chelsea,Bournemouth,2,2,9,7,9,4,0.67,0.33,10,13,H,2,0
01/09/2018,Brighton,Fulham,2,1,4,12,8,13,0.0,0.0,3,4,D,2,2
01/09/2018,Crystal Palace,Southampton,3,1,7,5,3,5,0.25,0.58,9,4,A,0,2
02/09/2018,Burnley,Man Utd,1,2,4,14,5,7,0.12,0.5,1,7,A,0,2
02/09/2018,Cardiff,Arsenal,0,1,1,7,7,9,0.0,1.0,2,6,A,2,3
02/09/2018,Watford,Tottenham,3,3,9,4,14,6,0.0,0.75,12,15,H,2,1
15/09/2018,Bournemouth,Leicester,2,1,8,6,10,10,0.17,0.0,10,6,H,4,2
15/09/2018,Huddersfield,Crystal Palace,1,2,2,11,5,6,0.5,0.5,2,6,A,0,1
15/09/2018,Man City,Fulham,4,1,12,3,9,11,0.46,0.17,13,5,H,3,0
15/09/2018,Chelsea,Cardiff,3,1,10,6,3,7,1.0,0.0,12,2,H,4,1
15/09/2018,Tottenham,Liverpool,4,2,14,8,13,1,0.28,0.44,12,15,A,1,2
15/09/2018,Watford,Man Utd,4,2,9,4,7,7,0.12,0.88,12,9,A,1,2
15/09/2018,Newcastle,Arsenal,2,2,6,6,9,8,0.12,0.62,4,9,A,1,2
16/09/2018,Everton,West Ham,2,1,8,9,5,11,0.53,0.17,6,3,A,1,3
16/09/2018,Wolves,Burnley,0,1,6,8,4,11,1.0,0.0,5,1,H,1,0
17/09/2018,Southampton,Brighton,1,0,4,5,5,11,0.0,0.0,4,4,D,2,2
22/09/2018,Fulham,Watford,2,1,7,12,10,5,0.0,0.0,4,12,D,1,1
22/09/2018,Liverpool,Southampton,4,2,11,2,6,6,0.45,0.32,15,5,H,3,0
22/09/2018,Man Utd,Wolves,3,1,8,8,5,5,0.75,0.25,9,8,D,1,1
22/09/2018,Leicester,Huddersfield,2,0,8,9,2,11,0.5,0.0,6,2,H,3,1
22/09/2018,Cardiff,Man City,0,4,3,9,14,3,0.5,0.5,2,13,A,0,5
22/09/2018,Burnley,Bournemouth,0,2,3,10,10,7,0.5,0.5,1,10,H,4,0
22/09/2018,Brighton,Tottenham,2,2,7,9,10,6,0.0,0.5,5,9,A,1,2
22/09/2018,Crystal Palace,Newcastle,3,0,4,6,4,8,0.1,0.5,6,1,D,0,0
23/09/2018,West Ham,Chelsea,1,4,5,11,14,4,0.2,0.63,3,15,D,0,0
23/09/2018,Arsenal,Everton,4,1,10,9,8,9,0.61,0.17,9,6,H,2,0
29/09/2018,Arsenal,Watford,4,1,12,7,9,6,0.75,0.25,12,10,H,2,0
29/09/2018,Chelsea,Liverpool,4,3,11,4,10,2,0.42,0.33,13,15,D,1,1
29/09/2018,Everton,Fulham,2,0,6,9,8,11,0.62,0.31,5,5,H,3,0
29/09/2018,Huddersfield,Tottenham,0,3,3,11,10,6,0.0,1.0,2,9,A,0,2
29/09/2018,Newcastle,Leicester,1,1,3,6,10,8,0.42,0.33,2,9,A,0,2
29/09/2018,West Ham,Man Utd,1,2,5,7,7,8,0.17,0.6,4,7,H,3,1
29/09/2018,Wolves,Southampton,1,2,4,4,6,9,0.0,1.0,8,4,H,2,0
29/09/2018,Man City,Brighton,4,0,17,3,8,9,1.0,0.0,13,5,H,2,0
30/09/2018,Cardiff,Burnley,0,0,3,12,7,10,0.0,0.0,2,3,A,1,2
01/10/2018,Bournemouth,Crystal Palace,3,3,8,11,2,6,0.17,0.17,7,4,H,2,1
05/10/2018,Brighton,West Ham,2,2,5,9,7,6,1.0,0.0,2,7,H,1,0
06/10/2018,Crystal Palace,Wolves,2,1,3,6,6,2,0.0,0.0,4,11,A,0,1
06/10/2018,Watford,Bournemouth,4,2,6,7,8,11,0.17,0.0,7,7,A,0,4
06/10/2018,Tottenham,Cardiff,4,0,9,5,4,14,1.0,0.0,9,1,H,1,0
06/10/2018,Man Utd,Newcastle,3,0,6,8,3,8,0.62,0.12,7,1,H,3,2
06/10/2018,Burnley,Huddersfield,1,0,8,8,2,7,0.0,0.0,6,2,D,1,1
06/10/2018,Leicester,Everton,3,1,10,8,7,8,0.21,0.36,9,5,A,1,2
07/10/2018,Southampton,Chelsea,1,3,5,9,9,3,0.18,0.59,4,11,A,0,3
07/10/2018,Liverpool,Man City,4,4,9,3,13,2,0.47,0.21,13,13,D,0,0
07/10/2018,Fulham,Arsenal,1,3,7,11,12,4,0.12,0.69,5,15,A,1,5
20/10/2018,Cardiff,Fulham,0,0,4,15,4,14,1.0,0.0,0,2,H,4,2
20/10/2018,Bournemouth,Southampton,4,2,10,9,4,10,0.17,0.5,9,4,D,0,0
20/10/2018,Chelsea,Man Utd,3,2,10,2,9,7,0.39,0.28,11,10,D,2,2
20/10/2018,Huddersfield,Liverpool,0,3,3,8,8,3,0.0,1.0,2,11,A,0,1
20/10/2018,Wolves,Watford,2,1,6,1,4,10,0.0,0.0,13,4,A,0,2
20/10/2018,Newcastle,Brighton,1,0,4,9,6,8,0.0,0.5,1,5,A,0,1
20/10/2018,West Ham,Tottenham,2,4,6,4,7,5,0.23,0.53,7,9,A,0,1
20/10/2018,Man City,Burnley,5,1,12,1,7,5,0.5,0.12,13,7,H,5,0
21/10/2018,Everton,Crystal Palace,2,3,7,7,2,5,0.42,0.17,7,4,H,2,0
22/10/2018,Arsenal,Leicester,4,2,14,4,9,9,0.64,0.07,15,6,H,3,1
27/10/2018,Brighton,Wolves,3,2,5,6,5,3,0.0,0.0,7,10,H,1,0
27/10/2018,Fulham,Bournemouth,1,3,4,16,10,7,0.0,0.0,1,10,A,0,3
27/10/2018,Leicester,West Ham,3,2,9,10,6,4,0.5,0.25,6,7,D,1,1
27/10/2018,Liverpool,Cardiff,4,0,7,2,6,14,1.0,0.0,11,3,H,4,1
27/10/2018,Southampton,Newcastle,0,0,2,10,3,8,0.35,0.35,2,1,D,0,0
27/10/2018,Watford,Huddersfield,3,0,4,9,2,8,0.0,1.0,4,1,H,3,0
28/10/2018,Crystal Palace,Arsenal,1,4,2,5,14,3,0.08,0.75,4,15,D,2,2
28/10/2018,Man Utd,Everton,3,1,9,9,8,6,0.64,0.17,8,9,H,2,1
28/10/2018,Burnley,Chelsea,1,3,7,8,10,4,0.12,0.62,7,9,A,0,4
29/10/2018,Tottenham,Man City,4,3,7,3,15,0,0.5,0.35,12,13,A,0,1
03/11/2018,Everton,Brighton,3,1,8,5,4,4,0.5,0.0,9,9,H,3,1
03/11/2018,Arsenal,Liverpool,4,4,14,4,9,2,0.36,0.25,13,11,D,1,1
03/11/2018,Bournemouth,Man Utd,3,2,9,5,9,9,0.17,0.67,10,8,A,1,2
03/11/2018,Wolves,Tottenham,2,4,4,4,6,2,0.25,0.5,7,12,A,2,3
03/11/2018,Newcastle,Watford,0,2,2,6,6,7,0.17,0.67,2,7,H,1,0
03/11/2018,West Ham,Burnley,1,1,4,4,7,11,0.62,0.25,5,7,H,4,2
03/11/2018,Cardiff,Leicester,1,2,6,14,8,7,0.0,0.0,3,7,A,0,1
04/11/2018,Chelsea,Crystal Palace,3,2,10,3,3,7,0.67,0.33,9,2,H,3,1
04/11/2018,Man City,Southampton,5,1,13,0,0,8,0.55,0.3,13,2,H,6,1
05/11/2018,Huddersfield,Fulham,0,0,2,10,4,16,0.0,0.0,1,1,H,1,0
10/11/2018,Newcastle,Bournemouth,1,3,3,6,10,3,0.25,0.5,4,10,H,2,1
10/11/2018,Southampton,Watford,0,2,1,11,5,7,0.33,0.17,2,6,D,1,1
10/11/2018,Leicester,Burnley,2,1,6,6,5,15,0.5,0.33,7,4,D,0,0
10/11/2018,Cardiff,Brighton,1,1,6,10,4,5,0.0,0.0,3,9,H,2,1
10/11/2018,Crystal Palace,Tottenham,0,4,4,10,7,3,0.17,0.67,1,12,A,0,1
10/11/2018,Huddersfield,West Ham,1,1,2,7,8,6,0.0,1.0,4,7,D,1,1
11/11/2018,Man City,Man Utd,5,3,14,1,10,9,0.38,0.41,13,10,H,3,1
11/11/2018,Liverpool,Fulham,4,0,7,3,3,16,0.62,0.23,9,0,H,2,0
11/11/2018,Arsenal,Wolves,4,2,13,5,5,6,0.88,0.0,11,6,D,1,1
11/11/2018,Chelsea,Everton,3,1,13,4,11,4,0.53,0.17,11,12,D,0,0
24/11/2018,West Ham,Man City,2,3,6,6,15,2,0.21,0.61,5,13,A,0,4
24/11/2018,Brighton,Leicester,3,3,5,5,4,6,0.0,1.0,9,5,D,1,1
24/11/2018,Everton,Cardiff,3,0,8,4,7,9,0.5,0.0,10,6,H,1,0
24/11/2018,Fulham,Southampton,1,1,3,15,2,10,0.25,0.25,0,3,H,3,2
24/11/2018,Man Utd,Crystal Palace,3,1,10,9,3,9,0.83,0.0,10,1,D,0,0
24/11/2018,Tottenham,Chelsea,3,4,6,3,12,3,0.17,0.5,12,11,H,3,1
24/11/2018,Watford,Liverpool,3,3,6,6,8,2,0.12,0.75,7,11,A,0,3
25/11/2018,Wolves,Huddersfield,2,0,4,7,3,6,0.0,0.0,4,5,A,0,2
25/11/2018,Bournemouth,Arsenal,2,3,9,4,12,6,0.17,0.67,7,9,A,1,2
26/11/2018,Burnley,Newcastle,1,0,3,14,5,5,0.25,0.0,2,7,A,1,2
30/11/2018,Cardiff,Wolves,2,2,7,9,3,9,0.0,0.0,6,1,H,2,1
01/12/2018,Newcastle,West Ham,2,1,5,3,6,9,0.5,0.23,10,5,A,0,3
01/12/2018,Man City,Bournemouth,5,2,19,2,6,6,1.0,0.0,15,4,H,3,1
01/12/2018,Southampton,Man Utd,0,2,4,10,7,7,0.18,0.64,3,8,D,2,2
01/12/2018,Huddersfield,Brighton,1,1,4,5,5,6,0.5,0.0,7,7,A,1,2
01/12/2018,Crystal Palace,Burnley,0,1,3,8,3,15,0.33,0.5,2,1,H,2,0
01/12/2018,Leicester,Watford,1,1,4,5,6,5,0.67,0.33,6,7,H,2,0
02/12/2018,Liverpool,Everton,4,1,11,2,7,3,0.53,0.08,13,10,H,1,0
02/12/2018,Arsenal,Tottenham,3,5,9,6,8,4,0.42,0.19,9,12,H,4,2
02/12/2018,Chelsea,Fulham,2,0,10,6,5,12,0.58,0.04,8,3,H,2,0
04/12/2018,Watford,Man City,2,3,4,7,17,3,0.0,0.75,4,15,A,1,2
04/12/2018,West Ham,Cardiff,2,0,9,8,5,8,1.0,0.0,8,6,H,3,1
04/12/2018,Bournemouth,Huddersfield,2,1,7,9,5,6,0.5,0.5,3,7,H,2,1
04/12/2018,Brighton,Crystal Palace,2,1,6,7,5,6,0.0,0.5,7,5,H,3,1
05/12/2018,Tottenham,Southampton,3,0,9,8,6,12,0.55,0.32,9,3,H,3,1
05/12/2018,Wolves,Chelsea,2,3,4,9,10,4,0.12,0.88,1,10,H,2,1
05/12/2018,Man Utd,Arsenal,2,4,7,7,10,7,0.47,0.25,8,9,D,2,2
05/12/2018,Everton,Newcastle,4,1,5,4,5,5,0.5,0.28,7,10,D,1,1
05/12/2018,Burnley,Liverpool,1,3,3,12,11,2,0.12,0.75,1,13,A,1,3
05/12/2018,Fulham,Leicester,2,2,3,10,5,2,0.5,0.0,3,9,D,1,1
08/12/2018,Leicester,Tottenham,2,4,5,2,12,8,0.29,0.5,9,12,A,0,2
08/12/2018,Man Utd,Fulham,2,0,7,8,4,8,0.69,0.12,6,4,H,4,1
08/12/2018,West Ham,Crystal Palace,3,0,11,8,4,7,0.4,0.3,10,4,H,3,2
08/12/2018,Chelsea,Man City,2,4,7,6,18,4,0.59,0.29,7,15,H,2,0
08/12/2018,Bournemouth,Liverpool,2,3,6,10,10,2,0.17,0.67,3,13,A,0,4
08/12/2018,Burnley,Brighton,1,2,4,11,8,8,0.0,0.0,1,7,H,1,0
08/12/2018,Arsenal,Huddersfield,3,1,10,7,6,5,1.0,0.0,9,7,H,1,0
08/12/2018,Cardiff,Southampton,3,0,5,7,7,15,0.5,0.5,6,2,H,1,0
09/12/2018,Newcastle,Wolves,2,1,6,6,6,9,0.33,0.0,10,4,A,1,2
10/12/2018,Everton,Watford,4,1,5,3,2,9,0.5,0.25,8,1,D,2,2
09/08/2019,Liverpool,Norwich,4,1,13,1,4,10,0.8,0.0,15,3,H,4,1
10/08/2019,Tottenham,Aston Villa,3,0,11,6,4,12,0.5,0.19,12,1,H,3,1
10/08/2019,Crystal Palace,Everton,1,1,5,7,4,4,0.15,0.46,4,6,D,0,0
10/08/2019,Watford,Brighton,1,2,4,10,7,6,0.33,0.33,2,7,A,0,3
10/08/2019,Bournemouth,Sheffield United,1,0,5,12,3,8,0.0,0.0,3,4,D,1,1
10/08/2019,Burnley,Southampton,1,0,3,7,6,10,0.43,0.29,4,2,H,3,0
10/08/2019,West Ham,Man City,3,3,10,8,12,5,0.21,0.62,10,12,A,0,5
11/08/2019,Newcastle,Arsenal,2,3,6,8,10,6,0.12,0.64,7,11,A,0,1
11/08/2019,Leicester,Wolves,1,2,4,4,6,7,0.33,0.33,6,7,D,0,0
11/08/2019,Man Utd,Chelsea,3,2,9,8,6,5,0.27,0.38,6,7,H,4,0
17/08/2019,Arsenal,Burnley,3,1,10,5,6,7,0.88,0.0,13,6,H,2,1
17/08/2019,Aston Villa,Bournemouth,0,2,5,14,5,11,0.5,0.5,1,4,A,1,2
17/08/2019,Brighton,West Ham,3,2,9,4,9,12,1.0,0.0,10,9,D,1,1
17/08/2019,Southampton,Liverpool,0,4,5,12,15,2,0.3,0.48,1,15,A,1,2
17/08/2019,Norwich,Newcastle,2,1,5,11,4,8,0.3,0.4,3,4,H,3,1
17/08/2019,Everton,Watford,3,1,4,4,3,12,0.44,0.22,6,1,H,1,0
17/08/2019,Man City,Tottenham,5,4,14,4,13,7,0.37,0.49,12,12,D,2,2
18/08/2019,Sheffield United,Crystal Palace,2,0,4,7,5,6,0.0,0.0,5,5,H,1,0
18/08/2019,Chelsea,Leicester,3,2,6,9,4,4,0.64,0.21,6,6,D,1,1
19/08/2019,Wolves,Man Utd,2,1,5,6,12,5,0.22,0.67,7,9,D,1,1
23/08/2019,Aston Villa,Everton,0,1,4,12,4,4,0.28,0.34,1,6,H,2,0
24/08/2019,Norwich,Chelsea,3,2,8,11,6,7,0.0,0.8,6,7,A,2,3
24/08/2019,Brighton,Southampton,3,0,9,4,4,11,0.0,0.0,10,1,A,0,2
24/08/2019,Man Utd,Crystal Palace,3,0,13,6,5,7,0.77,0.0,9,4,A,1,2
24/08/2019,Watford,West Ham,1,1,3,10,10,9,0.5,0.25,1,10,A,1,3
24/08/2019,Liverpool,Arsenal,4,3,14,3,10,5,0.24,0.35,15,13,H,3,1
24/08/2019,Sheffield United,Leicester,3,1,4,6,4,4,0.0,0.0,7,6,A,1,2
25/08/2019,Bournemouth,Man City,1,4,6,10,12,6,0.0,1.0,7,10,A,1,3
25/08/2019,Tottenham,Newcastle,4,1,12,8,3,10,0.45,0.48,10,1,A,0,1
25/08/2019,Wolves,Burnley,1,0,6,5,6,7,1.0,0.0,8,6,D,1,1
31/08/2019,Chelsea,Sheffield United,3,0,7,9,4,8,1.0,0.0,7,4,D,2,2
31/08/2019,Southampton,Man Utd,0,1,4,9,12,6,0.17,0.61,3,8,D,1,1
31/08/2019,Crystal Palace,Aston Villa,1,0,5,8,4,9,0.5,0.25,4,4,H,1,0
31/08/2019,Leicester,Bournemouth,1,3,4,5,6,10,0.0,0.29,6,7,H,3,1
31/08/2019,Newcastle,Watford,2,0,4,7,4,11,0.29,0.57,4,1,D,1,1
31/08/2019,West Ham,Norwich,3,1,10,10,10,13,0.33,0.17,10,6,H,2,0
31/08/2019,Burnley,Liverpool,2,4,7,6,16,4,0.11,0.78,7,15,A,0,3
31/08/2019,Man City,Brighton,4,2,12,6,7,5,1.0,0.0,10,7,H,4,0
01/09/2019,Everton,Wolves,3,1,4,5,6,4,0.33,0.11,6,9,H,3,2
01/09/2019,Arsenal,Tottenham,3,3,7,6,10,5,0.43,0.19,10,10,D,2,2
14/09/2019,Liverpool,Newcastle,5,2,16,3,4,7,0.53,0.25,15,4,H,3,1
14/09/2019,Sheffield United,Southampton,3,1,6,7,4,7,0.0,0.0,5,4,A,0,1
14/09/2019,Brighton,Burnley,2,0,4,8,6,6,0.0,0.33,4,7,D,1,1
14/09/2019,Man Utd,Leicester,2,2,11,5,6,5,0.73,0.07,8,8,H,1,0
14/09/2019,Tottenham,Crystal Palace,3,1,9,6,5,5,0.69,0.15,8,7,H,4,0
14/09/2019,Wolves,Chelsea,1,2,6,6,8,9,0.22,0.78,6,8,A,2,5
14/09/2019,Norwich,Man City,2,4,6,13,14,5,0.1,0.6,3,10,H,3,2
15/09/2019,Bournemouth,Everton,1,0,5,12,6,6,0.29,0.43,4,8,H,3,1
15/09/2019,Watford,Arsenal,1,2,4,10,7,6,0.22,0.78,2,10,D,2,2
16/09/2019,Aston Villa,West Ham,1,2,4,10,9,9,0.35,0.23,3,10,D,0,0
20/09/2019,Southampton,Bournemouth,0,2,5,6,8,9,0.43,0.14,7,7,A,1,3
21/09/2019,Leicester,Tottenham,2,2,6,4,11,6,0.27,0.53,8,8,H,2,1
21/09/2019,Burnley,Norwich,2,0,6,7,9,12,0.0,0.0,5,6,H,2,0
21/09/2019,Man City,Watford,4,0,16,6,4,10,0.78,0.0,10,2,H,8,0
21/09/2019,Newcastle,Brighton,1,2,4,8,5,8,0.0,0.67,4,5,D,0,0
21/09/2019,Everton,Sheffield United,3,0,5,7,5,6,0.5,0.0,7,5,A,0,2
22/09/2019,Crystal Palace,Wolves,2,1,3,6,6,10,0.0,1.0,7,3,D,1,1
22/09/2019,West Ham,Man Utd,3,1,6,7,8,4,0.19,0.58,8,8,H,2,0
22/09/2019,Arsenal,Aston Villa,3,0,8,8,4,6,0.66,0.09,8,4,H,3,2
22/09/2019,Chelsea,Liverpool,2,5,11,11,15,4,0.41,0.32,8,15,A,1,2
28/09/2019,Crystal Palace,Norwich,2,0,4,7,8,10,0.33,0.17,7,6,H,2,0
28/09/2019,Everton,Man City,2,3,5,9,19,6,0.41,0.35,6,10,A,1,3
28/09/2019,Wolves,Watford,1,0,7,11,4,15,0.0,1.0,3,2,H,2,0
28/09/2019,Tottenham,Southampton,4,2,9,7,6,6,0.57,0.3,5,7,H,2,1
28/09/2019,Sheffield United,Liverpool,2,5,6,5,13,4,0.0,0.5,7,15,A,0,1
28/09/2019,Bournemouth,West Ham,2,2,10,9,8,2,0.43,0.29,9,11,D,2,2
28/09/2019,Aston Villa,Burnley,1,0,5,6,5,7,0.25,0.25,4,5,D,2,2
28/09/2019,Chelsea,Brighton,2,2,12,9,2,8,1.0,0.0,8,3,H,2,0
29/09/2019,Leicester,Newcastle,3,2,8,5,4,7,0.38,0.38,10,5,H,5,0
30/09/2019,Man Utd,Arsenal,3,2,4,6,10,10,0.46,0.24,5,8,D,1,1
05/10/2019,Watford,Sheffield United,0,1,4,16,5,6,0.0,1.0,2,4,D,0,0
05/10/2019,West Ham,Crystal Palace,4,1,9,3,6,6,0.45,0.27,11,10,A,1,2
05/10/2019,Norwich,Aston Villa,3,0,5,11,6,6,0.2,0.6,3,5,A,1,5
05/10/2019,Burnley,Everton,3,0,6,7,5,12,0.5,0.5,6,3,H,1,0
05/10/2019,Brighton,Tottenham,1,1,1,9,9,6,0.0,0.67,2,7,H,3,0
05/10/2019,Liverpool,Leicester,5,1,12,3,12,4,0.67,0.2,15,12,H,2,1
06/10/2019,Newcastle,Man Utd,0,0,3,9,4,6,0.12,0.64,5,5,H,1,0
06/10/2019,Southampton,Chelsea,0,2,6,6,13,8,0.17,0.61,7,10,A,1,4
06/10/2019,Man City,Wolves,4,1,20,5,8,10,0.56,0.22,12,5,A,0,2
06/10/2019,Arsenal,Bournemouth,4,2,9,10,10,10,0.71,0.14,6,7,H,1,0
19/10/2019,Tottenham,Watford,4,0,9,8,3,13,0.67,0.11,7,3,D,1,1
19/10/2019,Wolves,Southampton,2,2,9,9,5,10,0.33,0.67,7,4,D,1,1
19/10/2019,Leicester,Burnley,3,0,11,5,6,6,0.43,0.29,9,8,H,2,1
19/10/2019,Crystal Palace,Man City,3,3,6,6,17,6,0.08,0.83,10,9,A,0,2
19/10/2019,Bournemouth,Norwich,1,0,9,8,4,13,0.5,0.5,7,3,D,0,0
19/10/2019,Aston Villa,Brighton,1,1,9,7,4,7,0.0,0.0,5,5,H,2,1
19/10/2019,Everton,West Ham,2,2,5,11,7,4,0.52,0.19,3,8,H,2,0
19/10/2019,Chelsea,Newcastle,2,1,14,7,3,9,0.52,0.24,10,5,H,1,0
20/10/2019,Man Utd,Liverpool,3,5,3,5,11,3,0.56,0.31,5,15,D,1,1
21/10/2019,Sheffield United,Arsenal,1,1,4,4,9,7,0.5,0.5,5,9,H,1,0
25/10/2019,Southampton,Leicester,0,1,5,10,10,5,0.27,0.33,4,9,A,0,9
26/10/2019,West Ham,Sheffield United,3,1,5,6,3,2,0.5,0.5,5,7,D,1,1
26/10/2019,Watford,Bournemouth,0,2,3,13,8,5,0.14,0.14,3,8,D,0,0
26/10/2019,Burnley,Chelsea,4,3,7,5,13,5,0.11,0.67,8,12,A,2,4
26/10/2019,Man City,Aston Villa,3,1,15,6,11,7,0.63,0.2,9,8,H,3,0
26/10/2019,Brighton,Everton,2,0,5,5,4,9,0.0,0.67,5,3,H,3,2
27/10/2019,Newcastle,Wolves,1,2,2,9,8,7,0.29,0.14,4,8,D,1,1
27/10/2019,Arsenal,Crystal Palace,4,2,7,6,5,8,0.69,0.08,8,7,D,2,2
27/10/2019,Liverpool,Tottenham,5,1,9,4,8,7,0.46,0.27,13,7,H,2,1
27/10/2019,Norwich,Man Utd,3,0,4,11,3,5,0.3,0.7,4,5,A,1,3
02/11/2019,Aston Villa,Liverpool,2,4,11,10,8,4,0.16,0.59,7,13,A,1,2
02/11/2019,Arsenal,Wolves,3,1,7,6,7,3,0.78,0.0,8,9,D,1,1
02/11/2019,Brighton,Norwich,2,0,7,6,2,12,0.0,0.0,7,1,H,2,0
02/11/2019,Bournemouth,Man Utd,1,1,5,4,5,6,0.14,0.71,6,5,H,1,0
02/11/2019,Sheffield United,Burnley,2,0,4,2,8,8,0.0,0.0,8,7,H,3,0
02/11/2019,West Ham,Newcastle,2,1,6,7,2,7,0.26,0.48,5,5,A,2,3
02/11/2019,Watford,Chelsea,0,4,1,11,12,5,0.12,0.62,3,12,A,1,2
02/11/2019,Man City,Southampton,3,2,16,3,4,19,0.57,0.29,12,1,H,2,1
03/11/2019,Crystal Palace,Leicester,2,2,7,6,19,4,0.5,0.38,8,12,A,0,2
03/11/2019,Everton,Tottenham,3,0,5,9,5,9,0.19,0.44,3,4,D,1,1
08/11/2019,Norwich,Watford,2,0,2,12,2,5,0.5,0.5,1,3,A,0,2
09/11/2019,Newcastle,Bournemouth,1,2,5,9,3,3,0.4,0.4,7,6,H,2,1
09/11/2019,Chelsea,Crystal Palace,2,2,13,4,6,7,0.69,0.31,15,7,H,2,0
09/11/2019,Burnley,West Ham,3,1,6,11,6,10,0.22,0.67,4,2,H,3,0
09/11/2019,Tottenham,Sheffield United,3,1,5,8,5,2,0.5,0.5,5,8,D,1,1
09/11/2019,Leicester,Arsenal,4,1,19,3,5,5,0.07,0.67,12,6,H,2,0
09/11/2019,Southampton,Everton,0,0,4,18,6,8,0.26,0.43,1,4,A,1,2
10/11/2019,Man Utd,Brighton,2,1,5,5,9,6,0.33,0.67,5,9,H,3,1
10/11/2019,Wolves,Aston Villa,1,1,7,3,10,9,0.12,0.5,9,7,H,2,1
10/11/2019,Liverpool,Man City,5,4,8,4,10,4,0.46,0.2,13,12,H,3,1
23/11/2019,Watford,Burnley,0,0,4,3,7,9,0.4,0.6,6,6,A,0,3
23/11/2019,Brighton,Leicester,3,3,10,7,16,3,0.0,0.67,9,12,A,0,2
23/11/2019,Everton,Norwich,2,0,7,6,2,12,0.4,0.1,7,1,A,0,2
23/11/2019,Man City,Chelsea,4,5,8,6,13,4,0.29,0.6,9,15,H,2,1
23/11/2019,Bournemouth,Wolves,2,1,2,3,7,4,0.0,0.0,5,9,A,1,2
23/11/2019,Arsenal,Southampton,2,2,4,6,4,18,0.5,0.18,5,1,D,2,2
23/11/2019,West Ham,Tottenham,2,0,4,11,4,8,0.23,0.55,1,3,A,2,3
23/11/2019,Crystal Palace,Liverpool,2,4,4,9,10,5,0.38,0.54,4,13,A,1,2
24/11/2019,Sheffield United,Man Utd,2,1,6,2,7,5,0.0,1.0,9,7,D,3,3
25/11/2019,Aston Villa,Newcastle,2,2,9,9,7,5,0.2,0.4,6,10,H,2,0
30/11/2019,Burnley,Crystal Palace,3,2,9,9,3,10,0.43,0.43,6,1,A,0,2
30/11/2019,Chelsea,West Ham,3,1,10,5,5,12,0.61,0.19,12,1,A,0,1
30/11/2019,Newcastle,Man City,2,3,6,7,10,5,0.16,0.71,7,12,D,2,2
30/11/2019,Tottenham,Bournemouth,2,1,7,7,3,4,0.83,0.0,6,5,H,3,2
30/11/2019,Liverpool,Brighton,5,0,10,5,7,9,1.0,0.0,13,6,H,2,1
30/11/2019,Southampton,Watford,0,1,5,16,4,6,0.29,0.14,2,5,H,2,1
01/12/2019,Norwich,Arsenal,1,0,3,7,5,8,0.1,0.7,4,3,D,2,2
01/12/2019,Wolves,Sheffield United,2,1,7,5,9,5,0.0,0.0,9,9,D,1,1
01/12/2019,Leicester,Everton,5,1,17,1,7,7,0.2,0.4,15,7,H,2,1
01/12/2019,Man Utd,Aston Villa,2,1,10,7,6,8,0.78,0.03,8,6,D,2,2
03/12/2019,Crystal Palace,Bournemouth,1,1,5,8,5,7,0.14,0.29,4,4,H,1,0
03/12/2019,Burnley,Man City,3,2,8,9,10,7,0.11,0.56,6,10,A,1,4
04/12/2019,Man Utd,Tottenham,2,1,11,8,9,8,0.59,0.19,8,8,H,2,1
04/12/2019,Leicester,Watford,5,1,17,1,4,7,0.71,0.29,15,4,H,2,0
04/12/2019,Chelsea,Aston Villa,3,1,9,6,6,9,0.5,0.22,9,4,H,2,1
04/12/2019,Wolves,West Ham,2,1,7,5,6,10,0.4,0.4,9,4,H,2,0
04/12/2019,Liverpool,Everton,5,1,11,5,6,9,0.54,0.08,15,4,H,5,2
04/12/2019,Southampton,Norwich,1,1,6,16,5,9,0.38,0.38,4,4,H,2,1
05/12/2019,Sheffield United,Newcastle,2,1,9,6,8,8,0.5,0.5,7,8,A,0,2
05/12/2019,Arsenal,Brighton,2,0,7,9,7,9,0.5,0.5,4,6,A,1,2
07/12/2019,Bournemouth,Liverpool,2,4,5,8,14,6,0.14,0.71,3,15,A,0,3
07/12/2019,Everton,Chelsea,1,4,6,11,7,5,0.16,0.51,4,9,H,3,1
07/12/2019,Tottenham,Burnley,3,1,9,8,7,9,0.62,0.12,8,6,H,5,0
07/12/2019,Man City,Man Utd,4,1,11,8,10,8,0.4,0.4,10,8,A,1,2
07/12/2019,Watford,Crystal Palace,0,2,4,9,4,6,0.29,0.43,3,6,D,0,0
08/12/2019,Aston Villa,Leicester,2,3,7,8,10,1,0.4,0.3,4,15,A,1,4
08/12/2019,Newcastle,Southampton,2,1,9,7,8,8,0.33,0.33,10,7,H,2,1
08/12/2019,Norwich,Sheffield United,1,1,5,8,8,7,0.0,0.0,4,6,A,1,2
08/12/2019,Brighton,Wolves,3,2,6,8,8,4,1.0,0.0,6,11,D,2,2
09/12/2019,West Ham,Arsenal,1,0,5,11,6,9,0.13,0.65,3,3,A,1,3
14/12/2019,Sheffield United,Aston Villa,2,1,7,8,7,10,0.0,0.5,6,4,H,2,0
14/12/2019,Southampton,West Ham,2,1,8,8,4,11,0.33,0.44,7,3,A,0,1
14/12/2019,Leicester,Norwich,5,1,12,2,6,8,1.0,0.0,15,4,D,1,1
14/12/2019,Burnley,Newcastle,2,2,7,11,8,6,0.2,0.2,6,10,H,1,0
14/12/2019,Chelsea,Bournemouth,4,0,6,7,4,11,0.71,0.29,6,0,A,0,1
14/12/2019,Liverpool,Watford,5,1,15,5,3,7,0.78,0.11,15,4,H,2,0
15/12/2019,Arsenal,Man City,1,3,8,9,10,9,0.49,0.29,5,7,A,0,3
15/12/2019,Wolves,Tottenham,3,1,9,5,13,7,0.22,0.56,11,10,A,1,2
15/12/2019,Man Utd,Everton,2,1,12,8,8,11,0.65,0.16,11,6,D,1,1
16/12/2019,Crystal Palace,Brighton,2,1,4,4,6,10,0.33,0.33,7,4,D,1,1
21/12/2019,Man City,Leicester,3,4,12,6,11,3,0.5,0.33,10,13,H,3,1
21/12/2019,Norwich,Wolves,0,2,7,7,8,6,0.5,0.0,5,8,A,1,2
21/12/2019,Newcastle,Crystal Palace,3,2,6,6,5,3,0.45,0.09,7,8,H,1,0
21/12/2019,Brighton,Sheffield United,3,1,6,8,8,7,0.0,0.0,5,8,A,0,1
21/12/2019,Bournemouth,Burnley,1,1,4,9,5,11,0.4,0.6,3,6,A,0,1
21/12/2019,Aston Villa,Southampton,2,0,6,10,7,7,0.33,0.33,4,7,A,1,3
21/12/2019,Everton,Arsenal,2,1,7,11,8,10,0.16,0.62,4,5,D,0,0
22/12/2019,Watford,Man Utd,0,2,1,9,10,8,0.11,0.89,1,9,H,2,0
22/12/2019,Tottenham,Chelsea,3,3,14,7,4,8,0.19,0.49,12,3,A,0,2
26/12/2019,Aston Villa,Norwich,2,1,5,13,6,9,0.64,0.18,1,2,H,1,0
26/12/2019,Chelsea,Southampton,3,1,5,6,8,6,0.62,0.17,6,9,A,0,2
26/12/2019,Tottenham,Brighton,2,1,11,7,6,7,0.5,0.25,9,5,H,2,1
26/12/2019,Bournemouth,Arsenal,1,1,3,8,6,8,0.12,0.75,3,5,D,1,1
26/12/2019,Leicester,Liverpool,4,4,10,6,14,4,0.19,0.69,10,15,A,0,4
26/12/2019,Crystal Palace,West Ham,1,2,4,2,5,8,0.33,0.42,8,6,H,2,1
26/12/2019,Everton,Burnley,2,2,7,9,3,11,0.44,0.56,5,6,H,1,0
26/12/2019,Sheffield United,Watford,3,1,6,4,3,6,0.67,0.0,10,4,D,1,1
26/12/2019,Man Utd,Newcastle,2,2,7,7,7,4,0.62,0.15,8,10,H,4,1
27/12/2019,Wolves,Man City,2,3,8,6,13,6,0.3,0.5,8,10,H,3,2
28/12/2019,Norwich,Tottenham,0,2,4,8,10,6,0.2,0.5,1,9,D,2,2
28/12/2019,Burnley,Man Utd,2,2,3,10,9,6,0.11,0.56,6,10,A,0,2
28/12/2019,Watford,Aston Villa,1,0,3,5,4,11,0.5,0.25,5,3,H,3,0
28/12/2019,West Ham,Leicester,0,4,4,7,8,9,0.23,0.46,6,7,A,1,2
28/12/2019,Newcastle,Everton,3,1,6,6,7,7,0.27,0.48,9,8,A,1,2
28/12/2019,Brighton,Bournemouth,2,1,6,7,2,6,0.0,0.5,5,4,H,2,0
28/12/2019,Southampton,Crystal Palace,2,1,8,5,4,3,0.62,0.23,9,8,D,1,1
29/12/2019,Arsenal,Chelsea,0,3,5,7,5,7,0.24,0.41,5,6,A,1,2
29/12/2019,Liverpool,Wolves,5,2,16,3,10,7,0.62,0.12,15,10,H,1,0
29/12/2019,Man City,Sheffield United,4,2,13,7,6,4,0.5,0.0,9,10,H,2,0
01/01/2020,Burnley,Aston Villa,2,0,2,8,3,12,0.2,0.2,6,3,A,1,2
01/01/2020,Southampton,Tottenham,2,2,7,5,11,6,0.29,0.58,7,10,H,1,0
01/01/2020,Brighton,Chelsea,2,3,6,6,5,7,0.0,1.0,5,6,D,1,1
01/01/2020,Newcastle,Leicester,3,4,5,8,8,10,0.36,0.43,6,7,A,0,3
01/01/2020,Arsenal,Man Utd,0,2,5,7,9,5,0.24,0.45,5,10,H,2,0
01/01/2020,Norwich,Crystal Palace,0,1,5,8,4,4,0.14,0.43,2,6,D,1,1
01/01/2020,West Ham,Bournemouth,0,1,4,9,2,7,0.25,0.38,3,4,H,4,0
01/01/2020,Man City,Everton,4,2,11,6,7,3,0.37,0.4,9,11,H,2,1
01/01/2020,Watford,Wolves,2,2,6,3,8,8,0.5,0.5,8,7,H,2,1
02/01/2020,Liverpool,Sheffield United,5,2,15,2,6,4,0.67,0.0,15,10,H,2,0
10/01/2020,Sheffield United,West Ham,2,2,4,5,8,7,0.33,0.33,7,6,H,1,0
11/01/2020,Everton,Brighton,2,1,5,4,5,5,0.5,0.25,8,5,H,1,0
11/01/2020,Crystal Palace,Arsenal,2,1,5,5,4,6,0.07,0.64,6,5,D,1,1
11/01/2020,Chelsea,Burnley,2,2,5,5,3,5,0.7,0.1,7,6,H,3,0
11/01/2020,Leicester,Southampton,3,2,7,9,7,3,0.38,0.25,7,10,A,1,2
11/01/2020,Man Utd,Norwich,3,1,7,6,5,7,0.73,0.27,7,3,H,4,0
11/01/2020,Wolves,Newcastle,3,2,7,8,3,10,0.12,0.25,6,3,D,1,1
11/01/2020,Tottenham,Liverpool,3,4,6,7,12,0,0.26,0.47,7,15,A,0,1
12/01/2020,Bournemouth,Watford,1,1,2,8,8,4,0.12,0.12,4,10,A,0,3
12/01/2020,Aston Villa,Man City,2,2,4,9,12,5,0.19,0.65,6,12,A,1,6
18/01/2020,Arsenal,Sheffield United,1,2,5,4,3,5,0.33,0.67,6,7,D,1,1
18/01/2020,Man City,Crystal Palace,4,1,15,6,5,5,0.85,0.08,12,6,D,2,2
18/01/2020,Brighton,Aston Villa,1,1,4,5,5,13,0.0,1.0,4,6,D,1,1
18/01/2020,Watford,Tottenham,3,2,11,2,4,7,0.1,0.6,13,4,D,0,0
18/01/2020,Southampton,Wolves,3,2,9,3,7,7,0.5,0.25,13,7,A,2,3
18/01/2020,West Ham,Everton,1,1,7,5,5,3,0.19,0.53,6,10,D,1,1
18/01/2020,Newcastle,Chelsea,2,2,4,10,8,4,0.24,0.53,4,10,H,1,0
18/01/2020,Norwich,Bournemouth,0,1,4,10,1,11,0.33,0.33,2,1,H,1,0
19/01/2020,Burnley,Leicester,1,4,2,8,7,10,0.25,0.5,3,6,H,2,1
19/01/2020,Liverpool,Man Utd,5,2,10,0,10,5,0.3,0.54,15,9,H,2,0
21/01/2020,Crystal Palace,Southampton,2,3,7,6,8,5,0.21,0.57,7,10,A,0,2
21/01/2020,Sheffield United,Man City,2,3,3,6,14,7,0.0,0.67,5,10,A,0,1
21/01/2020,Everton,Newcastle,3,1,6,4,4,10,0.5,0.26,10,4,D,2,2
21/01/2020,Chelsea,Arsenal,2,1,6,5,6,5,0.42,0.24,7,6,D,2,2
21/01/2020,Bournemouth,Brighton,0,1,1,11,5,5,0.33,0.33,1,5,H,3,1
21/01/2020,Aston Villa,Watford,2,1,5,11,9,2,0.2,0.6,7,11,H,2,1
22/01/2020,Man Utd,Burnley,3,2,10,5,3,9,0.6,0.1,9,3,A,0,2
22/01/2020,Leicester,West Ham,2,2,7,9,7,6,0.5,0.21,6,4,H,4,1
22/01/2020,Tottenham,Norwich,3,1,4,5,4,8,0.45,0.18,5,5,H,2,1
23/01/2020,Wolves,Liverpool,2,5,8,8,10,0,0.11,0.67,7,15,A,1,2
29/01/2020,West Ham,Liverpool,1,5,7,8,8,1,0.16,0.68,4,15,A,0,2
01/02/2020,Watford,Everton,3,1,9,3,7,6,0.2,0.5,10,8,A,2,3
01/02/2020,Man Utd,Wolves,3,2,6,6,6,8,0.6,0.2,6,4,D,0,0
01/02/2020,West Ham,Brighton,1,1,6,8,5,6,0.0,0.75,4,5,D,3,3
01/02/2020,Newcastle,Norwich,3,0,5,8,5,9,0.36,0.36,5,5,D,0,0
01/02/2020,Liverpool,Southampton,5,4,9,1,8,5,0.5,0.29,15,10,H,4,0
01/02/2020,Crystal Palace,Sheffield United,2,2,5,7,2,6,0.0,1.0,4,4,A,0,1
01/02/2020,Bournemouth,Aston Villa,1,1,3,11,6,12,0.67,0.33,3,7,H,2,1
01/02/2020,Leicester,Chelsea,2,2,11,6,8,5,0.2,0.6,9,8,D,2,2
02/02/2020,Burnley,Arsenal,2,1,5,8,7,6,0.0,0.89,6,6,D,0,0
02/02/2020,Tottenham,Man City,3,4,4,5,13,4,0.47,0.36,5,13,H,2,0
08/02/2020,Everton,Crystal Palace,3,0,8,7,4,7,0.43,0.14,8,3,H,3,1
08/02/2020,Brighton,Watford,1,1,6,9,8,6,0.5,0.25,3,7,D,1,1
09/02/2020,Sheffield United,Bournemouth,2,1,3,4,5,10,0.0,0.0,7,6,H,2,1
14/02/2020,Wolves,Leicester,2,3,6,7,11,7,0.25,0.25,5,7,D,0,0
15/02/2020,Southampton,Burnley,2,2,7,8,5,6,0.25,0.5,9,7,A,1,2
15/02/2020,Norwich,Liverpool,1,5,3,7,11,1,0.0,0.82,5,15,A,0,1
16/02/2020,Aston Villa,Tottenham,2,1,7,11,4,3,0.18,0.52,7,7,A,2,3
16/02/2020,Arsenal,Newcastle,1,1,6,4,4,6,0.65,0.12,7,6,H,4,0
17/02/2020,Chelsea,Man Utd,2,2,8,6,4,6,0.37,0.29,6,4,A,0,2
19/02/2020,Man City,West Ham,3,1,11,6,5,11,0.63,0.2,10,2,H,2,0
12/09/2020,West Ham,Newcastle,1,0,5,12,4,7,0.25,0.5,2,6,A,0,2
12/09/2020,Liverpool,Leeds,5,1,11,1,5,15,0.5,0.25,15,1,H,4,3
12/09/2020,Fulham,Arsenal,1,0,5,11,8,4,0.11,0.7,4,7,A,0,3
12/09/2020,Crystal Palace,Southampton,1,4,4,9,7,10,0.2,0.6,2,6,H,1,0
13/09/2020,West Brom,Leicester,1,2,5,4,8,7,0.25,0.5,10,5,A,0,3
13/09/2020,Tottenham,Everton,3,2,7,4,10,6,0.43,0.19,10,11,A,0,1
14/09/2020,Brighton,Chelsea,1,2,6,9,7,7,0.0,0.75,3,5,A,1,3
14/09/2020,Sheffield United,Wolves,3,2,5,3,5,5,0.0,0.0,10,6,A,0,2
19/09/2020,Man Utd,Crystal Palace,2,0,6,4,4,8,0.71,0.07,7,4,A,1,3
19/09/2020,Leeds,Fulham,2,0,8,14,5,12,0.33,0.5,1,4,H,4,3
19/09/2020,Everton,West Brom,3,2,10,6,4,7,0.5,0.25,11,7,H,5,2
19/09/2020,Arsenal,West Ham,2,1,10,3,4,13,0.66,0.12,9,1,H,2,1
20/09/2020,Southampton,Tottenham,1,2,5,10,7,4,0.32,0.56,3,10,A,2,5
20/09/2020,Newcastle,Brighton,2,0,5,6,7,11,0.0,0.5,8,3,A,0,3
20/09/2020,Chelsea,Liverpool,1,5,7,8,13,4,0.39,0.34,5,15,A,0,2
20/09/2020,Leicester,Burnley,1,3,10,5,6,5,0.44,0.33,8,10,H,4,2
21/09/2020,Wolves,Man City,1,3,6,4,11,5,0.36,0.45,8,10,A,1,3
21/09/2020,Aston Villa,Sheffield United,2,2,7,13,4,5,0.33,0.33,4,7,H,1,0
26/09/2020,Burnley,Southampton,2,3,8,6,5,12,0.56,0.22,10,3,A,0,1
26/09/2020,West Brom,Chelsea,1,2,4,10,7,9,0.12,0.75,6,5,D,3,3
26/09/2020,Brighton,Man Utd,1,2,9,10,3,7,0.5,0.5,5,4,A,2,3
26/09/2020,Crystal Palace,Everton,2,3,5,7,14,7,0.13,0.47,6,13,A,1,2
27/09/2020,Man City,Leicester,4,3,8,5,13,5,0.54,0.31,10,11,A,2,5
27/09/2020,West Ham,Wolves,1,2,4,11,4,5,0.33,0.5,1,5,H,4,0
27/09/2020,Sheffield United,Leeds,2,1,3,5,11,15,0.0,0.0,6,4,A,0,1
27/09/2020,Tottenham,Newcastle,3,1,12,6,4,9,0.44,0.5,12,5,D,1,1
28/09/2020,Fulham,Aston Villa,1,1,5,14,7,7,0.23,0.35,1,7,A,0,3
28/09/2020,Liverpool,Arsenal,5,1,13,3,11,3,0.26,0.34,15,11,H,3,1
03/10/2020,Leeds,Man City,2,3,11,11,8,8,0.5,0.33,7,9,D,1,1
03/10/2020,Chelsea,Crystal Palace,1,1,8,10,6,7,0.71,0.29,5,6,H,4,0
03/10/2020,Everton,Brighton,4,1,14,6,10,10,0.6,0.2,15,5,H,4,2
03/10/2020,Newcastle,Burnley,1,2,3,8,6,6,0.17,0.33,5,7,H,3,1
04/10/2020,Wolves,Fulham,1,0,3,7,5,15,0.38,0.25,5,1,H,1,0
04/10/2020,Southampton,West Brom,1,2,4,12,6,13,0.44,0.31,3,4,H,2,0
04/10/2020,Leicester,West Ham,2,0,14,6,8,9,0.53,0.2,11,4,A,0,3
04/10/2020,Aston Villa,Liverpool,3,5,9,6,14,4,0.15,0.61,9,15,H,7,2
04/10/2020,Man Utd,Tottenham,2,2,6,7,11,6,0.61,0.18,7,10,A,1,6
04/10/2020,Arsenal,Sheffield United,3,1,10,4,3,5,0.25,0.5,10,6,H,2,1
17/10/2020,Man City,Arsenal,3,1,8,9,12,5,0.31,0.47,7,12,H,1,0
17/10/2020,Newcastle,Man Utd,2,3,6,9,7,11,0.14,0.63,7,7,A,1,4
17/10/2020,Everton,Liverpool,4,4,15,6,12,11,0.08,0.55,15,12,D,2,2
17/10/2020,Chelsea,Southampton,2,3,10,8,6,8,0.6,0.2,7,6,D,3,3
18/10/2020,Tottenham,West Ham,2,1,15,7,8,6,0.56,0.22,10,6,D,3,3
18/10/2020,Leicester,Aston Villa,2,2,12,7,14,7,0.36,0.36,10,9,A,0,1
18/10/2020,Sheffield United,Fulham,2,0,3,7,4,15,0.5,0.5,3,0,D,1,1
18/10/2020,Crystal Palace,Brighton,1,1,6,10,9,11,0.25,0.25,6,4,D,1,1
19/10/2020,Leeds,Wolves,1,2,9,9,4,7,0.5,0.5,7,7,A,0,1
19/10/2020,West Brom,Burnley,1,2,5,15,5,9,0.5,0.17,1,4,D,0,0
23/10/2020,Aston Villa,Leeds,3,1,14,5,9,9,0.25,0.38,12,7,A,0,3
24/10/2020,Liverpool,Sheffield United,5,1,13,13,2,7,0.75,0.0,10,1,H,2,1
24/10/2020,Man Utd,Chelsea,1,1,11,12,13,9,0.31,0.36,9,8,D,0,0
24/10/2020,West Ham,Man City,1,3,11,7,9,7,0.19,0.65,7,10,D,1,1
24/10/2020,Fulham,Crystal Palace,1,1,4,12,6,8,0.4,0.4,1,7,A,1,2
25/10/2020,Southampton,Everton,2,3,8,9,14,7,0.25,0.46,7,13,H,2,0
25/10/2020,Wolves,Newcastle,1,1,5,7,7,9,0.11,0.22,9,7,D,1,1
25/10/2020,Arsenal,Leicester,4,3,8,6,12,8,0.62,0.12,9,9,A,0,1
26/10/2020,Brighton,West Brom,0,2,9,11,5,13,0.5,0.5,4,2,D,1,1
26/10/2020,Burnley,Tottenham,1,3,5,9,15,8,0.11,0.67,4,8,A,0,1
30/10/2020,Wolves,Crystal Palace,1,2,4,8,7,9,0.5,0.0,7,7,H,2,0
31/10/2020,Sheffield United,Man City,1,2,3,7,8,8,0.0,0.75,1,8,A,0,1
31/10/2020,Burnley,Chelsea,1,1,3,9,10,8,0.09,0.73,1,6,A,0,3
31/10/2020,Liverpool,West Ham,5,1,11,11,12,6,0.69,0.16,10,8,H,2,1
01/11/2020,Man Utd,Arsenal,0,1,9,12,5,7,0.44,0.26,7,6,A,0,1
01/11/2020,Tottenham,Brighton,2,1,16,7,9,9,0.6,0.2,11,5,H,2,1
01/11/2020,Aston Villa,Southampton,3,2,12,5,10,8,0.32,0.37,12,10,A,3,4
01/11/2020,Newcastle,Everton,2,3,6,10,13,9,0.26,0.49,5,10,H,2,1
02/11/2020,Fulham,West Brom,1,1,5,11,6,11,0.44,0.19,1,3,H,2,0
02/11/2020,Leeds,Leicester,1,3,9,5,10,8,0.5,0.33,10,9,A,1,4
06/11/2020,Southampton,Newcastle,2,1,12,6,8,8,0.32,0.36,13,8,H,2,0
06/11/2020,Brighton,Burnley,0,2,7,11,1,8,0.0,0.25,2,1,D,0,0
07/11/2020,Chelsea,Sheffield United,1,1,13,6,3,7,0.67,0.0,9,1,H,4,1
07/11/2020,West Ham,Fulham,1,0,12,6,4,7,0.55,0.2,8,4,H,1,0
07/11/2020,Everton,Man Utd,3,3,9,9,8,10,0.16,0.63,7,7,A,1,3
07/11/2020,Crystal Palace,Leeds,1,2,4,10,6,6,0.0,0.0,4,7,H,4,1
08/11/2020,West Brom,Tottenham,1,4,4,8,13,6,0.17,0.38,3,11,A,0,1
08/11/2020,Leicester,Wolves,2,3,10,7,5,5,0.2,0.2,9,10,H,1,0
08/11/2020,Man City,Liverpool,3,3,6,7,11,12,0.19,0.47,8,10,D,1,1
08/11/2020,Arsenal,Aston Villa,3,3,4,6,14,9,0.67,0.09,6,9,A,0,3
21/11/2020,Man Utd,West Brom,0,0,8,9,1,6,0.62,0.17,7,2,H,1,0
21/11/2020,Newcastle,Chelsea,2,2,7,9,14,4,0.26,0.51,7,11,A,0,2
21/11/2020,Aston Villa,Brighton,2,1,14,9,5,8,0.5,0.0,9,3,A,1,2
21/11/2020,Tottenham,Man City,2,2,13,5,5,3,0.49,0.35,13,9,H,2,0
22/11/2020,Leeds,Arsenal,1,2,6,10,3,6,0.38,0.5,4,6,D,0,0
22/11/2020,Fulham,Everton,1,3,4,5,8,11,0.3,0.63,4,4,A,2,3
22/11/2020,Sheffield United,West Ham,1,1,4,10,9,6,0.5,0.25,1,8,A,0,1
22/11/2020,Liverpool,Leicester,5,4,9,12,6,5,0.71,0.18,8,9,H,3,0
23/11/2020,Burnley,Crystal Palace,1,2,1,7,7,9,0.38,0.5,2,7,H,1,0
23/11/2020,Wolves,Southampton,2,2,5,2,13,6,0.4,0.4,10,13,D,1,1
27/11/2020,Crystal Palace,Newcastle,2,1,7,6,4,10,0.08,0.5,7,4,A,0,2
28/11/2020,Brighton,Liverpool,0,2,5,5,10,5,0.0,1.0,6,11,D,1,1
28/11/2020,Man City,Burnley,2,1,4,4,1,4,0.6,0.1,8,5,H,5,0
28/11/2020,Everton,Leeds,3,2,7,11,5,9,0.38,0.25,4,4,A,0,1
28/11/2020,West Brom,Sheffield United,1,1,1,5,3,9,0.0,0.0,2,1,H,1,0
29/11/2020,Chelsea,Tottenham,2,5,12,4,9,4,0.5,0.18,11,13,D,0,0
29/11/2020,Southampton,Man Utd,3,4,12,7,8,3,0.17,0.58,11,10,A,2,3
29/11/2020,Arsenal,Wolves,3,2,1,5,5,3,0.7,0.0,4,8,A,1,2
30/11/2020,West Ham,Aston Villa,2,3,7,6,8,9,0.22,0.33,8,6,H,2,1
30/11/2020,Leicester,Fulham,2,0,6,5,6,7,0.0,0.4,9,4,A,1,2
05/12/2020,Burnley,Everton,1,3,1,9,5,10,0.5,0.5,4,3,D,1,1
05/12/2020,Man City,Fulham,3,1,8,4,7,7,0.48,0.16,8,6,H,2,0
05/12/2020,West Ham,Man Utd,3,5,6,4,7,4,0.22,0.56,10,10,A,1,3
05/12/2020,Chelsea,Leeds,2,3,9,1,6,8,0.38,0.25,11,7,H,3,1
06/12/2020,Sheffield United,Leicester,0,4,2,9,7,6,0.0,1.0,0,9,A,1,2
06/12/2020,West Brom,Crystal Palace,1,2,2,5,6,7,0.33,0.42,4,6,A,1,5
06/12/2020,Liverpool,Wolves,5,3,9,4,6,4,0.7,0.1,11,8,H,4,0
06/12/2020,Tottenham,Arsenal,2,2,6,1,2,6,0.18,0.42,13,4,H,2,0
07/12/2020,Brighton,Southampton,0,2,5,5,11,7,0.0,0.25,6,10,A,1,2
11/12/2020,Leeds,West Ham,1,2,4,11,6,6,0.67,0.17,4,9,A,1,2
12/12/2020,Wolves,Aston Villa,2,3,5,7,8,11,0.22,0.44,7,3,A,0,1
12/12/2020,Newcastle,West Brom,2,0,5,6,2,9,0.5,0.23,7,3,H,2,1
12/12/2020,Man Utd,Man City,1,2,10,5,9,3,0.42,0.39,12,10,D,0,0
12/12/2020,Everton,Chelsea,2,3,6,9,12,2,0.18,0.5,4,13,H,1,0
13/12/2020,Leicester,Brighton,2,2,8,7,5,6,0.75,0.0,9,5,H,3,0
13/12/2020,Arsenal,Burnley,2,0,2,7,2,9,0.8,0.0,4,5,A,0,1
13/12/2020,Southampton,Sheffield United,3,0,11,8,2,9,1.0,0.0,10,0,H,3,0
13/12/2020,Crystal Palace,Tottenham,2,4,9,7,7,1,0.14,0.71,6,13,D,1,1
13/12/2020,Fulham,Liverpool,1,1,6,7,11,3,0.22,0.63,6,11,D,1,1
15/12/2020,Wolves,Chelsea,2,2,3,8,9,3,0.2,0.8,4,10,H,2,1
15/12/2020,Man City,West Brom,3,0,8,3,3,9,0.71,0.17,8,3,D,1,1
16/12/2020,Leeds,Newcastle,0,2,4,9,6,6,0.12,0.75,4,9,H,5,2
16/12/2020,Arsenal,Southampton,1,3,1,8,10,5,0.48,0.17,1,10,D,1,1
16/12/2020,Leicester,Everton,2,2,7,6,6,7,0.25,0.38,9,7,A,0,2
16/12/2020,Liverpool,Tottenham,5,3,10,3,6,1,0.49,0.26,9,11,H,2,1
16/12/2020,West Ham,Crystal Palace,3,2,7,5,10,6,0.38,0.38,12,7,D,1,1
16/12/2020,Fulham,Brighton,1,1,5,8,4,7,0.0,0.0,4,5,D,0,0
17/12/2020,Aston Villa,Burnley,2,1,9,8,3,6,0.33,0.17,6,8,D,0,0
17/12/2020,Sheffield United,Man Utd,0,5,2,11,10,4,0.0,0.67,0,13,A,2,3
19/12/2020,Crystal Palace,Liverpool,1,0,7,6,11,3,0.36,0.57,5,11,A,0,7
19/12/2020,Southampton,Man City,4,1,9,6,8,3,0.27,0.59,8,8,A,0,1
19/12/2020,Everton,Arsenal,2,1,7,4,2,6,0.16,0.61,10,2,H,2,1
19/12/2020,Newcastle,Fulham,3,1,6,10,5,7,0.38,0.5,6,5,D,1,1
20/12/2020,Tottenham,Leicester,3,4,6,3,6,8,0.5,0.31,8,6,A,0,2
20/12/2020,Brighton,Sheffield United,0,0,4,7,3,10,0.0,1.0,5,0,D,1,1
20/12/2020,West Brom,Aston Villa,1,4,4,9,6,4,0.2,0.35,4,7,A,0,3
20/12/2020,Man Utd,Leeds,1,3,10,5,8,7,0.5,0.12,13,7,H,6,2
21/12/2020,Burnley,Wolves,1,2,3,6,5,8,0.0,0.75,8,7,H,2,1
21/12/2020,Chelsea,West Ham,3,3,6,4,7,6,0.59,0.22,7,10,H,3,0
26/12/2020,Aston Villa,Crystal Palace,1,2,6,4,7,12,0.22,0.56,7,5,H,3,0
26/12/2020,Fulham,Southampton,1,2,4,5,8,6,0.31,0.23,6,7,D,0,0
26/12/2020,Leicester,Man Utd,2,5,8,5,15,7,0.06,0.75,9,13,D,2,2
26/12/2020,Sheffield United,Everton,0,2,4,10,6,3,0.33,0.33,1,10,A,0,1
26/12/2020,Man City,Newcastle,3,1,9,1,7,9,0.69,0.16,11,7,H,2,0
26/12/2020,Arsenal,Chelsea,0,2,3,8,7,4,0.23,0.41,1,7,H,3,1
27/12/2020,Leeds,Burnley,1,1,10,13,4,7,0.0,0.0,6,8,H,1,0
27/12/2020,West Ham,Brighton,2,1,6,9,3,7,0.0,0.6,7,3,D,2,2
27/12/2020,Liverpool,West Brom,5,0,15,3,4,11,0.58,0.17,11,4,D,1,1
27/12/2020,Wolves,Tottenham,2,2,5,9,4,5,0.2,0.6,6,5,D,1,1
28/12/2020,Crystal Palace,Leicester,1,4,7,13,9,5,0.44,0.44,5,10,D,1,1
28/12/2020,Chelsea,Aston Villa,3,4,8,7,8,2,0.52,0.21,6,10,D,1,1
29/12/2020,Man Utd,Wolves,2,2,14,7,4,9,0.55,0.18,11,4,H,1,0
29/12/2020,Brighton,Arsenal,0,1,4,8,5,7,0.67,0.33,3,4,A,0,1
29/12/2020,Burnley,Sheffield United,2,0,4,3,4,10,0.0,1.0,8,1,H,1,0
29/12/2020,Southampton,West Ham,3,2,6,3,6,10,0.32,0.47,8,5,D,0,0
29/12/2020,West Brom,Leeds,1,2,4,12,10,13,0.0,0.5,2,6,A,0,5
30/12/2020,Newcastle,Liverpool,2,1,7,9,15,3,0.24,0.55,7,11,D,0,0
01/01/2021,Everton,West Ham,2,2,7,2,5,7,0.52,0.18,13,6,A,0,1
01/01/2021,Man Utd,Aston Villa,3,3,12,6,8,1,0.76,0.03,11,11,H,2,1
02/01/2021,Tottenham,Leeds,3,2,5,6,14,10,0.5,0.38,5,9,H,3,0
02/01/2021,Crystal Palace,Sheffield United,1,0,3,13,3,9,0.0,1.0,3,1,H,2,0
02/01/2021,Brighton,Wolves,0,1,3,7,4,6,0.5,0.0,3,4,D,3,3
02/01/2021,West Brom,Arsenal,1,2,3,12,6,5,0.17,0.67,2,7,A,0,4
03/01/2021,Newcastle,Leicester,2,3,5,9,8,5,0.33,0.47,5,8,A,1,2
03/01/2021,Chelsea,Man City,3,2,6,7,6,1,0.58,0.31,4,11,A,1,3
04/01/2021,Southampton,Liverpool,2,1,4,2,11,3,0.28,0.52,6,9,H,1,0
12/01/2021,Sheffield United,Newcastle,0,1,3,8,4,10,0.33,0.67,1,2,H,1,0
12/01/2021,Burnley,Man Utd,3,4,4,2,14,7,0.18,0.55,10,13,A,0,1
12/01/2021,Wolves,Everton,2,3,7,8,6,2,0.1,0.4,5,12,A,1,2
13/01/2021,Man City,Brighton,3,1,7,2,6,7,1.0,0.0,11,4,H,1,0
13/01/2021,Tottenham,Fulham,4,1,6,6,2,4,0.52,0.26,5,4,D,1,1
14/01/2021,Arsenal,Crystal Palace,1,1,10,4,4,12,0.6,0.07,10,5,D,0,0
16/01/2021,Wolves,West Brom,1,0,6,9,2,14,0.25,0.5,2,2,A,2,3
16/01/2021,Leeds,Brighton,2,1,13,11,6,8,0.0,0.0,9,3,A,0,1
16/01/2021,Leicester,Southampton,2,2,7,6,2,2,0.35,0.29,8,6,H,2,0
16/01/2021,West Ham,Burnley,2,1,4,6,3,3,0.6,0.3,6,7,H,1,0
16/01/2021,Fulham,Chelsea,1,2,3,3,7,9,0.04,0.59,5,4,A,0,1
17/01/2021,Sheffield United,Tottenham,1,1,2,5,6,6,0.33,0.33,4,5,A,1,3
17/01/2021,Liverpool,Man Utd,4,4,10,3,12,5,0.32,0.53,8,13,D,0,0
17/01/2021,Man City,Crystal Palace,4,1,8,2,3,11,0.79,0.07,13,5,H,4,0
18/01/2021,Arsenal,Newcastle,1,1,9,3,2,6,0.66,0.11,10,2,H,3,0
19/01/2021,West Ham,West Brom,2,1,4,5,4,15,0.35,0.2,8,4,H,2,1
19/01/2021,Leicester,Chelsea,2,2,9,4,7,7,0.19,0.56,11,7,H,2,0
20/01/2021,Fulham,Man Utd,0,3,2,3,6,3,0.11,0.7,4,11,A,1,2
20/01/2021,Man City,Aston Villa,4,2,11,1,8,3,0.66,0.19,15,8,H,2,0
21/01/2021,Liverpool,Burnley,3,1,8,2,3,4,0.8,0.1,6,6,A,0,1
23/01/2021,Aston Villa,Newcastle,1,1,8,5,1,8,0.23,0.39,7,1,H,2,0
26/01/2021,Crystal Palace,West Ham,1,3,3,8,6,3,0.36,0.36,5,11,A,2,3
26/01/2021,Newcastle,Leeds,1,2,1,8,8,10,0.67,0.22,1,6,A,1,2
26/01/2021,Southampton,Arsenal,2,2,1,3,11,1,0.17,0.46,5,13,A,1,3
26/01/2021,West Brom,Man City,1,3,5,14,12,1,0.16,0.68,4,15,A,0,5
27/01/2021,Chelsea,Wolves,2,1,4,9,7,10,0.73,0.27,4,2,D,0,0
27/01/2021,Brighton,Fulham,0,1,6,7,3,5,0.0,0.0,5,3,D,0,0
27/01/2021,Burnley,Aston Villa,3,2,2,3,7,5,0.14,0.29,6,7,H,3,2
27/01/2021,Man Utd,Sheffield United,4,0,6,2,2,7,0.75,0.0,13,3,A,1,2
27/01/2021,Everton,Leicester,2,3,7,3,9,4,0.41,0.24,12,11,D,1,1
28/01/2021,Tottenham,Liverpool,3,1,8,5,1,3,0.25,0.5,8,3,A,1,3
30/01/2021,Everton,Newcastle,2,0,6,4,2,10,0.47,0.28,10,0,A,0,2
30/01/2021,Crystal Palace,Wolves,1,0,5,8,6,9,0.0,0.67,5,2,H,1,0
30/01/2021,Man City,Sheffield United,4,1,15,1,4,7,0.8,0.0,15,6,H,1,0
30/01/2021,West Brom,Fulham,0,1,4,18,2,4,0.18,0.47,3,3,D,2,2
30/01/2021,Arsenal,Man Utd,2,3,11,1,6,4,0.28,0.42,13,10,D,0,0
30/01/2021,Southampton,Aston Villa,2,1,2,5,6,8,0.4,0.3,5,4,A,0,1
31/01/2021,Brighton,Tottenham,0,1,4,5,9,6,0.17,0.67,5,8,H,1,0
31/01/2021,West Ham,Liverpool,2,2,7,3,3,3,0.15,0.7,13,5,A,1,3
31/01/2021,Chelsea,Burnley,2,2,3,6,5,4,0.75,0.08,5,9,H,2,0
31/01/2021,Leicester,Leeds,3,2,8,3,8,5,0.43,0.43,11,9,A,1,3
02/02/2021,Man Utd,Southampton,3,1,4,3,2,6,0.6,0.16,8,4,H,9,0
02/02/2021,Newcastle,Crystal Palace,1,1,3,8,5,7,0.54,0.08,3,7,A,1,2
02/02/2021,Sheffield United,West Brom,1,1,4,7,6,15,0.0,1.0,6,4,H,2,1
02/02/2021,Wolves,Arsenal,1,3,6,9,10,1,0.09,0.64,2,11,H,2,1
03/02/2021,Liverpool,Brighton,2,1,6,4,5,4,0.8,0.0,7,8,A,0,1
03/02/2021,Aston Villa,West Ham,2,3,6,7,8,6,0.32,0.25,6,12,A,1,3
03/02/2021,Burnley,Man City,3,3,4,6,13,0,0.09,0.64,6,15,A,0,2
03/02/2021,Fulham,Leicester,0,3,4,6,8,5,0.5,0.0,3,10,A,0,2
03/02/2021,Leeds,Everton,2,4,10,6,4,5,0.33,0.33,9,7,A,1,2
04/02/2021,Tottenham,Chelsea,2,1,8,6,4,5,0.18,0.49,7,7,A,0,1
06/02/2021,Man Utd,Everton,4,4,12,3,5,6,0.64,0.15,8,7,D,3,3
06/02/2021,Fulham,West Ham,0,3,3,7,10,7,0.19,0.57,2,12,D,0,0
06/02/2021,Burnley,Brighton,3,2,4,7,3,1,0.2,0.0,6,10,D,1,1
06/02/2021,Aston Villa,Arsenal,2,3,6,8,7,3,0.12,0.65,6,8,H,1,0
06/02/2021,Newcastle,Southampton,0,1,4,9,2,15,0.35,0.35,3,3,H,3,2
07/02/2021,Tottenham,West Brom,1,1,5,7,7,13,0.4,0.16,4,4,H,2,0
07/02/2021,Wolves,Leicester,2,3,5,7,8,4,0.17,0.33,4,10,D,0,0
07/02/2021,Liverpool,Man City,1,4,6,4,14,0,0.46,0.19,7,15,A,1,4
07/02/2021,Sheffield United,Chelsea,2,2,6,6,4,2,0.0,0.75,9,10,A,1,2
08/02/2021,Leeds,Crystal Palace,2,1,6,8,5,8,0.0,1.0,6,7,H,2,0
13/02/2021,Crystal Palace,Burnley,2,1,5,10,5,7,0.44,0.44,6,7,A,0,3
13/02/2021,Leicester,Liverpool,2,3,6,4,7,8,0.17,0.72,8,6,H,3,1
13/02/2021,Brighton,Aston Villa,1,1,4,1,7,6,0.33,0.33,11,9,D,0,0
13/02/2021,Man City,Tottenham,5,1,14,1,6,6,0.34,0.5,15,6,H,3,0
14/02/2021,Southampton,Wolves,1,0,3,18,4,5,0.33,0.33,0,5,A,1,2
14/02/2021,West Brom,Man Utd,0,2,4,13,15,6,0.16,0.64,1,8,D,1,1
14/02/2021,Arsenal,Leeds,2,3,7,4,8,5,0.44,0.33,7,9,H,4,2
14/02/2021,Everton,Fulham,2,0,8,8,3,6,0.64,0.29,8,3,A,0,2
15/02/2021,West Ham,Sheffield United,2,1,9,7,6,8,0.4,0.4,10,6,H,3,0
15/02/2021,Chelsea,Newcastle,2,1,5,3,7,8,0.53,0.25,10,6,H,2,0
17/02/2021,Burnley,Fulham,2,1,7,7,4,4,0.0,0.67,7,6,D,1,1
17/02/2021,Everton,Man City,1,5,6,9,15,1,0.39,0.39,5,15,A,1,3
19/02/2021,Wolves,Leeds,1,3,4,3,10,8,0.67,0.33,8,9,H,1,0
20/02/2021,Southampton,Chelsea,1,3,4,18,7,1,0.19,0.58,0,13,D,1,1
20/02/2021,Burnley,West Brom,1,1,5,6,4,12,0.14,0.43,5,2,D,0,0
20/02/2021,Liverpool,Everton,0,4,8,10,6,11,0.54,0.08,6,4,A,0,2
20/02/2021,Fulham,Sheffield United,0,1,5,5,5,8,0.33,0.33,6,6,H,1,0
21/02/2021,Man Utd,Newcastle,3,1,14,6,7,8,0.64,0.14,6,6,H,3,1
21/02/2021,Aston Villa,Leicester,3,2,5,6,7,5,0.42,0.33,7,8,A,1,2
21/02/2021,West Ham,Tottenham,3,1,10,6,3,8,0.21,0.55,10,3,H,2,1
21/02/2021,Arsenal,Man City,3,5,8,6,13,2,0.46,0.32,7,15,A,0,1
22/02/2021,Brighton,Crystal Palace,1,1,3,1,5,9,0.2,0.2,9,6,A,1,2
23/02/2021,Leeds,Southampton,3,0,8,8,4,16,0.38,0.38,6,1,H,3,0
27/02/2021,Man City,West Ham,5,3,13,2,9,5,0.62,0.19,15,10,H,2,1
27/02/2021,West Brom,Brighton,0,2,4,7,4,3,0.33,0.33,3,8,H,1,0
27/02/2021,Leeds,Aston Villa,3,1,8,7,4,5,0.44,0.22,6,7,A,0,1
27/02/2021,Newcastle,Wolves,1,1,7,9,5,3,0.2,0.1,6,10,D,1,1
28/02/2021,Crystal Palace,Fulham,2,1,5,7,4,3,0.5,0.33,9,8,D,0,0
28/02/2021,Leicester,Arsenal,3,3,8,5,5,6,0.18,0.59,10,4,A,1,3
28/02/2021,Tottenham,Burnley,2,2,3,7,5,4,0.7,0.1,3,6,H,4,0
28/02/2021,Chelsea,Man Utd,2,2,8,2,16,5,0.35,0.3,13,9,D,0,0
28/02/2021,Sheffield United,Liverpool,2,2,3,8,5,11,0.0,0.8,3,3,A,0,2
01/03/2021,Everton,Southampton,0,0,8,9,4,18,0.44,0.28,7,1,H,1,0
02/03/2021,Man City,Wolves,5,1,13,3,6,3,0.5,0.33,15,11,H,4,1
03/03/2021,Sheffield United,Aston Villa,2,2,3,9,4,5,0.25,0.5,3,7,H,1,0
03/03/2021,Crystal Palace,Man Utd,2,1,4,7,16,5,0.13,0.67,7,9,D,0,0
03/03/2021,Burnley,Leicester,1,3,5,6,8,5,0.3,0.5,6,10,D,1,1
04/03/2021,Fulham,Tottenham,1,1,4,1,7,6,0.25,0.5,9,6,A,0,1
04/03/2021,Liverpool,Chelsea,0,3,4,10,6,2,0.36,0.38,3,11,A,0,1
04/03/2021,West Brom,Everton,1,4,3,5,7,8,0.24,0.52,5,7,A,0,1
06/03/2021,Burnley,Arsenal,0,3,5,6,8,7,0.09,0.73,6,6,D,1,1
06/03/2021,Sheffield United,Southampton,2,0,2,8,4,10,0.0,1.0,3,1,A,0,2
06/03/2021,Aston Villa,Wolves,3,1,3,3,5,6,0.5,0.2,7,8,D,0,0
06/03/2021,Brighton,Leicester,1,2,3,4,7,6,0.0,0.8,5,8,A,1,2
07/03/2021,Tottenham,Crystal Palace,2,2,8,5,2,6,0.67,0.13,9,5,H,4,1
07/03/2021,West Brom,Newcastle,1,1,2,4,6,10,0.22,0.52,5,4,D,0,0
07/03/2021,Liverpool,Fulham,0,1,4,10,4,2,0.61,0.21,3,8,A,0,1
07/03/2021,Man City,Man Utd,5,1,13,3,7,5,0.38,0.41,15,7,A,0,2
08/03/2021,West Ham,Leeds,4,2,9,4,7,6,0.29,0.57,10,6,H,2,0
08/03/2021,Chelsea,Everton,2,4,6,2,5,5,0.49,0.21,11,9,H,2,0
10/03/2021,Man City,Southampton,4,1,10,5,4,7,0.61,0.26,12,4,H,5,2
12/03/2021,Newcastle,Aston Villa,1,2,5,8,2,3,0.38,0.25,5,5,D,1,1
13/03/2021,Everton,Burnley,1,2,5,5,3,7,0.45,0.45,9,4,A,1,2
13/03/2021,Fulham,Man City,1,5,3,2,12,6,0.15,0.5,8,12,A,0,3
13/03/2021,Leeds,Chelsea,2,3,5,8,6,1,0.22,0.44,3,11,D,0,0
13/03/2021,Crystal Palace,West Brom,1,1,3,8,2,2,0.46,0.31,5,6,H,1,0
14/03/2021,Man Utd,West Ham,3,3,6,2,8,3,0.58,0.21,9,10,H,1,0
14/03/2021,Arsenal,Tottenham,2,2,8,6,10,6,0.41,0.21,7,9,H,2,1
14/03/2021,Leicester,Sheffield United,3,1,9,7,1,8,1.0,0.0,10,3,H,5,0
14/03/2021,Southampton,Brighton,1,2,5,10,3,6,0.4,0.0,4,2,A,1,2
15/03/2021,Wolves,Liverpool,2,3,5,6,3,7,0.09,0.73,8,3,A,0,1
19/03/2021,Fulham,Leeds,1,2,2,4,3,4,0.43,0.43,7,4,A,1,2
20/03/2021,Brighton,Newcastle,1,1,4,6,3,7,0.6,0.0,4,3,H,3,0
21/03/2021,Aston Villa,Tottenham,2,1,3,4,11,5,0.18,0.53,5,9,A,0,2
21/03/2021,West Ham,Arsenal,4,2,8,4,10,6,0.12,0.67,9,10,D,3,3
03/04/2021,Chelsea,West Brom,3,0,4,1,1,2,0.72,0.12,9,5,A,2,5
03/04/2021,Leeds,Sheffield United,2,1,5,4,1,10,1.0,0.0,7,3,H,2,1
03/04/2021,Leicester,Man City,3,5,11,6,14,6,0.36,0.5,10,12,A,0,2
03/04/2021,Arsenal,Liverpool,3,4,9,7,3,4,0.33,0.28,8,6,A,0,3
04/04/2021,Southampton,Burnley,0,3,5,11,4,7,0.3,0.5,3,6,H,3,2
04/04/2021,Newcastle,Tottenham,1,2,3,8,12,3,0.49,0.43,3,12,D,2,2
04/04/2021,Aston Villa,Fulham,1,2,2,4,2,6,0.37,0.22,5,4,H,3,1
04/04/2021,Man Utd,Brighton,3,3,6,1,7,6,0.6,0.4,11,6,H,2,1
05/04/2021,Wolves,West Ham,2,2,3,6,8,7,0.43,0.43,5,7,A,2,3
05/04/2021,Everton,Crystal Palace,1,2,5,4,4,5,0.5,0.12,9,8,D,1,1
09/04/2021,Fulham,Wolves,1,1,3,9,4,9,0.22,0.44,3,2,A,0,1
10/04/2021,Man City,Leeds,4,2,14,5,4,5,0.29,0.43,12,7,A,1,2
10/04/2021,Liverpool,Aston Villa,0,2,6,2,4,5,0.59,0.18,9,5,H,2,1
10/04/2021,Crystal Palace,Chelsea,2,3,3,5,5,5,0.27,0.73,6,8,A,1,4
11/04/2021,Tottenham,Man Utd,3,1,10,5,5,1,0.21,0.59,10,11,A,1,3
11/04/2021,Sheffield United,Arsenal,2,1,2,11,9,9,0.4,0.4,3,8,A,0,3
11/04/2021,Burnley,Newcastle,0,1,6,10,4,7,0.29,0.29,5,4,A,1,2
11/04/2021,West Ham,Leicester,3,3,9,8,9,7,0.25,0.5,7,7,H,3,2
12/04/2021,Brighton,Everton,2,3,7,6,4,5,0.17,0.67,6,7,D,0,0
12/04/2021,West Brom,Southampton,1,1,6,4,8,10,0.29,0.47,7,6,H,3,0
16/04/2021,Everton,Tottenham,1,2,3,5,10,8,0.21,0.42,5,7,D,2,2
17/04/2021,Newcastle,West Ham,1,2,5,7,11,8,0.52,0.24,6,10,H,3,2
17/04/2021,Wolves,Sheffield United,2,0,4,8,2,12,0.5,0.0,4,3,H,1,0
18/04/2021,Man Utd,Burnley,4,2,8,2,7,8,0.58,0.17,13,5,H,3,1
18/04/2021,Arsenal,Fulham,2,2,9,8,3,9,0.71,0.11,8,3,D,1,1
19/04/2021,Leeds,Liverpool,3,4,6,5,6,3,0.22,0.56,10,9,D,1,1
20/04/2021,Chelsea,Brighton,3,2,9,6,7,5,0.8,0.0,10,7,D,0,0
21/04/2021,Aston Villa,Man City,2,5,5,6,11,6,0.18,0.67,5,9,A,1,2
21/04/2021,Tottenham,Southampton,3,1,8,9,8,12,0.58,0.31,5,6,H,2,1
22/04/2021,Leicester,West Brom,2,1,10,7,8,4,0.56,0.22,7,7,H,3,0
23/04/2021,Arsenal,Everton,2,2,9,8,4,7,0.59,0.18,8,3,A,0,1
24/04/2021,Liverpool,Newcastle,1,1,7,3,8,9,0.53,0.24,10,8,D,1,1
24/04/2021,West Ham,Chelsea,4,3,11,11,8,6,0.21,0.61,7,8,A,0,1
24/04/2021,Sheffield United,Brighton,1,1,1,13,6,3,0.5,0.0,0,8,H,1,0
25/04/2021,Wolves,Burnley,2,2,4,4,7,10,0.6,0.2,7,4,A,0,4
25/04/2021,Leeds,Man Utd,2,2,7,4,11,3,0.11,0.56,11,15,D,0,0
25/04/2021,Aston Villa,West Brom,1,1,6,8,8,6,0.38,0.19,4,7,D,2,2
26/04/2021,Leicester,Crystal Palace,3,2,12,6,4,9,0.4,0.4,9,5,H,2,1
30/04/2021,Southampton,Leicester,1,2,7,14,12,6,0.28,0.39,3,9,D,1,1
01/05/2021,Crystal Palace,Man City,1,5,5,11,13,5,0.07,0.8,4,12,A,0,2
01/05/2021,Brighton,Leeds,1,2,4,3,7,4,1.0,0.0,5,11,H,2,0
01/05/2021,Chelsea,Fulham,2,1,7,6,3,10,0.61,0.04,8,1,H,2,0
01/05/2021,Everton,Aston Villa,1,1,5,5,7,9,0.33,0.3,6,4,A,1,2
02/05/2021,Newcastle,Arsenal,2,2,8,9,7,8,0.11,0.67,8,5,A,0,2
02/05/2021,Tottenham,Sheffield United,4,0,9,8,2,11,0.5,0.25,8,3,H,4,0
03/05/2021,Burnley,West Ham,0,1,10,9,11,11,0.27,0.64,6,7,A,1,2
03/05/2021,West Brom,Wolves,2,2,10,8,4,8,0.6,0.2,7,6,D,1,1
07/05/2021,Leicester,Newcastle,3,1,8,7,8,8,0.5,0.31,7,8,A,2,4
08/05/2021,Leeds,Tottenham,1,2,5,5,11,8,0.33,0.56,8,8,H,3,1
08/05/2021,Sheffield United,Crystal Palace,2,1,2,10,4,9,0.67,0.33,3,4,A,0,2
08/05/2021,Man City,Chelsea,3,3,10,3,9,6,0.32,0.57,12,10,A,1,2
08/05/2021,Liverpool,Southampton,1,1,8,3,6,10,0.5,0.31,11,4,H,2,0
09/05/2021,West Ham,Everton,3,3,10,9,5,5,0.21,0.5,9,6,A,0,1
09/05/2021,Wolves,Brighton,2,1,5,8,3,3,0.0,0.33,7,5,H,2,1
09/05/2021,Aston Villa,Man Utd,1,2,9,8,9,3,0.03,0.76,7,13,A,1,3
09/05/2021,Arsenal,West Brom,1,1,6,5,11,8,0.68,0.16,7,8,H,3,1
10/05/2021,Fulham,Burnley,1,2,3,9,9,10,0.5,0.0,1,3,A,0,2
11/05/2021,Man Utd,Leicester,4,2,11,4,10,9,0.71,0.06,13,7,A,1,2
11/05/2021,Southampton,Crystal Palace,1,2,5,10,5,9,0.56,0.25,4,4,H,3,1
12/05/2021,Chelsea,Arsenal,2,3,9,2,9,3,0.4,0.25,13,10,A,0,1
13/05/2021,Aston Villa,Everton,1,3,7,10,5,4,0.32,0.32,4,8,D,0,0
13/05/2021,Man Utd,Liverpool,4,3,10,5,9,3,0.51,0.31,10,11,A,2,4
14/05/2021,Newcastle,Man City,1,5,10,8,8,5,0.15,0.7,10,9,A,3,4
15/05/2021,Burnley,Leeds,0,2,9,7,6,5,0.0,1.0,6,8,A,0,4
15/05/2021,Southampton,Fulham,2,1,5,9,2,9,0.21,0.29,4,1,H,3,1
15/05/2021,Brighton,West Ham,2,2,3,3,7,8,0.5,0.0,5,6,D,1,1
16/05/2021,Crystal Palace,Aston Villa,1,2,5,11,6,8,0.5,0.3,3,5,H,3,2
16/05/2021,Tottenham,Wolves,4,1,10,9,5,6,0.55,0.18,7,10,H,2,0
16/05/2021,West Brom,Liverpool,2,4,7,9,10,5,0.16,0.56,5,11,A,1,2
16/05/2021,Everton,Sheffield United,1,0,5,4,1,10,0.5,0.25,8,3,A,0,1
18/05/2021,Man Utd,Fulham,3,1,9,8,2,9,0.71,0.11,7,1,D,1,1
18/05/2021,Southampton,Leeds,3,3,8,7,8,4,0.33,0.44,7,8,A,0,2
18/05/2021,Brighton,Man City,2,5,4,4,10,8,0.0,1.0,5,9,H,3,2
18/05/2021,Chelsea,Leicester,2,2,5,2,10,7,0.53,0.24,10,10,H,2,1
19/05/2021,Burnley,Liverpool,0,4,8,9,10,5,0.18,0.73,6,11,A,0,3
19/05/2021,West Brom,West Ham,1,2,5,11,5,7,0.19,0.38,2,4,A,1,3
19/05/2021,Crystal Palace,Arsenal,2,3,7,9,7,3,0.06,0.56,6,10,A,1,3
19/05/2021,Everton,Wolves,0,1,3,3,4,8,0.45,0.09,7,7,H,1,0
19/05/2021,Newcastle,Sheffield United,1,1,11,11,2,7,0.5,0.5,7,6,H,1,0
19/05/2021,Tottenham,Aston Villa,4,1,11,6,7,9,0.54,0.17,10,5,A,1,2
23/05/2021,Arsenal,Brighton,2,1,9,3,7,6,0.5,0.5,12,7,H,2,0
23/05/2021,Fulham,Newcastle,0,2,3,9,9,9,0.48,0.36,2,7,A,0,2
23/05/2021,Leicester,Tottenham,3,1,8,9,10,6,0.35,0.47,7,9,A,2,4
23/05/2021,Leeds,West Brom,2,1,9,3,6,11,0.67,0.0,10,2,H,3,1
23/05/2021,Aston Villa,Chelsea,1,4,7,8,7,3,0.21,0.5,7,12,H,2,1
23/05/2021,Sheffield United,Burnley,2,3,2,7,7,9,0.5,0.5,6,6,H,1,0
23/05/2021,Man City,Everton,2,2,11,9,3,3,0.41,0.38,9,7,H,5,0
23/05/2021,West Ham,Southampton,2,1,6,5,7,7,0.45,0.3,7,7,H,3,0
23/05/2021,Wolves,Man Utd,2,3,3,9,7,8,0.17,0.58,4,5,A,1,2
23/05/2021,Liverpool,Crystal Palace,2,1,12,4,7,10,0.6,0.33,13,6,H,2,0
13/08/2021,Brentford,Arsenal,0,4,0,0,11,2,0.0,0.0,0,15,H,2,0
14/08/2021,Watford,Aston Villa,3,2,7,6,7,8,0.5,0.33,5,7,H,3,2
14/08/2021,Leicester,Wolves,2,1,8,12,4,7,0.29,0.14,4,4,H,1,0
14/08/2021,Everton,Southampton,1,0,2,6,6,9,0.46,0.27,7,6,H,3,1
14/08/2021,Burnley,Brighton,0,0,3,10,7,7,0.17,0.0,3,7,A,1,2
14/08/2021,Man Utd,Leeds,2,4,9,9,12,4,0.5,0.1,7,12,H,5,1
14/08/2021,Chelsea,Crystal Palace,2,1,7,5,7,10,0.75,0.25,9,6,H,3,0
14/08/2021,Norwich,Liverpool,1,4,2,7,13,3,0.0,0.83,4,15,A,0,3
15/08/2021,Tottenham,Man City,3,4,12,7,14,8,0.49,0.36,9,9,H,1,0
15/08/2021,Newcastle,West Ham,2,3,10,8,9,4,0.53,0.23,9,10,A,2,4
21/08/2021,Man City,Norwich,2,0,12,9,2,6,0.55,0.18,6,4,H,5,0
21/08/2021,Brighton,Watford,3,1,7,8,7,8,0.4,0.2,7,5,H,2,0
21/08/2021,Leeds,Everton,3,2,13,7,4,7,0.3,0.4,12,7,D,2,2
21/08/2021,Crystal Palace,Brentford,2,0,5,13,2,0,0.0,0.0,3,3,D,0,0
21/08/2021,Aston Villa,Newcastle,1,3,8,8,12,10,0.24,0.36,7,9,H,2,0
21/08/2021,Liverpool,Burnley,3,2,14,3,3,10,0.75,0.17,15,3,H,2,0
22/08/2021,Southampton,Man Utd,3,4,7,10,11,9,0.15,0.62,6,7,D,1,1
22/08/2021,Wolves,Tottenham,2,2,3,7,9,7,0.17,0.58,3,9,A,0,1
22/08/2021,Arsenal,Chelsea,2,3,9,4,8,5,0.27,0.39,12,9,A,0,2
23/08/2021,West Ham,Leicester,2,2,11,5,8,11,0.29,0.47,10,6,H,4,1
28/08/2021,Brighton,Everton,3,2,8,6,6,9,0.14,0.57,10,7,A,0,2
28/08/2021,Man City,Arsenal,3,4,16,7,6,5,0.34,0.45,9,9,H,5,0
28/08/2021,Aston Villa,Brentford,2,0,10,8,2,0,0.0,0.0,9,4,D,1,1
28/08/2021,Newcastle,Southampton,2,0,8,10,5,10,0.38,0.33,6,4,D,2,2
28/08/2021,Norwich,Leicester,1,1,1,11,7,11,0.0,0.67,1,6,A,1,2
28/08/2021,Liverpool,Chelsea,4,4,12,1,8,4,0.35,0.4,15,9,D,1,1
28/08/2021,West Ham,Crystal Palace,3,1,15,5,4,10,0.4,0.33,13,4,D,2,2
29/08/2021,Wolves,Man Utd,2,3,1,7,11,8,0.15,0.62,0,8,A,0,1
29/08/2021,Burnley,Leeds,0,3,1,12,12,8,0.0,1.0,0,10,D,1,1
29/08/2021,Tottenham,Watford,4,1,9,4,7,10,0.55,0.09,12,4,H,1,0
11/09/2021,Crystal Palace,Tottenham,1,2,3,10,8,4,0.12,0.69,2,12,H,3,0
11/09/2021,Arsenal,Norwich,2,0,5,10,1,11,0.64,0.09,6,1,H,1,0
11/09/2021,Brentford,Brighton,1,1,3,1,7,7,0.0,0.0,5,9,A,0,1
11/09/2021,Leicester,Man City,3,3,7,11,17,4,0.33,0.53,6,9,A,0,1
11/09/2021,Chelsea,Aston Villa,3,2,9,4,9,6,0.49,0.23,10,10,H,3,0
11/09/2021,Southampton,West Ham,2,3,4,11,16,6,0.29,0.48,2,13,D,0,0
11/09/2021,Man Utd,Newcastle,2,3,10,4,7,8,0.65,0.14,11,7,H,4,1
11/09/2021,Watford,Wolves,3,1,6,9,1,6,0.67,0.33,4,0,A,0,2
12/09/2021,Leeds,Liverpool,2,4,9,9,11,1,0.2,0.5,8,13,A,0,3
13/09/2021,Everton,Burnley,2,2,8,8,2,9,0.42,0.5,10,1,H,3,1
17/09/2021,Newcastle,Leeds,1,2,7,12,7,12,0.6,0.3,4,5,D,1,1
18/09/2021,Wolves,Brentford,1,0,3,5,3,2,0.0,0.0,3,5,A,0,2
18/09/2021,Aston Villa,Everton,2,2,7,8,10,9,0.31,0.31,7,10,H,3,0
18/09/2021,Norwich,Watford,1,1,1,12,4,8,0.33,0.67,0,4,A,1,3
18/09/2021,Man City,Southampton,3,0,16,1,4,9,0.62,0.25,12,3,D,0,0
18/09/2021,Burnley,Arsenal,0,3,3,9,3,9,0.08,0.67,1,6,A,0,1
18/09/2021,Liverpool,Crystal Palace,3,1,11,1,5,7,0.62,0.31,13,5,H,3,0
19/09/2021,Brighton,Leicester,3,2,5,5,6,10,0.0,0.83,9,6,H,2,1
19/09/2021,West Ham,Man Utd,2,3,13,5,13,4,0.21,0.59,11,13,A,1,2
19/09/2021,Tottenham,Chelsea,4,3,7,5,10,3,0.18,0.5,12,10,A,0,3
25/09/2021,Chelsea,Man City,4,3,12,1,11,1,0.58,0.32,13,10,A,0,1
25/09/2021,Watford,Newcastle,2,2,6,8,6,13,0.5,0.25,6,2,D,1,1
25/09/2021,Brentford,Liverpool,1,5,5,2,12,1,0.0,0.0,8,13,D,3,3
25/09/2021,Leicester,Burnley,2,2,5,8,3,9,0.45,0.27,6,1,D,2,2
25/09/2021,Leeds,West Ham,2,3,5,12,11,7,0.5,0.38,3,8,A,1,2
25/09/2021,Man Utd,Aston Villa,2,2,13,4,8,7,0.77,0.03,13,7,A,0,1
25/09/2021,Everton,Norwich,3,0,10,7,2,14,0.36,0.18,10,0,H,2,0
26/09/2021,Southampton,Wolves,2,1,4,6,2,5,0.29,0.43,4,3,A,0,1
26/09/2021,Arsenal,Tottenham,3,2,2,9,3,6,0.42,0.2,6,9,H,3,1
27/09/2021,Crystal Palace,Brighton,2,2,5,8,7,4,0.33,0.17,5,12,D,1,1
02/10/2021,Leeds,Watford,2,1,5,9,4,7,0.0,0.0,3,4,H,1,0
02/10/2021,Burnley,Norwich,0,0,4,9,2,13,1.0,0.0,2,0,D,0,0
02/10/2021,Brighton,Arsenal,3,3,6,4,5,8,0.4,0.6,10,9,D,0,0
02/10/2021,Wolves,Newcastle,1,2,3,4,5,10,0.09,0.18,6,3,H,2,1
02/10/2021,Man Utd,Everton,2,1,8,4,9,6,0.62,0.15,10,10,D,1,1
02/10/2021,Chelsea,Southampton,3,0,9,2,3,4,0.56,0.19,10,4,H,3,1
03/10/2021,Liverpool,Man City,4,3,12,4,12,0,0.45,0.21,11,13,D,2,2
03/10/2021,West Ham,Brentford,2,1,9,6,6,5,0.0,0.0,8,6,A,1,2
03/10/2021,Crystal Palace,Leicester,2,2,6,6,6,10,0.36,0.45,6,4,D,2,2
03/10/2021,Tottenham,Aston Villa,3,2,3,9,7,4,0.53,0.19,6,10,H,2,1
16/10/2021,Southampton,Leeds,1,2,3,6,4,7,0.3,0.5,3,5,H,1,0
16/10/2021,Watford,Liverpool,1,4,4,6,12,6,0.1,0.8,4,9,A,0,5
16/10/2021,Aston Villa,Wolves,3,2,6,6,5,4,0.45,0.18,7,9,A,2,3
16/10/2021,Leicester,Man Utd,1,4,7,8,8,4,0.11,0.67,5,10,H,4,2
16/10/2021,Man City,Burnley,3,1,9,2,4,7,0.67,0.08,11,3,H,2,0
16/10/2021,Norwich,Brighton,1,2,2,8,4,4,0.0,1.0,1,8,D,0,0
16/10/2021,Brentford,Chelsea,1,3,8,6,10,3,0.0,0.0,8,10,A,0,1
17/10/2021,Newcastle,Tottenham,1,2,6,10,4,10,0.47,0.42,3,6,A,2,3
17/10/2021,Everton,West Ham,4,3,8,5,6,7,0.51,0.2,10,5,A,0,1
18/10/2021,Arsenal,Crystal Palace,4,0,5,6,8,8,0.59,0.06,10,6,D,2,2
22/10/2021,Arsenal,Aston Villa,3,2,7,3,7,8,0.63,0.14,11,6,H,3,1
23/10/2021,Brighton,Man City,3,2,4,2,6,2,0.17,0.83,9,11,A,1,4
23/10/2021,Leeds,Wolves,2,3,3,7,8,5,0.25,0.75,4,12,D,1,1
23/10/2021,Southampton,Burnley,1,0,2,4,3,8,0.36,0.45,5,2,D,2,2
23/10/2021,Crystal Palace,Newcastle,1,1,8,8,6,11,0.14,0.5,6,2,D,1,1
23/10/2021,Chelsea,Norwich,4,0,10,2,1,6,0.82,0.0,12,2,H,7,0
23/10/2021,Everton,Watford,4,1,6,6,4,10,0.55,0.18,7,4,A,2,5
24/10/2021,Brentford,Leicester,1,1,7,6,9,9,0.0,0.0,7,5,A,1,2
24/10/2021,West Ham,Tottenham,2,3,5,5,6,12,0.24,0.53,7,6,H,1,0
24/10/2021,Man Utd,Liverpool,2,4,9,8,16,5,0.5,0.32,7,11,A,0,5
30/10/2021,Liverpool,Brighton,3,2,18,5,4,6,0.67,0.17,11,6,D,2,2
30/10/2021,Leicester,Arsenal,2,2,11,9,9,4,0.17,0.61,8,11,A,0,2
30/10/2021,Burnley,Brentford,0,2,4,7,8,7,0.0,0.0,3,7,H,3,1
30/10/2021,Tottenham,Man Utd,3,3,6,10,5,12,0.2,0.6,6,4,A,0,3
30/10/2021,Newcastle,Chelsea,1,3,6,8,14,2,0.24,0.54,3,12,A,0,3
30/10/2021,Watford,Southampton,1,0,9,10,4,6,0.12,0.38,7,5,A,0,1
30/10/2021,Man City,Crystal Palace,4,0,9,3,6,9,0.81,0.06,11,4,A,0,2
31/10/2021,Norwich,Leeds,0,1,1,12,4,5,0.0,0.0,2,5,A,1,2
31/10/2021,Aston Villa,West Ham,3,4,8,8,6,5,0.31,0.28,6,9,A,1,4
01/11/2021,Wolves,Everton,1,1,7,6,5,10,0.08,0.5,10,4,H,2,1
05/11/2021,Southampton,Aston Villa,1,1,5,6,6,12,0.38,0.33,7,3,H,1,0
06/11/2021,Brentford,Norwich,1,0,7,10,1,11,0.0,0.0,4,2,A,1,2
06/11/2021,Man Utd,Man City,2,3,6,11,9,5,0.42,0.37,4,10,A,0,2
06/11/2021,Crystal Palace,Wolves,1,3,8,6,9,5,0.25,0.5,7,13,H,2,0
06/11/2021,Chelsea,Burnley,4,0,14,2,7,7,0.77,0.08,12,6,D,1,1
06/11/2021,Brighton,Newcastle,2,0,4,7,5,10,0.67,0.0,4,2,D,1,1
07/11/2021,Arsenal,Watford,3,2,10,4,6,10,0.7,0.2,11,4,H,1,0
07/11/2021,Everton,Tottenham,3,2,6,9,6,10,0.21,0.41,4,6,D,0,0
07/11/2021,Leeds,Leicester,1,2,5,5,10,9,0.5,0.38,7,8,D,1,1
07/11/2021,West Ham,Liverpool,2,4,9,4,17,7,0.15,0.71,12,9,H,3,2
20/11/2021,Leicester,Chelsea,2,4,9,8,15,2,0.22,0.56,8,13,A,0,3
20/11/2021,Aston Villa,Brighton,2,2,5,13,4,7,0.25,0.25,0,4,H,2,0
20/11/2021,Newcastle,Brentford,0,2,5,10,5,9,0.0,0.0,2,3,D,3,3
20/11/2021,Burnley,Crystal Palace,1,1,6,6,9,5,0.5,0.4,6,9,D,3,3
20/11/2021,Norwich,Southampton,0,1,3,10,6,5,0.33,0.44,5,10,H,2,1
20/11/2021,Liverpool,Arsenal,2,2,16,7,8,3,0.3,0.32,8,11,H,4,0
20/11/2021,Wolves,West Ham,2,4,8,7,10,5,0.38,0.5,10,12,H,1,0
20/11/2021,Watford,Man Utd,1,3,5,10,6,12,0.2,0.8,3,4,H,4,1
21/11/2021,Man City,Everton,3,1,10,5,4,9,0.42,0.37,10,2,H,3,0
21/11/2021,Tottenham,Leeds,3,1,5,7,5,4,0.5,0.4,7,8,H,2,1
27/11/2021,Crystal Palace,Aston Villa,2,1,10,6,6,11,0.55,0.27,9,3,A,1,2
27/11/2021,Arsenal,Newcastle,4,0,8,7,7,11,0.68,0.11,10,3,H,2,0
27/11/2021,Norwich,Wolves,1,3,5,11,7,6,0.33,0.33,7,10,D,0,0
27/11/2021,Liverpool,Southampton,2,1,18,5,6,4,0.52,0.3,10,10,H,4,0
27/11/2021,Brighton,Leeds,1,1,4,9,5,6,1.0,0.0,3,5,D,0,0
28/11/2021,Brentford,Everton,0,1,6,11,3,11,0.0,0.0,1,1,H,1,0
28/11/2021,Leicester,Watford,1,2,7,9,9,10,0.75,0.25,7,6,H,4,2
28/11/2021,Man City,West Ham,3,3,11,3,9,4,0.64,0.18,12,12,H,2,1
28/11/2021,Chelsea,Man Utd,3,3,15,1,6,15,0.34,0.29,13,3,D,1,1
30/11/2021,Newcastle,Norwich,0,1,5,10,5,11,0.33,0.33,3,7,D,1,1
30/11/2021,Leeds,Crystal Palace,1,1,5,5,9,6,0.5,0.5,6,8,H,1,0
01/12/2021,West Ham,Brighton,2,1,9,6,4,9,0.0,0.43,9,3,D,1,1
01/12/2021,Watford,Chelsea,1,4,11,9,15,2,0.11,0.67,6,11,A,1,2
01/12/2021,Southampton,Leicester,2,2,5,8,7,9,0.26,0.37,7,7,D,2,2
01/12/2021,Aston Villa,Man City,2,4,6,9,11,4,0.18,0.68,6,12,A,1,2
01/12/2021,Everton,Liverpool,2,3,3,11,17,5,0.1,0.52,1,10,A,1,4
01/12/2021,Wolves,Burnley,3,0,4,4,9,9,0.5,0.33,8,6,D,0,0
02/12/2021,Tottenham,Brentford,3,2,5,7,7,10,0.0,0.0,7,4,H,2,0
02/12/2021,Man Utd,Arsenal,1,2,5,12,8,5,0.41,0.27,4,12,H,3,2
04/12/2021,Watford,Man City,1,4,7,9,9,4,0.0,0.8,3,12,A,1,3
04/12/2021,Wolves,Liverpool,3,3,3,3,16,6,0.08,0.75,8,10,A,0,1
04/12/2021,West Ham,Chelsea,2,5,9,7,10,3,0.21,0.62,7,11,H,3,2
04/12/2021,Newcastle,Burnley,0,0,5,10,9,7,0.38,0.25,3,7,H,1,0
04/12/2021,Southampton,Brighton,2,0,5,8,4,6,0.33,0.17,7,4,D,1,1
05/12/2021,Leeds,Brentford,2,2,5,4,6,10,0.0,0.0,8,4,D,2,2
05/12/2021,Man Utd,Crystal Palace,1,1,8,9,8,6,0.62,0.12,7,7,H,1,0
05/12/2021,Tottenham,Norwich,3,1,4,5,6,5,0.5,0.17,7,8,H,3,0
05/12/2021,Aston Villa,Leicester,2,1,6,8,7,10,0.38,0.38,6,5,H,2,1
06/12/2021,Everton,Arsenal,1,2,2,10,7,7,0.2,0.57,1,9,H,2,1
10/12/2021,Brentford,Watford,1,2,7,9,8,11,0.0,0.0,5,3,H,2,1
11/12/2021,Chelsea,Leeds,2,1,9,6,5,5,0.4,0.2,8,6,H,3,2
11/12/2021,Liverpool,Aston Villa,3,2,15,4,7,5,0.6,0.17,12,9,H,1,0
11/12/2021,Arsenal,Southampton,4,1,6,9,5,9,0.48,0.16,6,5,H,3,0
11/12/2021,Man City,Wolves,3,2,12,3,1,3,0.54,0.31,15,5,H,1,0
11/12/2021,Norwich,Man Utd,1,2,5,6,6,9,0.25,0.75,8,7,A,0,1
12/12/2021,Crystal Palace,Everton,1,0,6,7,3,9,0.12,0.47,4,4,H,3,1
12/12/2021,Burnley,West Ham,1,3,7,6,8,8,0.25,0.67,6,7,D,0,0
12/12/2021,Leicester,Newcastle,2,0,8,10,6,7,0.47,0.35,5,6,H,4,0
14/12/2021,Man City,Leeds,4,1,11,3,6,7,0.25,0.5,15,5,H,7,0
14/12/2021,Norwich,Aston Villa,1,1,3,6,7,5,0.17,0.67,5,9,A,0,2
15/12/2021,Crystal Palace,Southampton,2,1,7,8,4,12,0.24,0.59,4,2,D,2,2
15/12/2021,Arsenal,West Ham,4,2,8,9,5,6,0.65,0.12,6,5,H,2,0
15/12/2021,Brighton,Wolves,1,1,3,5,1,2,0.25,0.25,4,5,A,0,1
16/12/2021,Chelsea,Everton,3,0,11,7,4,12,0.5,0.2,10,3,D,1,1
16/12/2021,Liverpool,Newcastle,3,0,14,1,5,10,0.51,0.23,15,5,H,3,1
18/12/2021,Leeds,Arsenal,2,1,5,12,10,5,0.3,0.5,5,9,A,1,4
19/12/2021,Newcastle,Man City,1,4,3,10,15,3,0.15,0.71,4,15,A,0,4
19/12/2021,Wolves,Chelsea,3,4,1,2,9,8,0.25,0.67,5,8,D,0,0
19/12/2021,Tottenham,Liverpool,4,4,7,4,13,2,0.24,0.51,10,15,D,2,2
26/12/2021,Aston Villa,Chelsea,2,3,7,5,8,7,0.22,0.5,9,8,A,1,3
26/12/2021,Brighton,Brentford,0,1,2,5,8,8,1.0,0.0,3,8,H,2,0
26/12/2021,West Ham,Southampton,3,1,5,7,5,12,0.45,0.27,5,3,A,2,3
26/12/2021,Man City,Leicester,4,1,17,2,11,9,0.56,0.31,15,7,H,6,3
26/12/2021,Norwich,Arsenal,1,2,1,7,12,6,0.08,0.67,2,9,A,0,5
26/12/2021,Tottenham,Crystal Palace,3,1,9,3,6,7,0.65,0.18,11,4,H,3,0
27/12/2021,Newcastle,Man Utd,1,2,3,12,7,7,0.13,0.66,4,10,D,1,1
28/12/2021,Crystal Palace,Norwich,2,1,5,8,1,12,0.38,0.12,4,1,H,3,0
28/12/2021,Southampton,Tottenham,2,1,8,10,12,3,0.3,0.59,6,13,D,1,1
28/12/2021,Watford,West Ham,1,1,9,12,6,8,0.44,0.33,3,5,A,1,4
28/12/2021,Leicester,Liverpool,3,3,14,12,11,4,0.21,0.68,7,13,H,1,0
29/12/2021,Chelsea,Brighton,2,0,9,7,4,3,0.67,0.0,8,6,D,1,1
29/12/2021,Brentford,Man City,2,5,5,7,21,4,0.0,0.0,7,15,A,0,1
30/12/2021,Man Utd,Burnley,2,0,7,4,4,5,0.62,0.15,11,4,H,3,1
01/01/2022,Watford,Tottenham,1,1,6,15,11,3,0.08,0.58,0,11,A,0,1
01/01/2022,Arsenal,Man City,5,5,15,3,19,3,0.44,0.36,12,15,A,1,2
01/01/2022,Crystal Palace,West Ham,3,1,8,7,9,8,0.31,0.38,7,7,A,2,3
02/01/2022,Leeds,Burnley,1,0,6,16,4,7,0.67,0.0,4,3,H,3,1
02/01/2022,Chelsea,Liverpool,1,2,8,5,7,4,0.39,0.34,9,10,D,2,2
02/01/2022,Brentford,Aston Villa,2,2,4,8,6,7,0.0,0.0,4,6,H,2,1
02/01/2022,Everton,Brighton,1,0,5,10,5,4,0.62,0.12,4,6,A,2,3
03/01/2022,Man Utd,Wolves,3,1,9,4,1,2,0.64,0.14,13,5,A,0,1
11/01/2022,Southampton,Brentford,1,0,7,9,6,7,0.0,0.0,6,7,H,4,1
12/01/2022,West Ham,Norwich,3,1,9,8,0,14,0.43,0.14,7,0,H,2,0
14/01/2022,Brighton,Crystal Palace,1,1,7,5,10,9,0.14,0.29,8,7,D,1,1
15/01/2022,Norwich,Everton,1,0,0,13,7,12,0.17,0.42,0,4,H,2,1
15/01/2022,Aston Villa,Man Utd,2,2,6,7,6,3,0.06,0.75,6,10,D,2,2
15/01/2022,Man City,Chelsea,5,3,20,4,7,5,0.33,0.56,15,7,H,1,0
15/01/2022,Newcastle,Watford,1,1,3,12,4,12,0.22,0.44,4,0,D,1,1
15/01/2022,Wolves,Southampton,2,1,2,2,10,9,0.5,0.25,7,8,H,3,1
16/01/2022,Liverpool,Brentford,4,0,8,6,5,9,0.0,0.0,8,6,H,3,0
16/01/2022,West Ham,Leeds,3,1,11,8,8,17,0.44,0.44,9,4,A,2,3
18/01/2022,Brighton,Chelsea,1,2,7,5,6,5,0.0,0.57,8,6,D,1,1
19/01/2022,Brentford,Man Utd,3,1,3,11,7,5,0.0,0.0,3,8,A,1,3
19/01/2022,Leicester,Tottenham,3,2,11,10,10,3,0.33,0.5,7,11,A,2,3
21/01/2022,Watford,Norwich,1,1,4,11,2,13,0.75,0.25,1,3,A,0,3
22/01/2022,Man Utd,West Ham,3,2,9,6,13,9,0.6,0.2,8,9,H,1,0
22/01/2022,Southampton,Man City,2,5,11,9,14,4,0.24,0.6,8,15,D,1,1
22/01/2022,Brentford,Wolves,3,2,4,12,5,2,1.0,0.0,3,10,A,1,2
22/01/2022,Everton,Aston Villa,1,2,7,10,6,8,0.31,0.33,4,4,A,0,1
22/01/2022,Leeds,Newcastle,2,0,9,17,3,13,0.27,0.55,6,2,A,0,1
23/01/2022,Chelsea,Tottenham,1,2,7,6,10,5,0.51,0.17,6,11,H,2,0
23/01/2022,Leicester,Brighton,3,1,11,11,8,5,0.71,0.14,6,9,D,1,1
23/01/2022,Arsenal,Burnley,4,0,15,3,2,7,0.69,0.08,12,2,D,0,0
23/01/2022,Crystal Palace,Liverpool,2,2,8,9,10,6,0.29,0.65,5,8,A,1,3
05/02/2022,Burnley,Watford,1,1,2,7,3,11,0.67,0.33,2,1,D,0,0
08/02/2022,Burnley,Man Utd,1,2,2,6,9,5,0.14,0.64,3,10,D,1,1
08/02/2022,West Ham,Watford,2,0,11,7,2,9,0.4,0.4,9,2,H,1,0
08/02/2022,Newcastle,Everton,1,0,4,9,5,10,0.3,0.46,5,1,H,3,1
09/02/2022,Man City,Brentford,5,0,11,5,5,13,1.0,0.0,13,3,H,2,0
09/02/2022,Norwich,Crystal Palace,1,0,5,11,7,10,0.11,0.44,6,4,D,1,1
09/02/2022,Tottenham,Southampton,4,1,8,5,10,8,0.57,0.29,10,8,A,2,3
09/02/2022,Aston Villa,Leeds,2,1,7,7,7,15,0.3,0.4,7,6,D,3,3
10/02/2022,Liverpool,Leicester,5,1,10,6,11,10,0.65,0.25,8,7,H,2,0
10/02/2022,Wolves,Arsenal,2,2,7,2,12,3,0.17,0.58,13,10,A,0,1
12/02/2022,Everton,Leeds,1,1,5,10,10,11,0.36,0.27,1,7,H,3,0
12/02/2022,Man Utd,Southampton,4,2,7,5,10,8,0.59,0.15,8,8,D,1,1
12/02/2022,Brentford,Crystal Palace,2,0,3,14,8,8,0.0,0.0,0,5,D,0,0
12/02/2022,Norwich,Man City,1,4,6,7,7,2,0.17,0.58,7,13,A,0,4
12/02/2022,Watford,Brighton,0,1,1,6,7,6,0.17,0.5,2,7,A,0,2
13/02/2022,Burnley,Liverpool,1,2,3,7,10,4,0.15,0.77,3,10,A,0,1
13/02/2022,Newcastle,Aston Villa,2,3,6,7,8,10,0.35,0.26,8,5,H,1,0
13/02/2022,Tottenham,Wolves,3,3,7,8,6,3,0.62,0.15,7,10,A,0,2
13/02/2022,Leicester,West Ham,3,2,7,12,8,6,0.44,0.33,4,9,D,2,2
15/02/2022,Man Utd,Brighton,3,2,8,5,8,5,0.67,0.33,9,9,H,2,0
19/02/2022,Southampton,Everton,1,0,10,8,7,9,0.26,0.48,8,3,H,2,0
19/02/2022,West Ham,Newcastle,3,1,7,6,7,3,0.26,0.52,7,11,D,1,1
19/02/2022,Arsenal,Brentford,3,0,11,3,2,10,0.0,1.0,10,1,H,2,1
19/02/2022,Aston Villa,Watford,1,0,7,8,1,7,0.29,0.57,5,2,A,0,1
19/02/2022,Brighton,Burnley,1,0,5,5,2,5,0.14,0.14,6,3,A,0,3
19/02/2022,Crystal Palace,Chelsea,2,1,5,8,6,5,0.24,0.76,3,6,A,0,1
19/02/2022,Liverpool,Norwich,5,1,11,3,6,8,0.85,0.0,13,7,H,3,1
19/02/2022,Man City,Tottenham,5,2,10,2,6,9,0.35,0.5,13,6,A,2,3
20/02/2022,Leeds,Man Utd,2,2,9,10,8,3,0.09,0.55,7,11,A,2,4
20/02/2022,Wolves,Leicester,1,0,8,3,6,8,0.12,0.38,12,5,H,2,1
23/02/2022,Watford,Crystal Palace,0,0,1,6,3,6,0.25,0.38,4,3,A,1,4
23/02/2022,Liverpool,Leeds,5,1,12,2,8,13,0.55,0.18,15,4,H,6,0
23/02/2022,Burnley,Tottenham,0,3,4,2,8,11,0.09,0.73,6,6,H,1,0
24/02/2022,Arsenal,Wolves,3,4,9,3,9,4,0.62,0.15,10,12,H,2,1
25/02/2022,Southampton,Norwich,2,1,8,7,7,9,0.4,0.4,8,7,H,2,0
26/02/2022,Crystal Palace,Burnley,1,1,6,6,5,2,0.36,0.45,5,8,D,1,1
26/02/2022,Leeds,Tottenham,1,3,5,17,5,10,0.36,0.55,1,3,A,0,4
26/02/2022,Brentford,Newcastle,1,1,3,9,7,3,0.0,0.0,1,11,A,0,2
26/02/2022,Man Utd,Watford,3,1,9,4,2,7,0.73,0.27,11,4,D,0,0
26/02/2022,Brighton,Aston Villa,1,2,4,7,6,7,0.2,0.4,5,5,A,0,2
26/02/2022,Everton,Man City,2,4,5,8,10,4,0.36,0.44,3,10,A,0,1
27/02/2022,West Ham,Wolves,2,4,6,7,7,5,0.44,0.44,5,9,H,1,0
01/03/2022,Burnley,Leicester,1,0,6,3,6,10,0.25,0.42,8,2,A,0,2
05/03/2022,Burnley,Chelsea,1,2,5,4,6,4,0.07,0.71,7,8,A,0,4
05/03/2022,Leicester,Leeds,2,1,6,7,5,20,0.33,0.44,5,1,H,1,0
05/03/2022,Aston Villa,Southampton,1,2,6,5,9,4,0.32,0.41,7,11,H,4,0
05/03/2022,Liverpool,West Ham,5,2,15,2,5,4,0.69,0.17,15,8,H,1,0
05/03/2022,Newcastle,Brighton,2,2,8,2,3,8,0.0,0.57,13,4,H,2,1
05/03/2022,Wolves,Crystal Palace,2,1,5,5,6,4,0.4,0.4,6,6,A,0,2
05/03/2022,Norwich,Brentford,1,0,5,10,2,8,1.0,0.0,4,1,A,1,3
06/03/2022,Watford,Arsenal,0,3,2,7,6,4,0.18,0.73,4,10,A,2,3
06/03/2022,Man City,Man Utd,4,2,10,4,8,4,0.38,0.41,10,9,H,4,1
07/03/2022,Tottenham,Everton,2,0,9,8,4,7,0.4,0.2,6,3,H,5,0
10/03/2022,Norwich,Chelsea,1,3,3,13,8,2,0.0,0.83,1,10,A,1,3
10/03/2022,Southampton,Newcastle,3,2,8,7,9,3,0.32,0.36,10,13,A,1,2
10/03/2022,Wolves,Watford,2,1,5,6,4,9,0.5,0.5,6,4,H,4,0
10/03/2022,Leeds,Aston Villa,1,3,2,18,9,5,0.36,0.27,0,7,A,0,3
12/03/2022,Brighton,Liverpool,1,2,3,9,13,1,0.14,0.57,3,15,A,0,2
12/03/2022,Brentford,Burnley,1,1,4,7,5,7,0.0,1.0,4,7,H,2,0
12/03/2022,Man Utd,Tottenham,2,3,8,7,12,5,0.61,0.2,8,9,H,3,2
13/03/2022,Leeds,Norwich,1,1,2,18,3,15,1.0,0.0,0,0,H,2,1
13/03/2022,Chelsea,Newcastle,2,3,11,2,8,3,0.55,0.24,13,13,H,1,0
13/03/2022,Everton,Wolves,2,3,4,11,7,6,0.46,0.15,3,6,A,0,1
13/03/2022,Southampton,Watford,3,1,6,7,4,11,0.44,0.11,7,4,A,1,2
13/03/2022,Arsenal,Leicester,3,1,8,4,6,6,0.63,0.16,13,7,H,2,0
13/03/2022,West Ham,Aston Villa,3,3,5,4,9,2,0.3,0.3,8,9,H,2,1
14/03/2022,Crystal Palace,Man City,1,4,7,3,13,4,0.12,0.76,8,12,D,0,0
16/03/2022,Arsenal,Liverpool,3,3,10,4,13,1,0.32,0.32,15,15,A,0,2
16/03/2022,Brighton,Tottenham,0,2,1,11,14,6,0.29,0.57,0,9,A,0,2
17/03/2022,Everton,Newcastle,1,3,3,9,7,4,0.45,0.32,3,10,H,1,0
18/03/2022,Wolves,Leeds,3,1,6,5,2,15,0.6,0.2,6,3,A,2,3
19/03/2022,Aston Villa,Arsenal,1,4,10,3,9,6,0.14,0.64,9,12,A,0,1
20/03/2022,Tottenham,West Ham,2,2,13,4,6,5,0.51,0.26,9,8,H,3,1
20/03/2022,Leicester,Brentford,2,1,6,6,6,5,1.0,0.0,7,7,H,2,1
02/04/2022,Man Utd,Leicester,3,1,10,8,6,5,0.63,0.16,10,9,D,1,1
02/04/2022,Leeds,Southampton,1,2,5,11,6,8,0.45,0.36,6,6,D,1,1
02/04/2022,Chelsea,Brentford,2,1,11,1,7,7,1.0,0.0,15,6,A,1,4
02/04/2022,Wolves,Aston Villa,2,3,7,6,10,3,0.25,0.42,6,9,H,2,1
02/04/2022,Brighton,Norwich,0,1,1,11,4,13,0.5,0.0,0,0,D,0,0
02/04/2022,Liverpool,Watford,5,2,14,1,5,12,0.82,0.09,15,4,H,2,0
02/04/2022,Burnley,Man City,1,3,2,9,11,4,0.08,0.69,4,10,A,0,2
03/04/2022,Tottenham,Newcastle,3,2,16,4,6,4,0.43,0.46,12,9,H,5,1
03/04/2022,West Ham,Everton,3,0,5,6,1,9,0.22,0.5,7,3,H,2,1
04/04/2022,Crystal Palace,Arsenal,0,5,7,3,8,5,0.06,0.56,8,12,H,3,0
06/04/2022,Burnley,Everton,1,0,1,11,2,9,0.46,0.46,1,3,H,3,2
08/04/2022,Newcastle,Wolves,3,3,5,9,9,6,0.17,0.17,6,9,H,1,0
09/04/2022,Aston Villa,Tottenham,1,3,9,5,17,5,0.19,0.54,6,12,A,0,4
09/04/2022,Watford,Leeds,0,1,4,10,6,8,0.0,1.0,4,7,A,0,3
09/04/2022,Southampton,Chelsea,2,3,5,9,10,5,0.18,0.57,4,12,A,0,6
09/04/2022,Arsenal,Brighton,3,2,6,7,1,8,0.5,0.33,9,1,A,1,2
09/04/2022,Everton,Man Utd,2,2,4,11,9,9,0.15,0.61,3,8,H,1,0
10/04/2022,Man City,Liverpool,4,4,9,4,13,0,0.21,0.44,10,15,D,2,2
10/04/2022,Norwich,Burnley,1,1,3,10,3,12,0.0,0.5,1,3,H,2,0
10/04/2022,Brentford,West Ham,1,1,10,6,6,6,1.0,0.0,9,9,H,2,0
10/04/2022,Leicester,Crystal Palace,2,2,6,4,10,2,0.42,0.33,10,11,H,2,1
16/04/2022,Watford,Brentford,0,2,4,13,12,4,0.0,1.0,3,12,A,1,2
16/04/2022,Southampton,Arsenal,2,4,3,15,4,7,0.15,0.5,1,6,H,1,0
16/04/2022,Tottenham,Brighton,3,2,16,5,3,7,0.62,0.25,12,4,A,0,1
16/04/2022,Man Utd,Norwich,2,1,5,8,5,8,0.77,0.23,5,4,H,3,2
17/04/2022,Newcastle,Leicester,4,1,4,8,6,5,0.33,0.5,6,10,H,2,1
17/04/2022,West Ham,Burnley,4,1,5,8,3,12,0.62,0.23,6,3,D,1,1
19/04/2022,Liverpool,Man Utd,5,2,9,2,8,10,0.34,0.49,13,7,H,4,0
20/04/2022,Newcastle,Crystal Palace,5,2,4,8,7,3,0.47,0.13,6,8,H,1,0
20/04/2022,Chelsea,Arsenal,2,3,15,5,2,8,0.4,0.26,12,3,A,2,4
20/04/2022,Everton,Leicester,3,1,5,6,6,7,0.39,0.22,6,7,D,1,1
20/04/2022,Man City,Brighton,3,3,9,3,3,5,0.86,0.14,11,7,H,3,0
21/04/2022,Burnley,Southampton,2,1,4,9,4,11,0.42,0.33,4,4,H,2,0
23/04/2022,Norwich,Newcastle,1,2,6,8,5,7,0.31,0.31,4,9,A,0,3
23/04/2022,Man City,Watford,3,2,11,3,3,12,0.82,0.0,11,3,H,5,1
23/04/2022,Brentford,Tottenham,2,3,11,4,14,3,0.0,1.0,12,12,D,0,0
23/04/2022,Arsenal,Man Utd,3,1,6,8,7,10,0.26,0.43,6,7,H,3,1
23/04/2022,Leicester,Aston Villa,3,2,7,6,5,9,0.36,0.43,8,3,D,0,0
24/04/2022,Brighton,Southampton,0,1,3,6,3,11,0.14,0.29,7,4,D,2,2
24/04/2022,Burnley,Wolves,2,2,6,7,9,5,0.29,0.43,7,9,H,1,0
24/04/2022,Chelsea,West Ham,2,0,13,9,6,8,0.6,0.23,9,7,H,1,0
24/04/2022,Liverpool,Everton,5,0,12,2,6,6,0.54,0.1,13,7,H,2,0
25/04/2022,Crystal Palace,Leeds,1,2,6,3,9,7,0.33,0.67,7,10,D,0,0
28/04/2022,Man Utd,Chelsea,3,4,5,11,11,8,0.29,0.33,4,9,D,1,1
30/04/2022,Aston Villa,Norwich,1,0,2,9,5,8,0.69,0.15,1,4,H,2,0
30/04/2022,Newcastle,Liverpool,5,4,8,6,12,2,0.22,0.53,12,13,A,0,1
30/04/2022,Southampton,Crystal Palace,2,2,4,11,4,3,0.56,0.22,5,5,A,1,2
30/04/2022,Leeds,Man City,1,3,9,4,12,3,0.44,0.33,11,11,A,0,4
30/04/2022,Wolves,Brighton,3,2,5,6,5,6,0.4,0.2,6,8,A,0,3
30/04/2022,Watford,Burnley,0,1,4,13,7,5,0.29,0.57,3,10,A,1,2
01/05/2022,Everton,Chelsea,2,4,5,8,11,9,0.2,0.49,4,7,H,1,0
01/05/2022,Tottenham,Leicester,3,1,12,3,5,5,0.53,0.32,10,6,H,3,1
01/05/2022,West Ham,Arsenal,3,3,4,8,8,9,0.11,0.66,4,6,A,1,2
02/05/2022,Man Utd,Brentford,2,3,5,11,9,4,1.0,0.0,4,10,H,3,0
07/05/2022,Liverpool,Tottenham,5,3,11,2,12,3,0.5,0.24,13,10,D,1,1
07/05/2022,Brighton,Man Utd,0,1,8,6,8,10,0.29,0.71,10,7,H,4,0
07/05/2022,Crystal Palace,Watford,1,1,6,4,3,14,0.44,0.22,7,0,H,1,0
07/05/2022,Chelsea,Wolves,3,1,10,6,4,9,0.62,0.23,7,3,D,2,2
07/05/2022,Brentford,Southampton,2,0,8,5,4,12,0.0,1.0,10,4,H,3,0
07/05/2022,Burnley,Aston Villa,3,2,6,4,3,7,0.25,0.25,10,4,A,1,3
08/05/2022,Norwich,West Ham,1,0,4,8,4,7,0.12,0.5,4,4,A,0,4
08/05/2022,Man City,Newcastle,3,2,16,3,7,2,0.71,0.14,13,12,H,5,0
08/05/2022,Arsenal,Leeds,3,2,10,7,7,7,0.55,0.27,9,8,H,2,1
08/05/2022,Leicester,Everton,3,0,5,7,5,6,0.21,0.37,5,7,A,1,2
10/05/2022,Aston Villa,Liverpool,2,4,6,7,10,3,0.17,0.61,7,11,A,1,2
11/05/2022,Watford,Everton,0,1,3,13,5,4,0.25,0.5,0,10,D,0,0
11/05/2022,Wolves,Man City,2,4,4,8,19,3,0.29,0.57,4,13,A,1,5
11/05/2022,Leeds,Chelsea,1,3,5,7,6,8,0.18,0.45,5,5,A,0,3
11/05/2022,Leicester,Norwich,3,0,4,8,4,12,0.75,0.0,2,3,H,3,0
12/05/2022,Tottenham,Arsenal,4,3,8,3,11,6,0.2,0.44,8,12,H,3,0
15/05/2022,Aston Villa,Crystal Palace,2,3,6,7,4,4,0.33,0.5,7,7,D,1,1
15/05/2022,Leeds,Brighton,1,3,4,9,10,5,0.0,0.67,4,10,D,1,1
15/05/2022,Tottenham,Burnley,4,1,7,3,7,5,0.67,0.17,8,10,H,1,0
15/05/2022,Watford,Leicester,0,0,3,10,6,6,0.22,0.78,1,5,A,1,5
15/05/2022,Wolves,Norwich,2,0,3,12,2,15,0.25,0.25,1,0,D,1,1
15/05/2022,Everton,Brentford,3,3,4,4,7,4,0.0,1.0,8,10,A,2,3
15/05/2022,West Ham,Man City,3,4,6,6,22,2,0.18,0.65,4,15,D,2,2
16/05/2022,Newcastle,Arsenal,4,2,6,7,11,8,0.11,0.68,9,12,H,2,0
17/05/2022,Southampton,Liverpool,1,4,4,9,10,2,0.29,0.54,4,13,A,1,2
19/05/2022,Chelsea,Leicester,2,1,7,4,10,6,0.58,0.21,8,7,D,1,1
19/05/2022,Everton,Crystal Palace,3,2,5,6,4,3,0.44,0.17,7,8,H,3,2
19/05/2022,Aston Villa,Burnley,1,1,7,4,6,5,0.33,0.22,8,9,D,1,1
22/05/2022,Norwich,Tottenham,1,2,1,13,8,2,0.15,0.54,1,11,A,0,5
22/05/2022,Man City,Aston Villa,4,2,21,4,8,5,0.69,0.17,13,8,H,3,2
22/05/2022,Liverpool,Wolves,4,1,8,3,4,12,0.77,0.08,13,2,H,3,1
22/05/2022,Leicester,Southampton,3,0,11,7,4,11,0.35,0.25,7,1,H,4,1
22/05/2022,Crystal Palace,Man Utd,2,0,6,5,5,12,0.12,0.65,8,4,H,1,0
22/05/2022,Burnley,Newcastle,3,1,5,6,6,6,0.22,0.44,7,9,A,1,2
22/05/2022,Brighton,West Ham,1,1,10,6,8,6,0.38,0.0,8,5,H,3,1
22/05/2022,Brentford,Leeds,3,2,8,6,2,10,0.0,0.0,10,2,A,1,2
22/05/2022,Arsenal,Everton,3,1,7,8,8,6,0.56,0.22,9,10,H,5,1
22/05/2022,Chelsea,Watford,1,1,7,5,3,13,0.7,0.1,6,1,H,2,1
05/08/2022,Crystal Palace,Arsenal,3,2,7,5,9,8,0.11,0.53,10,9,A,0,2
06/08/2022,Leeds,Wolves,1,1,4,11,5,14,0.33,0.5,4,2,H,2,1
06/08/2022,Fulham,Liverpool,0,4,2,10,9,4,0.24,0.59,1,13,D,2,2
06/08/2022,Bournemouth,Aston Villa,2,1,6,8,8,8,0.75,0.25,6,5,H,2,0
06/08/2022,Newcastle,Nottingham Forest,4,0,7,7,0,0,0.0,0.0,9,0,H,2,0
06/08/2022,Everton,Chelsea,3,3,8,11,8,5,0.21,0.48,7,8,A,0,1
06/08/2022,Tottenham,Southampton,4,0,13,2,5,13,0.55,0.31,13,1,H,4,1
07/08/2022,Leicester,Brentford,3,3,14,5,7,7,1.0,0.0,10,7,D,2,2
07/08/2022,Man Utd,Brighton,3,3,5,9,13,4,0.62,0.38,4,11,A,1,2
07/08/2022,West Ham,Man City,2,3,8,8,19,5,0.17,0.63,4,13,A,0,2
13/08/2022,Aston Villa,Everton,1,1,5,9,6,11,0.35,0.3,2,4,H,2,1
13/08/2022,Brighton,Newcastle,2,2,13,3,6,7,0.5,0.12,13,9,D,0,0
13/08/2022,Man City,Bournemouth,4,1,17,5,8,5,1.0,0.0,13,9,H,4,0
13/08/2022,Arsenal,Leicester,3,1,9,7,15,5,0.65,0.15,9,11,H,4,2
13/08/2022,Southampton,Leeds,1,3,4,15,6,8,0.33,0.42,0,7,D,2,2
13/08/2022,Wolves,Fulham,1,0,6,13,4,10,0.5,0.2,2,2,D,0,0
13/08/2022,Brentford,Man Utd,3,0,9,9,5,8,0.0,1.0,7,4,H,4,0
14/08/2022,Nottingham Forest,West Ham,0,1,0,2,8,9,0.0,0.0,0,4,H,1,0
14/08/2022,Chelsea,Tottenham,2,3,9,4,14,2,0.52,0.17,11,13,D,2,2
15/08/2022,Liverpool,Crystal Palace,4,1,10,6,5,6,0.67,0.28,11,7,D,1,1
20/08/2022,Everton,Nottingham Forest,2,0,7,13,1,2,0.0,0.0,3,3,D,1,1
20/08/2022,Crystal Palace,Aston Villa,3,1,5,7,6,8,0.46,0.31,5,5,H,3,1
20/08/2022,Tottenham,Wolves,4,0,15,3,4,11,0.57,0.21,13,2,H,1,0
20/08/2022,Bournemouth,Arsenal,3,3,8,8,11,8,0.11,0.67,9,9,A,0,3
20/08/2022,Leicester,Southampton,2,0,14,9,5,15,0.38,0.24,8,1,A,1,2
20/08/2022,Fulham,Brentford,0,3,4,8,13,6,0.0,0.0,3,10,H,3,2
21/08/2022,Leeds,Chelsea,1,3,7,8,9,4,0.17,0.5,8,11,H,3,0
21/08/2022,West Ham,Brighton,1,3,7,8,10,3,0.0,0.44,4,11,A,0,2
21/08/2022,Newcastle,Man City,4,4,6,6,16,5,0.14,0.72,10,13,D,3,3
22/08/2022,Man Utd,Liverpool,2,3,4,11,10,6,0.48,0.36,3,11,H,2,1
27/08/2022,Man City,Crystal Palace,5,1,14,7,7,7,0.72,0.11,11,7,H,4,2
27/08/2022,Arsenal,Fulham,4,0,14,5,6,7,0.69,0.1,12,6,H,2,1
27/08/2022,Liverpool,Bournemouth,3,0,9,7,5,10,0.75,0.12,8,6,H,9,0
27/08/2022,Brentford,Everton,3,1,12,9,6,11,1.0,0.0,7,4,D,1,1
27/08/2022,Brighton,Leeds,2,2,8,3,10,5,0.5,0.0,11,11,H,1,0
27/08/2022,Southampton,Man Utd,1,0,7,13,3,12,0.14,0.57,4,3,A,0,1
27/08/2022,Chelsea,Leicester,2,1,6,7,10,10,0.55,0.2,8,5,H,2,1
28/08/2022,Nottingham Forest,Tottenham,1,2,2,3,13,3,0.0,0.0,4,13,A,0,2
28/08/2022,Wolves,Newcastle,1,2,3,7,9,4,0.15,0.23,2,11,D,1,1
28/08/2022,Aston Villa,West Ham,2,1,6,10,3,10,0.29,0.32,4,1,A,0,1
30/08/2022,Fulham,Brighton,1,3,6,8,8,2,0.0,0.0,5,13,H,2,1
30/08/2022,Crystal Palace,Brentford,3,2,7,8,10,8,0.0,0.0,7,5,D,1,1
30/08/2022,Southampton,Chelsea,1,2,6,12,7,7,0.17,0.59,4,10,H,2,1
30/08/2022,Leeds,Everton,2,1,9,5,4,10,0.25,0.42,10,2,D,1,1
31/08/2022,West Ham,Tottenham,0,2,2,8,14,3,0.25,0.53,3,13,D,1,1
31/08/2022,Bournemouth,Wolves,3,0,3,18,3,7,0.0,1.0,3,2,D,0,0
31/08/2022,Arsenal,Aston Villa,5,1,16,4,5,10,0.65,0.14,15,3,H,2,1
31/08/2022,Man City,Nottingham Forest,5,0,16,7,2,5,0.0,0.0,13,4,H,6,0
31/08/2022,Liverpool,Newcastle,3,2,16,6,8,5,0.54,0.22,8,9,H,2,1
01/09/2022,Leicester,Man Utd,2,1,10,11,4,8,0.15,0.6,4,6,A,0,1
03/09/2022,Nottingham Forest,Bournemouth,1,0,2,11,2,16,0.0,0.0,4,4,A,2,3
03/09/2022,Tottenham,Fulham,5,0,10,4,8,7,0.52,0.24,11,8,H,2,1
03/09/2022,Newcastle,Crystal Palace,3,1,7,6,7,9,0.5,0.12,6,5,D,0,0
03/09/2022,Wolves,Southampton,0,1,2,4,7,9,0.56,0.22,3,7,H,1,0
03/09/2022,Brentford,Leeds,2,1,10,7,8,5,0.0,0.5,6,8,H,5,2
03/09/2022,Everton,Liverpool,2,3,4,6,15,6,0.1,0.55,3,8,D,0,0
03/09/2022,Chelsea,West Ham,2,2,6,8,2,6,0.61,0.22,7,4,H,2,1
03/09/2022,Aston Villa,Man City,1,3,4,9,19,5,0.17,0.69,3,13,D,1,1
04/09/2022,Brighton,Leicester,3,1,6,3,6,11,0.12,0.62,10,1,H,5,2
04/09/2022,Man Utd,Arsenal,3,3,5,7,13,4,0.42,0.28,9,15,H,3,1
16/09/2022,Aston Villa,Southampton,1,1,5,8,6,6,0.35,0.39,4,7,H,1,0
16/09/2022,Nottingham Forest,Fulham,1,0,4,12,7,7,0.0,0.0,4,7,A,2,3
17/09/2022,Wolves,Man City,1,2,2,2,18,6,0.27,0.6,6,11,A,0,3
17/09/2022,Newcastle,Bournemouth,2,1,5,6,3,18,0.5,0.33,4,4,D,1,1
17/09/2022,Tottenham,Leicester,5,1,8,4,6,14,0.55,0.3,11,0,H,6,2
18/09/2022,Everton,West Ham,1,2,4,5,3,6,0.49,0.24,4,4,H,1,0
18/09/2022,Brentford,Arsenal,3,2,13,7,12,7,0.5,0.5,8,12,A,0,3
01/10/2022,Crystal Palace,Chelsea,3,2,7,7,7,9,0.22,0.78,6,7,A,1,2
01/10/2022,Bournemouth,Brentford,3,1,4,15,9,10,0.0,0.0,5,5,D,0,0
01/10/2022,Fulham,Newcastle,2,1,10,9,6,7,0.46,0.38,9,4,A,1,4
01/10/2022,Arsenal,Tottenham,5,2,11,5,12,4,0.43,0.21,12,13,H,3,1
01/10/2022,Southampton,Everton,1,0,4,5,4,3,0.29,0.46,6,7,A,1,2
01/10/2022,West Ham,Wolves,0,0,3,6,2,5,0.5,0.4,4,5,H,2,0
01/10/2022,Liverpool,Brighton,3,3,13,4,9,4,0.62,0.12,8,10,D,3,3
02/10/2022,Man City,Man Utd,5,2,17,6,7,6,0.4,0.4,11,12,H,6,3
02/10/2022,Leeds,Aston Villa,2,1,8,9,4,7,0.33,0.33,5,4,D,0,0
03/10/2022,Leicester,Nottingham Forest,2,0,6,16,5,15,0.0,0.0,0,1,H,4,0
08/10/2022,Brighton,Tottenham,4,2,12,7,12,7,0.33,0.56,10,10,A,0,1
08/10/2022,Newcastle,Brentford,2,1,7,5,7,7,0.5,0.0,6,6,H,5,1
08/10/2022,Man City,Southampton,5,1,20,6,3,6,0.58,0.23,13,3,H,4,0
08/10/2022,Bournemouth,Leicester,2,0,4,12,9,14,0.25,0.12,6,3,H,2,1
08/10/2022,Chelsea,Wolves,3,0,7,8,2,6,0.57,0.21,9,5,H,3,0
09/10/2022,West Ham,Fulham,1,1,5,4,8,11,0.55,0.18,7,6,H,3,1
09/10/2022,Everton,Man Utd,2,2,5,3,10,8,0.17,0.6,9,12,A,1,2
09/10/2022,Arsenal,Liverpool,5,2,11,6,15,6,0.31,0.33,12,8,H,3,2
09/10/2022,Crystal Palace,Leeds,2,1,7,8,6,7,0.25,0.5,5,5,H,2,1
10/10/2022,Nottingham Forest,Aston Villa,1,0,4,18,3,4,0.0,0.0,0,5,D,1,1
14/10/2022,Brentford,Brighton,2,2,7,11,10,8,0.0,1.0,5,7,H,2,0
15/10/2022,Wolves,Nottingham Forest,1,0,1,8,5,17,0.0,0.0,4,1,H,1,0
15/10/2022,Fulham,Bournemouth,2,1,8,12,6,4,0.0,1.0,6,9,D,2,2
15/10/2022,Leicester,Crystal Palace,2,0,9,14,6,8,0.46,0.31,3,5,D,0,0
15/10/2022,Tottenham,Everton,5,1,11,7,5,4,0.41,0.2,10,8,H,2,0
16/10/2022,Aston Villa,Chelsea,2,3,4,4,10,5,0.22,0.51,6,12,A,0,2
16/10/2022,Liverpool,Man City,3,2,16,7,20,4,0.42,0.2,8,13,H,1,0
16/10/2022,Southampton,West Ham,1,1,3,9,7,5,0.3,0.43,3,7,D,1,1
16/10/2022,Man Utd,Newcastle,3,2,10,8,11,5,0.64,0.13,12,8,D,0,0
16/10/2022,Leeds,Arsenal,2,3,4,9,12,7,0.25,0.58,2,12,A,0,1
18/10/2022,Brighton,Nottingham Forest,3,0,9,10,5,12,0.0,0.0,4,1,D,0,0
18/10/2022,Crystal Palace,Wolves,2,0,4,4,2,8,0.5,0.33,6,6,H,2,1
19/10/2022,Brentford,Chelsea,3,3,8,10,10,4,0.5,0.5,7,12,D,0,0
19/10/2022,Liverpool,West Ham,3,1,8,7,7,5,0.69,0.17,8,7,H,1,0
19/10/2022,Man Utd,Tottenham,3,2,9,8,12,6,0.62,0.19,10,12,H,2,0
19/10/2022,Bournemouth,Southampton,2,1,8,6,2,9,0.25,0.38,9,1,A,0,1
19/10/2022,Newcastle,Everton,2,1,10,3,4,5,0.31,0.46,9,7,H,1,0
20/10/2022,Fulham,Aston Villa,2,0,8,13,3,4,0.21,0.39,4,6,H,3,0
20/10/2022,Leicester,Leeds,1,1,9,13,4,9,0.4,0.4,4,2,H,2,0
22/10/2022,Nottingham Forest,Liverpool,1,1,3,9,7,6,0.0,0.0,2,8,H,1,0
22/10/2022,Man City,Brighton,5,2,14,5,8,8,0.88,0.12,10,5,H,3,1
22/10/2022,Chelsea,Man Utd,4,3,9,2,10,8,0.33,0.28,13,10,D,1,1
22/10/2022,Everton,Crystal Palace,1,0,4,6,5,4,0.47,0.16,6,8,H,3,0
23/10/2022,Aston Villa,Brentford,2,0,2,6,3,8,0.0,0.5,5,5,H,4,0
23/10/2022,Leeds,Fulham,2,1,3,10,10,11,0.5,0.38,1,7,A,2,3
23/10/2022,Southampton,Arsenal,1,4,3,8,11,6,0.19,0.48,4,12,D,1,1
23/10/2022,Wolves,Leicester,2,0,2,10,9,8,0.22,0.33,3,7,A,0,4
23/10/2022,Tottenham,Newcastle,5,1,10,7,11,3,0.45,0.45,9,11,A,1,2
24/10/2022,West Ham,Bournemouth,2,1,6,4,5,5,0.33,0.33,7,6,H,2,0
29/10/2022,Fulham,Everton,3,1,10,11,6,6,0.31,0.62,7,6,D,0,0
29/10/2022,Brighton,Chelsea,2,2,4,9,8,2,0.0,0.5,2,11,H,4,1
29/10/2022,Newcastle,Aston Villa,2,0,12,3,5,6,0.37,0.26,13,5,H,4,0
29/10/2022,Liverpool,Leeds,4,0,7,7,3,8,0.58,0.17,7,1,A,1,2
29/10/2022,Bournemouth,Tottenham,1,2,4,6,5,7,0.0,0.86,5,6,A,2,3
29/10/2022,Brentford,Wolves,2,0,3,9,2,11,0.5,0.5,5,3,D,1,1
29/10/2022,Crystal Palace,Southampton,3,2,5,7,4,8,0.26,0.53,7,5,H,1,0
29/10/2022,Leicester,Man City,2,2,11,2,16,5,0.29,0.59,10,12,A,0,1
30/10/2022,Arsenal,Nottingham Forest,5,0,11,4,2,6,0.0,0.0,13,5,H,5,0
30/10/2022,Man Utd,West Ham,3,1,8,8,8,3,0.61,0.19,8,10,H,1,0
05/11/2022,Man City,Fulham,5,2,14,5,9,7,0.52,0.15,12,8,H,2,1
05/11/2022,Everton,Leicester,2,1,4,5,7,3,0.4,0.2,4,7,A,0,2
05/11/2022,Leeds,Bournemouth,1,1,5,9,6,9,0.0,0.0,3,4,H,4,3
05/11/2022,Nottingham Forest,Brentford,1,0,2,7,4,10,0.0,0.0,5,5,D,2,2
05/11/2022,Wolves,Brighton,2,1,3,10,5,7,0.33,0.33,4,4,A,2,3
06/11/2022,Chelsea,Arsenal,3,3,7,5,13,4,0.4,0.28,8,13,A,0,1
06/11/2022,Aston Villa,Man Utd,2,3,5,10,6,2,0.05,0.73,4,11,H,3,1
06/11/2022,Southampton,Newcastle,1,2,3,7,12,2,0.31,0.38,5,13,A,1,4
06/11/2022,Tottenham,Liverpool,4,0,7,6,5,6,0.23,0.49,9,6,A,1,2
06/11/2022,West Ham,Crystal Palace,3,0,6,4,5,5,0.41,0.29,7,10,A,1,2
12/11/2022,Man City,Brentford,5,0,10,3,5,7,1.0,0.0,12,6,A,1,2
12/11/2022,Liverpool,Southampton,3,1,5,4,4,7,0.55,0.28,9,5,H,3,1
12/11/2022,Nottingham Forest,Crystal Palace,1,1,3,8,5,5,0.0,0.0,5,10,H,1,0
12/11/2022,Tottenham,Leeds,3,1,7,8,8,10,0.58,0.33,6,6,H,4,3
12/11/2022,Newcastle,Chelsea,3,2,11,2,4,6,0.23,0.56,13,5,H,1,0
12/11/2022,Wolves,Arsenal,2,3,5,10,11,3,0.14,0.64,4,13,A,0,2
12/11/2022,Bournemouth,Everton,1,1,7,12,3,5,0.38,0.38,1,4,H,3,0
12/11/2022,West Ham,Leicester,3,2,4,5,8,1,0.32,0.42,4,10,A,0,2
13/11/2022,Fulham,Man Utd,2,2,9,6,5,4,0.1,0.69,8,8,A,1,2
13/11/2022,Brighton,Aston Villa,3,0,8,8,7,10,0.17,0.5,7,6,A,1,2
26/12/2022,Aston Villa,Liverpool,3,1,9,9,7,5,0.16,0.62,9,9,A,1,3
26/12/2022,Arsenal,West Ham,5,0,10,1,3,6,0.67,0.11,13,3,H,3,1
26/12/2022,Brentford,Tottenham,2,2,5,8,9,11,0.0,0.5,6,6,D,2,2
26/12/2022,Crystal Palace,Fulham,3,2,5,6,8,6,0.43,0.29,9,7,A,0,3
26/12/2022,Leicester,Newcastle,2,3,10,1,12,2,0.47,0.37,12,15,A,0,3
26/12/2022,Southampton,Brighton,1,1,4,9,9,8,0.25,0.12,4,7,A,1,3
26/12/2022,Everton,Wolves,2,0,3,6,4,12,0.43,0.21,4,1,A,1,2
27/12/2022,Chelsea,Bournemouth,3,1,2,7,8,10,0.62,0.38,2,3,H,2,0
27/12/2022,Man Utd,Nottingham Forest,4,0,7,5,4,7,0.0,0.0,10,8,H,3,0
28/12/2022,Leeds,Man City,1,2,11,13,7,5,0.4,0.4,6,9,A,1,3
30/12/2022,Liverpool,Leicester,3,3,9,6,8,4,0.67,0.24,9,9,H,2,1
30/12/2022,West Ham,Brentford,3,1,4,8,7,10,0.0,1.0,3,6,A,0,2
31/12/2022,Bournemouth,Crystal Palace,2,1,8,11,3,8,0.25,0.25,3,6,A,0,2
31/12/2022,Wolves,Man Utd,1,2,5,11,8,5,0.2,0.6,4,10,A,0,1
31/12/2022,Fulham,Southampton,1,1,8,6,4,12,0.27,0.27,7,1,H,2,1
31/12/2022,Newcastle,Leeds,4,1,14,2,12,14,0.58,0.25,15,6,D,0,0
31/12/2022,Brighton,Arsenal,2,4,12,9,12,2,0.43,0.43,9,13,A,2,4
31/12/2022,Man City,Everton,4,1,10,5,4,7,0.45,0.35,12,4,D,1,1
01/01/2023,Nottingham Forest,Chelsea,2,2,4,10,4,7,0.0,0.0,7,4,D,1,1
01/01/2023,Tottenham,Aston Villa,3,1,11,11,10,9,0.55,0.18,7,9,A,0,2
02/01/2023,Brentford,Liverpool,1,2,9,6,11,6,0.0,0.5,9,12,H,3,1
03/01/2023,Leicester,Fulham,2,3,5,6,7,5,0.14,0.43,6,7,A,0,1
03/01/2023,Man Utd,Bournemouth,4,0,8,4,8,11,0.62,0.25,12,3,H,3,0
03/01/2023,Arsenal,Newcastle,5,4,15,3,12,1,0.67,0.13,15,13,D,0,0
03/01/2023,Everton,Brighton,2,2,2,8,13,10,0.56,0.22,2,9,A,1,4
04/01/2023,Crystal Palace,Tottenham,3,2,5,5,10,11,0.17,0.67,9,7,A,0,4
04/01/2023,Aston Villa,Wolves,3,1,8,9,5,8,0.38,0.31,9,4,D,1,1
04/01/2023,Leeds,West Ham,1,0,10,11,2,10,0.5,0.4,7,0,D,2,2
04/01/2023,Southampton,Nottingham Forest,0,0,4,13,4,11,0.0,0.0,0,5,A,0,1
05/01/2023,Chelsea,Man City,3,3,4,7,8,5,0.55,0.35,4,10,A,0,1
12/01/2023,Fulham,Chelsea,2,1,8,5,3,4,0.03,0.62,9,4,H,2,1
13/01/2023,Aston Villa,Leeds,2,1,9,6,10,12,0.31,0.31,10,5,H,2,1
14/01/2023,Brentford,Bournemouth,2,0,11,6,6,11,0.0,0.0,11,3,H,2,0
14/01/2023,Wolves,West Ham,1,0,5,8,4,11,0.36,0.55,4,1,H,1,0
14/01/2023,Man Utd,Man City,4,4,10,4,8,5,0.39,0.41,12,10,H,2,1
14/01/2023,Nottingham Forest,Leicester,2,3,5,6,5,6,0.0,1.0,8,6,H,2,0
14/01/2023,Everton,Southampton,1,1,3,12,4,13,0.48,0.28,1,0,A,1,2
14/01/2023,Brighton,Liverpool,1,2,13,10,11,7,0.11,0.56,9,12,H,3,0
15/01/2023,Chelsea,Crystal Palace,2,2,4,5,4,9,0.79,0.21,4,6,H,1,0
15/01/2023,Newcastle,Fulham,4,3,8,1,9,4,0.41,0.44,11,12,H,1,0
15/01/2023,Tottenham,Arsenal,2,4,11,9,10,3,0.21,0.44,7,13,A,0,2
19/01/2023,Crystal Palace,Man Utd,3,3,2,9,11,2,0.17,0.61,3,15,D,1,1
19/01/2023,Man City,Tottenham,3,3,7,6,10,9,0.34,0.51,7,7,H,4,2
21/01/2023,Crystal Palace,Newcastle,2,3,3,9,5,0,0.12,0.47,4,11,D,0,0
21/01/2023,Liverpool,Chelsea,4,0,9,9,5,4,0.33,0.38,9,7,D,0,0
21/01/2023,Bournemouth,Nottingham Forest,2,1,3,9,5,4,1.0,0.0,3,10,D,1,1
21/01/2023,Leicester,Brighton,1,3,3,8,13,8,0.56,0.22,3,9,D,2,2
21/01/2023,Southampton,Aston Villa,0,2,5,10,8,6,0.38,0.38,3,10,A,0,1
21/01/2023,West Ham,Everton,2,0,3,10,4,12,0.24,0.5,1,1,H,2,0
22/01/2023,Arsenal,Man Utd,4,2,11,3,10,2,0.27,0.43,13,13,H,3,2
22/01/2023,Leeds,Brentford,1,2,7,11,11,4,0.33,0.33,2,13,D,0,0
22/01/2023,Man City,Wolves,3,1,10,6,4,5,0.62,0.25,10,7,H,3,0
23/01/2023,Fulham,Tottenham,3,2,8,3,8,10,0.23,0.53,12,4,A,0,1
03/02/2023,Chelsea,Fulham,2,3,3,4,5,4,0.6,0.07,5,9,D,0,0
04/02/2023,Brentford,Southampton,2,2,9,3,4,8,0.5,0.5,11,3,H,3,0
04/02/2023,Wolves,Liverpool,1,2,4,6,6,8,0.07,0.79,7,7,H,3,0
04/02/2023,Man Utd,Crystal Palace,5,2,9,5,3,6,0.58,0.16,10,5,H,2,1
04/02/2023,Brighton,Bournemouth,2,0,14,8,1,10,0.25,0.5,10,1,H,1,0
04/02/2023,Aston Villa,Leicester,3,3,7,5,3,10,0.4,0.33,10,1,A,2,4
04/02/2023,Everton,Arsenal,1,4,4,11,12,5,0.21,0.57,1,13,H,1,0
04/02/2023,Newcastle,West Ham,4,0,4,0,5,8,0.5,0.25,9,4,D,1,1
05/02/2023,Tottenham,Man City,1,3,7,8,10,5,0.5,0.36,6,10,H,1,0
05/02/2023,Nottingham Forest,Leeds,3,1,5,5,4,7,0.0,0.0,8,3,H,1,0
08/02/2023,Man Utd,Leeds,5,1,10,6,3,5,0.58,0.08,10,3,D,2,2
11/02/2023,Bournemouth,Newcastle,1,3,1,9,2,1,0.29,0.43,1,7,D,1,1
11/02/2023,West Ham,Chelsea,2,0,5,6,2,3,0.22,0.62,5,5,D,1,1
11/02/2023,Leicester,Tottenham,1,3,7,9,8,6,0.29,0.57,4,9,H,4,1
11/02/2023,Southampton,Wolves,0,1,3,8,5,5,0.2,0.6,3,7,A,1,2
11/02/2023,Crystal Palace,Brighton,1,3,2,8,12,7,0.25,0.12,2,10,D,1,1
11/02/2023,Arsenal,Brentford,4,2,9,5,10,1,0.67,0.33,10,13,D,1,1
11/02/2023,Fulham,Nottingham Forest,2,1,3,3,6,2,1.0,0.0,7,11,H,2,0
12/02/2023,Man City,Aston Villa,3,3,9,5,8,6,0.68,0.16,9,10,H,3,1
12/02/2023,Leeds,Man Utd,1,2,5,7,9,8,0.08,0.54,3,8,A,0,2
13/02/2023,Liverpool,Everton,3,0,3,10,4,9,0.53,0.09,4,4,H,2,0
15/02/2023,Arsenal,Man City,3,3,6,4,11,6,0.42,0.38,8,9,A,1,3
18/02/2023,Chelsea,Southampton,2,1,3,3,3,8,0.57,0.2,6,3,A,0,1
18/02/2023,Brentford,Crystal Palace,3,2,9,2,3,5,0.0,0.0,11,3,D,1,1
18/02/2023,Everton,Leeds,1,0,3,10,3,7,0.38,0.23,3,2,H,1,0
18/02/2023,Nottingham Forest,Man City,3,3,5,3,13,5,0.0,1.0,10,12,D,1,1
18/02/2023,Wolves,Bournemouth,2,0,7,5,2,8,0.5,0.0,10,2,A,0,1
18/02/2023,Newcastle,Liverpool,3,2,3,2,3,9,0.21,0.55,7,4,A,0,2
18/02/2023,Aston Villa,Arsenal,2,4,7,9,7,7,0.13,0.66,7,7,A,2,4
18/02/2023,Brighton,Fulham,3,2,11,4,4,3,0.0,0.25,11,7,A,0,1
19/02/2023,Man Utd,Leicester,4,3,9,7,10,8,0.62,0.14,8,7,H,3,0
19/02/2023,Tottenham,West Ham,2,0,5,10,6,5,0.51,0.24,6,6,H,2,0
24/02/2023,Fulham,Wolves,3,2,3,2,6,5,0.18,0.45,7,9,D,1,1
25/02/2023,Leeds,Southampton,1,2,2,6,4,7,0.38,0.31,2,6,H,1,0
25/02/2023,Everton,Aston Villa,2,3,3,6,8,12,0.29,0.37,6,6,A,0,2
25/02/2023,West Ham,Nottingham Forest,1,1,4,5,5,4,0.0,1.0,5,8,H,4,0
25/02/2023,Crystal Palace,Liverpool,0,2,4,5,4,6,0.26,0.63,4,7,D,0,0
25/02/2023,Bournemouth,Man City,1,2,3,5,10,4,0.0,1.0,5,10,A,1,4
25/02/2023,Leicester,Arsenal,1,4,10,10,9,9,0.14,0.67,7,7,A,0,1
26/02/2023,Tottenham,Chelsea,3,0,7,8,2,2,0.16,0.51,9,6,H,2,0
01/03/2023,Arsenal,Everton,2,0,7,7,2,6,0.56,0.23,7,6,H,4,0
01/03/2023,Liverpool,Wolves,3,2,4,3,6,6,0.73,0.13,8,7,H,2,0
04/03/2023,Southampton,Leicester,0,2,2,7,10,9,0.27,0.36,3,7,H,1,0
04/03/2023,Chelsea,Leeds,2,0,1,4,3,6,0.46,0.23,3,4,H,1,0
04/03/2023,Brighton,West Ham,2,0,7,4,8,4,0.5,0.0,8,8,H,4,0
04/03/2023,Aston Villa,Crystal Palace,1,1,8,11,3,4,0.29,0.5,6,4,H,1,0
04/03/2023,Arsenal,Bournemouth,2,1,11,6,4,7,0.7,0.1,10,5,H,3,2
04/03/2023,Man City,Newcastle,3,2,11,5,3,4,0.7,0.14,10,6,H,2,0
04/03/2023,Wolves,Tottenham,2,2,6,5,7,4,0.2,0.6,7,12,H,1,0
05/03/2023,Nottingham Forest,Everton,3,0,3,8,2,8,0.0,0.0,5,6,D,2,2
05/03/2023,Liverpool,Man Utd,4,3,6,3,11,6,0.35,0.49,10,10,H,7,0
06/03/2023,Brentford,Fulham,3,3,7,2,4,2,0.0,1.0,9,8,H,3,2
11/03/2023,Crystal Palace,Man City,0,2,3,5,13,4,0.11,0.74,3,13,A,0,1
11/03/2023,Tottenham,Nottingham Forest,3,1,6,5,4,9,1.0,0.0,9,5,H,3,1
11/03/2023,Leicester,Chelsea,1,0,8,8,2,4,0.19,0.57,6,5,A,1,3
11/03/2023,Everton,Brentford,2,2,3,10,8,4,0.0,0.67,4,9,H,1,0
11/03/2023,Bournemouth,Liverpool,1,1,5,9,13,0,0.11,0.78,4,13,H,1,0
11/03/2023,Leeds,Brighton,1,3,3,6,8,4,0.0,0.6,4,8,D,2,2
12/03/2023,West Ham,Aston Villa,2,4,6,8,8,11,0.34,0.28,5,6,D,1,1
12/03/2023,Fulham,Arsenal,3,4,6,4,13,7,0.1,0.7,8,12,A,0,3
12/03/2023,Newcastle,Wolves,2,1,2,6,4,5,0.21,0.14,3,7,H,2,1
12/03/2023,Man Utd,Southampton,4,2,9,10,3,6,0.59,0.14,10,6,D,0,0
15/03/2023,Brighton,Crystal Palace,3,1,8,4,2,4,0.11,0.22,8,3,H,1,0
15/03/2023,Southampton,Brentford,1,2,3,3,8,5,0.33,0.67,7,8,A,0,2
17/03/2023,Nottingham Forest,Newcastle,2,1,4,12,4,7,0.0,1.0,2,5,A,1,2
18/03/2023,Aston Villa,Bournemouth,2,1,7,8,6,8,0.2,0.8,7,7,H,3,0
18/03/2023,Chelsea,Everton,2,0,5,5,4,8,0.49,0.21,7,7,D,2,2
18/03/2023,Southampton,Tottenham,1,2,2,3,8,6,0.3,0.57,7,9,D,3,3
18/03/2023,Brentford,Leicester,4,1,7,5,5,9,0.0,0.67,8,3,D,1,1
18/03/2023,Wolves,Leeds,3,0,3,6,3,6,0.43,0.43,4,4,A,2,4
19/03/2023,Arsenal,Crystal Palace,3,0,15,4,1,4,0.55,0.1,15,2,H,4,1
01/04/2023,Brighton,Brentford,4,2,8,4,7,5,0.67,0.33,8,8,D,3,3
01/04/2023,Man City,Liverpool,4,1,11,3,11,1,0.2,0.44,13,10,H,4,1
01/04/2023,Arsenal,Leeds,3,1,15,3,7,6,0.62,0.23,15,7,H,4,1
01/04/2023,Crystal Palace,Leicester,0,1,1,7,2,9,0.29,0.43,1,1,H,2,1
01/04/2023,Nottingham Forest,Wolves,2,1,5,12,5,9,0.0,1.0,2,4,D,1,1
01/04/2023,Bournemouth,Fulham,1,2,5,10,6,7,0.5,0.0,6,7,H,2,1
01/04/2023,Chelsea,Aston Villa,2,3,6,6,9,5,0.53,0.21,7,10,A,0,2
02/04/2023,West Ham,Southampton,2,2,6,8,4,6,0.42,0.29,5,5,H,1,0
02/04/2023,Newcastle,Man Utd,2,2,5,7,7,9,0.12,0.62,7,8,H,2,0
03/04/2023,Everton,Tottenham,3,1,5,10,10,5,0.19,0.43,5,10,D,1,1
04/04/2023,Chelsea,Liverpool,1,1,6,7,10,5,0.37,0.33,7,7,D,0,0
04/04/2023,Bournemouth,Brighton,2,2,6,11,10,6,0.4,0.4,6,8,A,0,2
04/04/2023,Leeds,Nottingham Forest,1,1,8,9,5,12,0.0,1.0,7,2,H,2,1
04/04/2023,Leicester,Aston Villa,1,3,3,8,9,1,0.38,0.38,1,13,A,1,2
05/04/2023,Man Utd,Brentford,3,1,5,9,9,7,0.67,0.33,7,8,H,1,0
05/04/2023,West Ham,Newcastle,3,1,6,7,6,6,0.24,0.48,7,9,A,1,5
08/04/2023,Aston Villa,Nottingham Forest,3,0,9,2,6,10,0.0,0.0,13,2,H,2,0
08/04/2023,Man Utd,Everton,3,0,4,9,6,9,0.6,0.16,7,6,H,2,0
08/04/2023,Brentford,Newcastle,3,2,6,6,11,5,0.0,0.67,5,12,A,1,2
08/04/2023,Fulham,West Ham,2,0,5,9,7,10,0.17,0.57,4,7,A,0,1
08/04/2023,Wolves,Chelsea,3,1,5,9,6,5,0.2,0.6,4,8,H,1,0
08/04/2023,Southampton,Man City,1,3,4,6,12,3,0.22,0.59,5,13,A,1,4
08/04/2023,Tottenham,Brighton,4,2,9,6,12,5,0.6,0.3,8,11,H,2,1
08/04/2023,Leicester,Bournemouth,1,1,4,9,5,9,0.11,0.33,1,6,A,0,1
09/04/2023,Leeds,Crystal Palace,2,0,9,10,3,8,0.4,0.4,7,3,A,1,5
09/04/2023,Liverpool,Arsenal,4,4,10,5,18,4,0.33,0.33,7,15,D,2,2
15/04/2023,Chelsea,Brighton,1,1,5,6,9,7,0.44,0.11,5,8,A,1,2
15/04/2023,Everton,Fulham,3,1,6,7,4,10,0.6,0.3,6,1,A,1,3
15/04/2023,Tottenham,Bournemouth,5,2,9,7,4,6,0.88,0.0,8,9,A,2,3
15/04/2023,Wolves,Brentford,3,1,6,7,7,7,0.33,0.33,7,5,H,2,0
15/04/2023,Man City,Leicester,5,1,15,3,4,9,0.61,0.28,15,1,H,3,1
15/04/2023,Aston Villa,Newcastle,3,3,10,2,13,4,0.25,0.39,13,15,H,3,0
15/04/2023,Southampton,Crystal Palace,1,1,4,10,8,8,0.5,0.3,2,6,A,0,2
16/04/2023,West Ham,Arsenal,2,3,4,10,16,6,0.11,0.68,7,13,D,2,2
16/04/2023,Nottingham Forest,Man Utd,1,1,4,10,3,9,0.0,1.0,1,7,A,0,2
17/04/2023,Leeds,Liverpool,2,1,10,14,10,7,0.23,0.54,7,5,A,1,6
21/04/2023,Arsenal,Southampton,4,1,15,6,4,12,0.46,0.18,11,1,D,3,3
22/04/2023,Brentford,Aston Villa,2,3,5,9,12,1,0.33,0.33,2,15,D,1,1
22/04/2023,Crystal Palace,Everton,1,0,10,7,5,8,0.15,0.5,9,5,D,0,0
22/04/2023,Fulham,Leeds,1,1,6,10,9,18,0.44,0.44,3,6,H,2,1
22/04/2023,Leicester,Wolves,1,1,4,9,7,7,0.4,0.2,1,7,H,2,1
22/04/2023,Liverpool,Nottingham Forest,3,0,9,8,3,9,0.0,1.0,5,1,H,3,2
23/04/2023,Bournemouth,West Ham,2,1,6,8,6,8,0.3,0.4,9,8,A,0,4
23/04/2023,Newcastle,Tottenham,3,1,11,6,11,9,0.46,0.44,12,8,H,6,1
25/04/2023,Leeds,Leicester,2,0,6,18,5,9,0.36,0.45,3,3,D,1,1
25/04/2023,Wolves,Crystal Palace,3,2,7,7,10,6,0.29,0.57,7,10,H,2,0
25/04/2023,Aston Villa,Fulham,4,2,10,2,6,8,0.38,0.24,13,6,H,1,0
26/04/2023,Nottingham Forest,Brighton,0,2,4,10,9,6,0.0,0.0,1,10,H,3,1
26/04/2023,West Ham,Liverpool,2,1,9,7,12,9,0.16,0.7,10,8,A,1,2
26/04/2023,Chelsea,Brentford,1,1,3,7,5,9,0.33,0.33,2,2,A,0,2
26/04/2023,Man City,Arsenal,5,3,14,3,15,9,0.39,0.41,15,9,H,4,1
27/04/2023,Everton,Newcastle,2,3,4,8,15,6,0.45,0.32,3,12,A,1,4
27/04/2023,Southampton,Bournemouth,1,3,7,13,6,9,0.44,0.22,2,9,A,0,1
27/04/2023,Tottenham,Man Utd,4,2,9,14,5,2,0.19,0.63,5,10,D,2,2
29/04/2023,Brentford,Nottingham Forest,1,0,4,6,6,10,0.0,0.0,4,3,H,2,1
29/04/2023,Crystal Palace,West Ham,1,2,9,4,9,9,0.33,0.39,10,7,H,4,3
29/04/2023,Brighton,Wolves,3,0,9,9,7,3,0.43,0.29,7,10,H,6,0
30/04/2023,Liverpool,Tottenham,4,0,13,6,8,13,0.5,0.23,11,5,H,4,3
30/04/2023,Man Utd,Aston Villa,3,3,7,4,9,2,0.71,0.08,10,13,H,1,0
30/04/2023,Newcastle,Southampton,3,1,17,7,4,11,0.41,0.3,12,1,H,3,1
30/04/2023,Fulham,Man City,2,4,6,6,16,4,0.14,0.54,6,15,A,1,2
30/04/2023,Bournemouth,Leeds,2,1,5,8,6,15,0.0,1.0,9,4,H,4,1
01/05/2023,Leicester,Everton,1,0,5,8,3,10,0.24,0.38,4,2,D,2,2
02/05/2023,Arsenal,Chelsea,4,1,12,12,1,7,0.3,0.39,6,1,H,3,1
03/05/2023,Man City,West Ham,5,2,17,5,11,8,0.64,0.17,15,7,H,3,0
03/05/2023,Liverpool,Fulham,4,2,17,9,6,6,0.57,0.23,13,6,H,1,0
04/05/2023,Brighton,Man Utd,3,2,12,6,8,2,0.44,0.56,9,13,H,1,0
06/05/2023,Liverpool,Brentford,4,2,16,7,6,6,0.33,0.33,15,7,H,1,0
06/05/2023,Tottenham,Crystal Palace,3,2,10,16,11,6,0.68,0.16,4,10,H,1,0
06/05/2023,Wolves,Aston Villa,4,2,6,8,7,2,0.29,0.36,9,10,H,1,0
06/05/2023,Bournemouth,Chelsea,3,1,9,7,2,8,0.33,0.67,12,1,A,1,3
06/05/2023,Man City,Leeds,5,1,16,4,5,18,0.45,0.36,15,1,H,2,1
07/05/2023,Newcastle,Arsenal,4,2,15,7,11,12,0.12,0.65,12,6,A,0,2
07/05/2023,West Ham,Man Utd,1,1,10,11,7,3,0.19,0.62,4,10,H,1,0
08/05/2023,Nottingham Forest,Southampton,1,0,6,10,5,13,1.0,0.0,3,1,H,4,3
08/05/2023,Fulham,Leicester,1,0,6,6,6,8,0.5,0.12,6,5,H,5,3
08/05/2023,Brighton,Everton,4,0,11,6,4,11,0.3,0.5,9,2,A,1,5
13/05/2023,Man Utd,Wolves,4,0,5,4,6,8,0.62,0.19,7,9,H,2,0
13/05/2023,Southampton,Fulham,0,1,7,13,8,8,0.25,0.31,1,6,A,0,2
13/05/2023,Crystal Palace,Bournemouth,2,3,6,6,9,10,0.33,0.22,7,9,H,2,0
13/05/2023,Chelsea,Nottingham Forest,0,0,5,9,10,11,0.0,0.0,3,6,D,2,2
13/05/2023,Aston Villa,Tottenham,5,0,5,3,9,15,0.21,0.54,7,4,H,2,1
13/05/2023,Leeds,Newcastle,1,4,5,15,13,8,0.23,0.54,1,9,D,2,2
14/05/2023,Arsenal,Brighton,4,2,11,10,11,9,0.5,0.38,8,9,A,0,3
14/05/2023,Brentford,West Ham,2,2,5,5,9,9,1.0,0.0,7,6,H,2,0
14/05/2023,Everton,Man City,1,4,9,10,14,4,0.34,0.44,5,15,A,0,3
15/05/2023,Leicester,Liverpool,1,2,9,12,11,6,0.23,0.68,5,15,A,0,3
18/05/2023,Newcastle,Brighton,4,3,15,7,12,8,0.11,0.44,10,9,H,4,1
20/05/2023,Tottenham,Brentford,3,1,8,14,7,3,0.33,0.0,4,10,A,1,3
20/05/2023,Bournemouth,Man Utd,2,1,6,10,5,4,0.22,0.67,6,7,A,0,1
20/05/2023,Fulham,Crystal Palace,2,2,8,7,6,6,0.38,0.38,6,7,D,2,2
20/05/2023,Liverpool,Aston Villa,4,2,11,4,4,4,0.63,0.16,15,7,D,1,1
20/05/2023,Wolves,Everton,4,1,4,10,8,10,0.27,0.4,6,5,D,1,1
20/05/2023,Nottingham Forest,Arsenal,2,2,12,11,9,11,0.0,1.0,7,7,H,1,0
21/05/2023,Man City,Chelsea,5,2,14,3,7,10,0.37,0.54,15,4,H,1,0
21/05/2023,West Ham,Leeds,2,1,5,11,6,11,0.36,0.45,3,2,H,3,1
21/05/2023,Brighton,Southampton,3,0,12,9,7,13,0.22,0.22,9,1,H,3,1
22/05/2023,Newcastle,Leicester,4,0,13,7,8,12,0.4,0.45,10,5,D,0,0
24/05/2023,Brighton,Man City,3,5,9,10,11,2,0.11,0.89,9,15,D,1,1
25/05/2023,Man Utd,Chelsea,4,2,4,2,6,9,0.27,0.32,9,4,H,4,1
28/05/2023,Leicester,West Ham,1,2,6,11,7,10,0.45,0.3,3,6,H,2,1
28/05/2023,Leeds,Tottenham,1,0,6,12,8,11,0.31,0.62,2,4,A,1,4
28/05/2023,Man Utd,Fulham,5,2,7,3,10,8,0.7,0.1,9,7,H,2,1
28/05/2023,Everton,Bournemouth,1,3,9,11,6,7,0.33,0.44,5,6,H,1,0
28/05/2023,Southampton,Liverpool,0,3,5,13,10,4,0.27,0.57,0,13,D,4,4
28/05/2023,Chelsea,Newcastle,0,3,7,11,9,6,0.55,0.25,4,8,D,1,1
28/05/2023,Arsenal,Wolves,3,0,6,9,4,9,0.67,0.13,6,7,H,5,0
28/05/2023,Crystal Palace,Nottingham Forest,3,0,8,8,11,8,0.0,1.0,7,10,D,1,1
28/05/2023,Brentford,Man City,2,4,9,3,10,2,0.33,0.67,12,13,H,1,0
28/05/2023,Aston Villa,Brighton,5,2,4,4,9,11,0.57,0.14,7,7,H,2,1
11/08/2023,Burnley,Man City,3,3,5,8,7,3,0.07,0.71,4,10,A,0,3
12/08/2023,Sheffield Utd,Crystal Palace,0,2,0,0,9,7,0.0,0.0,0,8,A,0,1
12/08/2023,Everton,Fulham,1,2,9,7,10,8,0.58,0.32,8,7,A,0,1
12/08/2023,Newcastle,Aston Villa,3,1,7,6,5,5,0.38,0.27,6,7,H,5,1
12/08/2023,Bournemouth,West Ham,1,1,5,8,5,8,0.27,0.45,3,6,D,1,1
12/08/2023,Brighton,Luton,3,0,9,8,0,0,0.0,0.0,7,0,H,4,1
12/08/2023,Arsenal,Nottingham Forest,3,0,10,5,9,8,0.5,0.5,9,8,H,2,1
13/08/2023,Brentford,Tottenham,3,1,8,3,10,10,0.25,0.25,12,6,D,2,2
13/08/2023,Chelsea,Liverpool,0,3,7,9,10,5,0.36,0.32,5,11,D,1,1
14/08/2023,Man Utd,Wolves,5,0,9,3,2,14,0.65,0.18,12,4,H,1,0
18/08/2023,Nottingham Forest,Sheffield Utd,3,0,9,8,0,1,0.0,0.0,8,0,H,2,1
19/08/2023,Fulham,Brentford,2,2,11,7,8,4,0.5,0.5,10,10,A,0,3
19/08/2023,Liverpool,Bournemouth,4,3,10,6,2,8,0.7,0.2,9,1,H,3,1
19/08/2023,Wolves,Brighton,4,2,2,9,10,9,0.25,0.5,4,7,A,1,4
19/08/2023,Tottenham,Man Utd,2,2,9,8,10,2,0.18,0.61,7,15,H,2,0
19/08/2023,Man City,Newcastle,5,2,8,2,12,5,0.71,0.13,10,9,H,1,0
20/08/2023,Aston Villa,Everton,5,1,6,9,7,6,0.38,0.28,7,7,H,4,0
20/08/2023,West Ham,Chelsea,2,1,6,6,5,9,0.21,0.61,7,3,H,3,1
21/08/2023,Crystal Palace,Arsenal,3,1,6,4,9,5,0.1,0.57,8,9,A,0,1
25/08/2023,Chelsea,Luton,0,0,4,10,1,4,0.0,0.0,2,0,H,3,0
26/08/2023,Brentford,Crystal Palace,3,2,11,3,6,4,0.0,0.0,13,8,D,1,1
26/08/2023,Bournemouth,Tottenham,1,1,2,8,10,8,0.11,0.78,1,7,A,0,2
26/08/2023,Arsenal,Fulham,3,2,8,5,6,7,0.71,0.1,9,7,D,2,2
26/08/2023,Brighton,West Ham,3,0,13,6,8,7,0.55,0.0,10,7,A,1,3
26/08/2023,Man Utd,Nottingham Forest,5,0,8,4,7,6,1.0,0.0,12,8,H,3,2
26/08/2023,Everton,Wolves,1,0,2,9,2,13,0.38,0.25,4,1,A,0,1
27/08/2023,Burnley,Aston Villa,2,0,3,10,10,8,0.2,0.3,1,10,A,1,3
27/08/2023,Sheffield Utd,Man City,0,3,1,3,6,2,0.0,0.0,0,10,A,1,2
27/08/2023,Newcastle,Liverpool,3,3,10,4,12,7,0.21,0.56,8,9,A,1,2
01/09/2023,Luton,West Ham,0,1,1,7,11,6,0.0,0.0,0,10,A,1,2
02/09/2023,Burnley,Tottenham,1,2,3,10,11,6,0.15,0.69,1,10,A,2,5
02/09/2023,Sheffield Utd,Everton,0,1,2,5,2,7,0.0,0.0,0,4,D,2,2
02/09/2023,Brentford,Bournemouth,3,2,10,4,2,8,0.5,0.0,11,1,D,2,2
02/09/2023,Man City,Fulham,5,2,7,3,6,9,0.55,0.14,10,5,H,5,1
02/09/2023,Brighton,Newcastle,2,1,11,8,7,5,0.4,0.2,7,5,H,3,1
02/09/2023,Chelsea,Nottingham Forest,1,0,7,9,7,7,0.0,0.0,5,7,A,0,1
03/09/2023,Crystal Palace,Wolves,2,1,5,5,3,11,0.5,0.38,6,4,H,3,2
03/09/2023,Liverpool,Aston Villa,4,1,11,8,11,8,0.62,0.15,9,10,H,3,0
03/09/2023,Arsenal,Man Utd,3,1,10,4,10,6,0.29,0.42,10,12,H,3,1
16/09/2023,Wolves,Liverpool,3,3,4,13,13,7,0.12,0.75,3,11,A,1,3
16/09/2023,Fulham,Luton,2,0,5,12,2,9,0.0,0.0,4,0,H,1,0
16/09/2023,Aston Villa,Crystal Palace,5,1,10,10,6,5,0.33,0.47,9,8,H,3,1
16/09/2023,Man Utd,Brighton,5,2,7,8,13,8,0.5,0.5,9,9,A,1,3
16/09/2023,Newcastle,Brentford,2,3,8,8,9,5,0.75,0.0,4,9,H,1,0
16/09/2023,West Ham,Man City,3,3,10,6,11,3,0.16,0.65,10,12,A,1,3
16/09/2023,Tottenham,Sheffield Utd,2,0,15,5,4,7,0.0,0.0,13,1,H,2,1
17/09/2023,Bournemouth,Chelsea,1,1,4,9,6,6,0.3,0.7,2,5,D,0,0
17/09/2023,Everton,Arsenal,1,2,3,8,13,4,0.23,0.57,4,13,A,0,1
18/09/2023,Nottingham Forest,Burnley,4,1,7,7,5,14,0.0,0.0,7,1,D,1,1
23/09/2023,Burnley,Man Utd,0,1,5,14,6,10,0.13,0.6,1,6,A,0,1
23/09/2023,Man City,Nottingham Forest,5,1,14,3,7,7,0.5,0.0,15,7,H,2,0
23/09/2023,Brentford,Everton,2,1,8,6,2,9,0.5,0.25,6,1,A,1,3
23/09/2023,Crystal Palace,Fulham,3,2,6,7,5,10,0.33,0.33,7,7,D,0,0
23/09/2023,Luton,Wolves,0,1,2,10,5,11,0.0,0.0,0,3,D,1,1
24/09/2023,Liverpool,West Ham,4,2,12,4,10,7,0.71,0.16,13,10,H,3,1
24/09/2023,Chelsea,Aston Villa,1,1,5,5,11,10,0.51,0.23,5,9,A,0,1
24/09/2023,Sheffield Utd,Newcastle,0,1,5,9,8,7,0.0,0.0,1,6,A,0,8
24/09/2023,Arsenal,Tottenham,3,3,9,4,13,5,0.45,0.2,13,13,D,2,2
24/09/2023,Brighton,Bournemouth,3,1,15,7,4,8,0.5,0.33,12,3,H,3,1
30/09/2023,Everton,Luton,1,0,5,9,3,11,0.0,0.0,4,1,A,1,2
30/09/2023,Aston Villa,Brighton,5,3,11,5,14,7,0.62,0.12,12,12,H,6,1
30/09/2023,Bournemouth,Arsenal,0,3,4,10,9,5,0.09,0.73,2,11,A,0,4
30/09/2023,Wolves,Man City,2,3,6,11,13,3,0.24,0.65,4,15,H,2,1
30/09/2023,Man Utd,Crystal Palace,4,1,6,10,5,7,0.6,0.15,6,5,A,0,1
30/09/2023,West Ham,Sheffield Utd,3,0,10,9,5,16,0.0,0.0,9,1,H,2,0
30/09/2023,Tottenham,Liverpool,3,3,13,5,14,4,0.22,0.51,13,15,H,2,1
30/09/2023,Newcastle,Burnley,3,1,11,6,4,13,0.5,0.2,6,1,H,2,0
01/10/2023,Nottingham Forest,Brentford,4,3,6,7,7,7,0.0,0.5,7,5,D,1,1
02/10/2023,Fulham,Chelsea,2,1,4,10,4,5,0.06,0.58,5,4,A,0,2
03/10/2023,Luton,Burnley,0,1,4,8,4,12,0.0,0.0,4,1,A,1,2
07/10/2023,Fulham,Sheffield Utd,2,0,4,9,4,16,0.0,0.0,5,1,H,3,1
07/10/2023,Man Utd,Brentford,3,2,6,9,5,8,0.75,0.25,6,3,H,2,1
07/10/2023,Everton,Bournemouth,1,0,6,7,3,11,0.4,0.4,4,2,H,3,0
07/10/2023,Burnley,Chelsea,0,1,5,10,5,2,0.07,0.73,4,7,A,1,4
07/10/2023,Luton,Tottenham,0,3,5,7,13,6,0.0,0.0,4,13,A,0,1
07/10/2023,Crystal Palace,Nottingham Forest,2,1,6,6,5,7,0.0,0.5,8,5,D,0,0
08/10/2023,Wolves,Aston Villa,2,2,7,8,13,6,0.33,0.33,7,12,D,1,1
08/10/2023,Arsenal,Man City,3,3,12,5,13,5,0.4,0.4,11,12,H,1,0
08/10/2023,Brighton,Liverpool,3,2,11,12,12,5,0.2,0.5,9,12,D,2,2
08/10/2023,West Ham,Newcastle,4,1,9,8,13,5,0.24,0.5,9,9,D,2,2
21/10/2023,Liverpool,Everton,4,2,12,6,9,6,0.55,0.09,10,7,H,2,0
21/10/2023,Chelsea,Arsenal,1,4,6,3,11,3,0.38,0.31,7,13,D,2,2
21/10/2023,Nottingham Forest,Luton,3,1,3,4,4,6,0.0,0.0,6,4,D,2,2
21/10/2023,Newcastle,Crystal Palace,3,2,14,5,5,5,0.44,0.11,10,8,H,4,0
21/10/2023,Sheffield Utd,Man Utd,0,2,4,17,5,8,0.0,0.0,1,6,A,1,2
21/10/2023,Brentford,Burnley,1,1,5,9,4,9,0.5,0.5,2,4,H,3,0
21/10/2023,Bournemouth,Wolves,0,1,3,12,7,9,0.33,0.33,2,5,A,1,2
21/10/2023,Man City,Brighton,5,2,11,5,12,11,0.8,0.1,9,10,H,2,1
22/10/2023,Aston Villa,West Ham,5,2,11,6,8,9,0.27,0.33,10,7,H,4,1
23/10/2023,Tottenham,Fulham,4,1,12,6,5,8,0.55,0.23,13,7,H,2,0
27/10/2023,Crystal Palace,Tottenham,1,3,2,7,9,4,0.15,0.7,5,13,A,1,2
28/10/2023,Chelsea,Brentford,1,2,8,4,6,7,0.25,0.5,8,4,A,0,2
28/10/2023,Arsenal,Sheffield Utd,3,0,10,4,3,17,0.0,0.0,11,0,H,5,0
28/10/2023,Bournemouth,Burnley,0,1,2,12,3,11,0.33,0.67,1,3,H,2,1
28/10/2023,Wolves,Newcastle,1,1,7,7,17,2,0.13,0.27,8,13,D,2,2
29/10/2023,Liverpool,Nottingham Forest,4,1,11,6,4,6,0.5,0.5,10,4,H,3,0
29/10/2023,Man Utd,Man City,3,3,6,6,8,5,0.4,0.4,9,9,A,0,3
29/10/2023,Brighton,Fulham,3,1,10,12,4,5,0.0,0.4,7,7,D,1,1
29/10/2023,West Ham,Everton,3,1,7,12,7,6,0.26,0.49,4,6,A,0,1
29/10/2023,Aston Villa,Luton,5,1,15,4,6,7,0.0,0.0,13,5,H,3,1
04/11/2023,Fulham,Man Utd,2,3,4,6,5,6,0.1,0.71,5,9,A,0,1
04/11/2023,Brentford,West Ham,1,2,8,6,6,10,1.0,0.0,7,4,H,3,2
04/11/2023,Burnley,Crystal Palace,0,2,4,12,2,6,0.42,0.33,3,5,A,0,2
04/11/2023,Everton,Brighton,1,2,8,5,8,12,0.55,0.27,9,5,D,1,1
04/11/2023,Man City,Bournemouth,5,0,8,4,4,13,1.0,0.0,9,3,H,6,1
04/11/2023,Sheffield Utd,Wolves,0,2,2,20,8,6,0.0,0.0,0,9,H,2,1
04/11/2023,Newcastle,Arsenal,4,3,18,4,14,4,0.12,0.66,11,11,H,1,0
05/11/2023,Nottingham Forest,Aston Villa,2,2,3,8,15,4,0.0,0.5,3,13,H,2,0
05/11/2023,Luton,Liverpool,0,2,6,9,11,5,0.0,0.0,4,10,D,1,1
06/11/2023,Tottenham,Chelsea,4,2,9,4,8,6,0.18,0.5,13,7,A,1,4
11/11/2023,Wolves,Tottenham,1,4,8,7,8,6,0.25,0.56,8,12,H,2,1
11/11/2023,Arsenal,Burnley,3,1,12,3,4,12,0.64,0.07,10,3,H,3,1
11/11/2023,Crystal Palace,Everton,1,2,4,6,6,5,0.14,0.48,7,7,A,2,3
11/11/2023,Man Utd,Luton,2,1,5,6,5,9,0.0,0.0,9,2,H,1,0
11/11/2023,Bournemouth,Newcastle,1,1,4,16,11,4,0.25,0.38,3,11,H,2,0
12/11/2023,Chelsea,Man City,1,3,12,6,12,5,0.52,0.38,10,9,D,4,4
12/11/2023,West Ham,Nottingham Forest,2,1,7,10,5,6,0.5,0.5,4,6,H,3,2
12/11/2023,Brighton,Sheffield Utd,2,0,6,12,4,13,0.0,0.0,3,3,D,1,1
12/11/2023,Aston Villa,Fulham,5,0,14,6,4,7,0.4,0.23,10,4,H,3,1
12/11/2023,Liverpool,Brentford,5,2,9,5,10,5,0.5,0.25,8,10,H,3,0
25/11/2023,Sheffield Utd,Bournemouth,1,0,5,12,6,12,0.0,0.0,4,6,A,1,3
25/11/2023,Brentford,Arsenal,2,3,9,7,11,4,0.25,0.5,9,10,A,0,1
25/11/2023,Newcastle,Chelsea,4,3,9,6,14,10,0.24,0.54,8,8,H,4,1
25/11/2023,Nottingham Forest,Brighton,2,2,6,8,6,7,0.5,0.0,5,4,A,2,3
25/11/2023,Burnley,West Ham,0,2,3,14,8,12,0.21,0.57,0,4,A,1,2
25/11/2023,Man City,Liverpool,5,2,15,7,11,3,0.21,0.43,10,11,D,1,1
25/11/2023,Luton,Crystal Palace,0,2,4,8,5,9,0.0,0.0,2,4,H,2,1
26/11/2023,Tottenham,Aston Villa,4,2,7,7,11,6,0.52,0.22,9,10,A,1,2
26/11/2023,Everton,Man Utd,1,3,8,5,6,5,0.16,0.61,10,12,A,0,3
27/11/2023,Fulham,Wolves,2,2,5,8,8,7,0.17,0.42,4,8,H,3,2
02/12/2023,Nottingham Forest,Everton,1,3,8,11,5,8,0.0,0.0,4,7,A,0,1
02/12/2023,Newcastle,Man Utd,5,4,11,5,7,4,0.15,0.61,10,12,H,1,0
02/12/2023,Burnley,Sheffield Utd,0,0,3,12,5,12,0.0,0.0,0,4,H,5,0
02/12/2023,Arsenal,Wolves,4,1,11,4,9,9,0.69,0.12,10,7,H,2,1
02/12/2023,Brentford,Luton,2,1,8,6,6,8,0.0,0.0,9,5,H,3,1
03/12/2023,Man City,Tottenham,4,3,16,7,7,9,0.35,0.51,11,6,D,3,3
03/12/2023,West Ham,Crystal Palace,2,2,8,11,6,11,0.37,0.37,6,3,D,1,1
03/12/2023,Bournemouth,Aston Villa,2,2,9,10,12,6,0.67,0.33,9,12,D,2,2
03/12/2023,Chelsea,Brighton,0,2,11,13,7,7,0.4,0.2,5,6,H,3,2
03/12/2023,Liverpool,Fulham,5,0,10,2,5,9,0.58,0.23,11,4,H,4,3
05/12/2023,Wolves,Burnley,2,1,8,10,8,9,0.38,0.38,4,3,H,1,0
05/12/2023,Luton,Arsenal,1,3,5,9,11,3,0.0,0.0,4,12,A,3,4
06/12/2023,Man Utd,Chelsea,2,3,5,4,12,13,0.29,0.31,9,7,H,2,1
06/12/2023,Crystal Palace,Bournemouth,1,1,7,8,10,10,0.4,0.2,4,10,A,0,2
06/12/2023,Aston Villa,Man City,5,2,10,7,17,9,0.16,0.68,10,9,H,1,0
06/12/2023,Fulham,Nottingham Forest,3,1,8,11,6,10,1.0,0.0,4,3,H,5,0
06/12/2023,Sheffield Utd,Liverpool,1,1,4,15,12,5,0.0,0.0,4,11,A,0,2
06/12/2023,Brighton,Brentford,2,1,8,8,8,7,0.5,0.25,6,9,H,2,1
07/12/2023,Everton,Newcastle,1,1,6,6,8,5,0.44,0.34,10,10,H,3,0
07/12/2023,Tottenham,West Ham,3,2,8,12,8,8,0.53,0.24,4,7,A,1,2
09/12/2023,Sheffield Utd,Brentford,1,1,4,12,7,9,0.0,0.0,4,6,H,1,0
09/12/2023,Brighton,Burnley,2,1,9,8,7,8,0.12,0.25,8,3,D,1,1
09/12/2023,Crystal Palace,Liverpool,0,1,6,8,11,5,0.25,0.6,4,11,A,1,2
09/12/2023,Aston Villa,Arsenal,5,3,8,6,10,6,0.13,0.67,10,12,H,1,0
09/12/2023,Man Utd,Bournemouth,3,2,7,2,10,9,0.7,0.2,12,10,A,0,3
09/12/2023,Wolves,Nottingham Forest,3,0,7,8,6,12,0.5,0.0,6,3,D,1,1
10/12/2023,Everton,Chelsea,2,3,8,6,13,13,0.2,0.48,10,7,H,2,0
10/12/2023,Fulham,West Ham,3,2,12,10,10,8,0.17,0.58,6,10,H,5,0
10/12/2023,Luton,Man City,1,1,7,10,14,10,0.0,0.0,4,6,A,1,2
10/12/2023,Tottenham,Newcastle,2,1,7,13,6,6,0.42,0.48,1,9,H,4,1
15/12/2023,Nottingham Forest,Tottenham,1,2,5,13,10,10,0.0,1.0,1,4,A,0,2
16/12/2023,Burnley,Everton,1,4,8,7,9,5,0.5,0.43,4,12,A,0,2
16/12/2023,Newcastle,Fulham,5,0,6,10,17,9,0.43,0.43,6,9,H,3,0
16/12/2023,Man City,Crystal Palace,3,2,10,10,5,10,0.75,0.1,6,1,D,2,2
16/12/2023,Chelsea,Sheffield Utd,1,0,9,14,3,11,0.0,0.0,4,4,H,2,0
17/12/2023,Liverpool,Man Utd,5,4,12,5,6,5,0.36,0.48,13,9,D,0,0
17/12/2023,West Ham,Wolves,2,1,8,10,7,7,0.5,0.42,10,7,H,3,0
17/12/2023,Brentford,Aston Villa,3,2,4,8,9,4,0.25,0.25,3,13,A,1,2
17/12/2023,Arsenal,Brighton,4,1,10,6,9,8,0.44,0.44,12,8,H,2,0
21/12/2023,Crystal Palace,Brighton,0,1,5,9,8,9,0.2,0.2,2,7,D,1,1
22/12/2023,Aston Villa,Sheffield Utd,5,0,8,4,2,12,0.0,0.0,13,3,D,1,1
23/12/2023,West Ham,Man Utd,2,3,8,8,5,5,0.21,0.61,10,7,H,2,0
23/12/2023,Fulham,Burnley,4,0,16,9,7,6,0.4,0.2,9,4,A,0,2
23/12/2023,Luton,Newcastle,1,0,7,11,9,8,0.0,0.0,3,9,H,1,0
23/12/2023,Nottingham Forest,Bournemouth,1,3,3,12,12,3,0.0,0.5,1,13,A,2,3
23/12/2023,Tottenham,Everton,2,4,11,8,8,3,0.42,0.19,7,12,H,2,1
23/12/2023,Liverpool,Arsenal,4,2,9,5,9,5,0.32,0.32,11,12,D,1,1
24/12/2023,Wolves,Chelsea,2,2,5,9,7,10,0.25,0.56,4,6,H,2,1
26/12/2023,Burnley,Liverpool,1,2,8,4,9,5,0.14,0.79,7,11,A,0,2
26/12/2023,Bournemouth,Fulham,2,0,13,5,13,9,0.67,0.0,13,6,H,3,0
26/12/2023,Sheffield Utd,Luton,2,1,2,10,8,10,0.0,0.0,4,6,A,2,3
26/12/2023,Newcastle,Nottingham Forest,5,0,5,8,3,12,1.0,0.0,6,1,A,1,3
26/12/2023,Man Utd,Aston Villa,3,2,2,7,7,4,0.72,0.08,4,11,H,3,2
27/12/2023,Chelsea,Crystal Palace,2,1,7,8,5,8,0.8,0.2,6,3,H,2,1
27/12/2023,Brentford,Wolves,3,1,5,7,5,7,0.25,0.5,3,7,A,1,4
27/12/2023,Everton,Man City,3,2,9,2,8,8,0.33,0.45,12,6,A,1,3
28/12/2023,Arsenal,West Ham,5,2,9,6,8,7,0.66,0.11,10,10,A,0,2
28/12/2023,Brighton,Tottenham,1,3,6,8,12,7,0.27,0.64,5,10,H,4,2
30/12/2023,Nottingham Forest,Man Utd,1,2,6,12,5,8,0.0,1.0,4,7,H,2,1
30/12/2023,Wolves,Everton,3,4,8,6,9,5,0.29,0.35,10,9,H,3,0
30/12/2023,Man City,Sheffield Utd,2,0,10,8,4,8,1.0,0.0,8,4,H,2,0
30/12/2023,Aston Villa,Burnley,4,1,7,5,3,6,0.36,0.18,10,4,H,3,2
30/12/2023,Luton,Chelsea,2,1,9,11,6,7,0.0,1.0,6,6,A,2,3
30/12/2023,Crystal Palace,Brentford,0,1,5,9,6,10,0.0,0.0,2,3,H,3,1
31/12/2023,Fulham,Arsenal,3,2,10,8,7,7,0.09,0.69,6,7,H,2,1
31/12/2023,Tottenham,Bournemouth,2,4,11,8,13,4,0.8,0.1,9,13,H,3,1
01/01/2024,Liverpool,Newcastle,3,0,7,2,5,11,0.57,0.2,11,3,H,4,2
02/01/2024,West Ham,Brighton,3,1,9,6,8,7,0.08,0.5,12,8,D,0,0
12/01/2024,Burnley,Luton,1,1,5,8,10,11,1.0,0.0,4,6,D,1,1
13/01/2024,Chelsea,Fulham,3,0,8,7,7,9,0.59,0.06,9,6,H,1,0
13/01/2024,Newcastle,Man City,4,3,7,12,9,5,0.13,0.72,3,10,A,2,3
14/01/2024,Everton,Aston Villa,2,2,6,8,9,7,0.28,0.4,6,10,D,0,0
14/01/2024,Man Utd,Tottenham,3,2,4,9,13,7,0.6,0.2,4,12,D,2,2
20/01/2024,Arsenal,Crystal Palace,4,1,4,6,8,8,0.59,0.09,4,5,H,5,0
20/01/2024,Brentford,Nottingham Forest,2,1,4,12,8,8,0.33,0.0,0,7,H,3,2
21/01/2024,Sheffield Utd,West Ham,2,3,4,8,7,5,0.0,1.0,4,10,D,2,2
21/01/2024,Bournemouth,Liverpool,3,3,12,5,9,4,0.18,0.73,12,11,A,0,4
22/01/2024,Brighton,Wolves,2,1,6,6,10,6,0.56,0.22,6,10,D,0,0
30/01/2024,Fulham,Everton,4,3,2,10,4,8,0.34,0.56,3,4,D,0,0
30/01/2024,Aston Villa,Newcastle,4,0,8,7,8,11,0.26,0.39,8,3,A,1,3
30/01/2024,Crystal Palace,Sheffield Utd,1,0,7,11,5,10,1.0,0.0,5,2,H,3,2
30/01/2024,Nottingham Forest,Arsenal,1,2,9,10,9,5,0.33,0.67,6,7,A,1,2
30/01/2024,Luton,Brighton,2,1,8,8,5,5,0.0,1.0,7,6,H,4,0
31/01/2024,Tottenham,Brentford,3,1,11,8,6,12,0.2,0.2,10,3,H,3,2
31/01/2024,Man City,Burnley,2,1,12,6,5,8,0.73,0.07,13,4,H,3,1
31/01/2024,Liverpool,Chelsea,3,1,11,3,9,5,0.31,0.36,11,12,H,4,1
01/02/2024,West Ham,Bournemouth,3,4,9,2,10,9,0.42,0.25,11,9,D,1,1
01/02/2024,Wolves,Man Utd,4,1,9,5,6,8,0.17,0.67,10,5,A,3,4
03/02/2024,Everton,Tottenham,2,1,2,8,12,10,0.18,0.43,2,10,D,2,2
03/02/2024,Brighton,Crystal Palace,2,0,5,7,8,11,0.18,0.18,6,7,H,4,1
03/02/2024,Sheffield Utd,Aston Villa,1,2,7,11,7,9,0.0,0.0,2,5,A,0,5
03/02/2024,Burnley,Fulham,1,0,6,9,2,7,0.33,0.33,4,4,D,2,2
03/02/2024,Newcastle,Luton,3,1,8,12,11,6,0.0,1.0,3,10,D,4,4
04/02/2024,Bournemouth,Nottingham Forest,3,1,8,10,10,10,0.67,0.0,7,6,D,1,1
04/02/2024,Chelsea,Wolves,4,1,8,9,12,6,0.53,0.29,9,10,A,2,4
04/02/2024,Man Utd,West Ham,3,3,10,11,7,3,0.59,0.23,7,9,H,3,0
04/02/2024,Arsenal,Liverpool,4,4,9,6,15,4,0.31,0.31,7,13,H,3,1
05/02/2024,Brentford,Man City,2,3,8,14,13,6,0.5,0.5,3,13,A,1,3
10/02/2024,Nottingham Forest,Newcastle,1,1,9,8,12,15,0.33,0.67,7,4,A,2,3
10/02/2024,Man City,Everton,2,2,14,5,3,8,0.47,0.33,15,3,H,2,0
10/02/2024,Fulham,Bournemouth,3,3,4,7,6,9,0.0,0.75,5,5,H,3,1
10/02/2024,Liverpool,Burnley,3,1,15,6,6,11,0.8,0.13,12,2,H,3,1
10/02/2024,Luton,Sheffield Utd,2,0,14,10,6,15,1.0,0.0,8,1,A,1,3
10/02/2024,Tottenham,Brighton,4,0,12,11,8,7,0.58,0.33,8,8,H,2,1
10/02/2024,Wolves,Brentford,3,0,14,7,8,15,0.6,0.2,10,3,A,0,2
11/02/2024,Aston Villa,Man Utd,3,1,11,8,13,9,0.08,0.72,7,10,A,1,2
11/02/2024,West Ham,Arsenal,2,2,5,6,11,6,0.13,0.64,6,9,A,0,6
12/02/2024,Crystal Palace,Chelsea,2,1,8,14,9,11,0.19,0.81,6,9,A,1,3
17/02/2024,Man City,Chelsea,3,2,13,4,10,11,0.37,0.51,15,9,D,1,1
17/02/2024,Brentford,Liverpool,2,4,9,11,16,7,0.2,0.6,6,12,A,1,4
17/02/2024,Burnley,Arsenal,1,2,7,12,17,4,0.07,0.67,2,12,A,0,5
17/02/2024,Fulham,Aston Villa,3,2,7,5,10,7,0.23,0.42,8,7,A,1,2
17/02/2024,Newcastle,Bournemouth,2,2,14,14,4,12,0.33,0.33,7,2,D,2,2
17/02/2024,Nottingham Forest,West Ham,1,2,8,10,3,12,0.33,0.67,4,3,H,2,0
17/02/2024,Tottenham,Wolves,5,2,12,8,10,8,0.53,0.29,11,7,A,1,2
18/02/2024,Luton,Man Utd,2,2,12,11,12,8,0.0,1.0,5,10,A,1,2
18/02/2024,Sheffield Utd,Brighton,1,0,7,13,5,7,0.0,0.0,4,5,A,0,5
19/02/2024,Everton,Crystal Palace,2,0,2,7,8,15,0.5,0.14,3,6,D,1,1
20/02/2024,Man City,Brentford,3,1,12,5,9,12,0.6,0.4,13,6,H,1,0
21/02/2024,Liverpool,Luton,3,1,16,6,11,10,0.0,0.0,12,5,H,4,1
24/02/2024,Arsenal,Newcastle,4,2,21,2,14,12,0.64,0.14,15,8,H,4,1
24/02/2024,Crystal Palace,Burnley,2,1,6,15,5,14,0.38,0.38,4,2,H,3,0
24/02/2024,Bournemouth,Man City,2,4,5,11,10,3,0.0,1.0,3,13,A,0,1
24/02/2024,Aston Villa,Nottingham Forest,2,1,9,6,8,9,0.33,0.33,7,4,H,4,2
24/02/2024,Man Utd,Fulham,3,0,13,7,6,6,0.72,0.09,13,5,A,1,2
24/02/2024,Brighton,Everton,3,1,10,7,3,5,0.25,0.5,7,4,D,1,1
25/02/2024,Wolves,Sheffield Utd,2,1,9,9,7,16,0.0,1.0,7,4,H,1,0
26/02/2024,West Ham,Brentford,2,1,3,14,6,11,0.0,1.0,2,3,H,4,2
02/03/2024,Everton,West Ham,1,1,4,6,5,14,0.5,0.25,4,4,A,1,3
02/03/2024,Brentford,Chelsea,1,2,6,12,8,10,0.6,0.2,3,7,D,2,2
02/03/2024,Tottenham,Crystal Palace,4,0,10,9,9,10,0.71,0.14,8,7,H,3,1
02/03/2024,Fulham,Brighton,2,1,8,6,11,8,0.33,0.0,8,7,H,3,0
02/03/2024,Newcastle,Wolves,1,3,13,13,10,9,0.25,0.12,8,9,H,3,0
02/03/2024,Nottingham Forest,Liverpool,2,4,8,10,16,7,0.33,0.67,4,12,A,0,1
02/03/2024,Luton,Aston Villa,2,3,11,13,13,8,0.0,1.0,4,9,A,2,3
03/03/2024,Burnley,Bournemouth,0,1,4,16,5,8,0.57,0.43,1,3,A,0,2
03/03/2024,Man City,Man Utd,4,3,8,2,12,7,0.42,0.4,13,12,H,3,1
04/03/2024,Sheffield Utd,Arsenal,1,3,5,15,20,3,0.0,1.0,3,15,A,0,6
09/03/2024,Arsenal,Brentford,4,1,24,2,7,11,0.6,0.2,15,4,H,2,1
09/03/2024,Crystal Palace,Luton,3,1,7,11,9,16,0.0,1.0,4,1,D,1,1
09/03/2024,Wolves,Fulham,3,1,7,8,11,6,0.38,0.23,9,10,H,2,1
09/03/2024,Man Utd,Everton,2,0,9,7,5,9,0.62,0.16,9,3,H,2,0
09/03/2024,Bournemouth,Sheffield Utd,1,1,6,7,3,18,1.0,0.0,5,3,D,2,2
10/03/2024,Liverpool,Man City,4,5,13,6,8,2,0.42,0.21,12,13,D,1,1
10/03/2024,West Ham,Burnley,2,1,7,14,3,15,0.6,0.2,6,1,D,2,2
10/03/2024,Brighton,Nottingham Forest,2,1,11,7,7,9,0.33,0.33,7,4,H,1,0
10/03/2024,Aston Villa,Tottenham,2,1,15,7,11,8,0.24,0.51,12,10,A,0,4
11/03/2024,Chelsea,Newcastle,4,2,9,12,13,12,0.52,0.26,5,8,H,3,2
13/03/2024,Bournemouth,Luton,1,1,7,8,6,13,0.0,0.0,5,1,H,4,3
16/03/2024,Fulham,Tottenham,3,2,10,6,12,6,0.22,0.56,9,10,H,3,0
16/03/2024,Luton,Nottingham Forest,1,1,8,14,6,9,0.0,0.0,1,3,D,1,1
16/03/2024,Burnley,Brentford,0,1,3,15,6,13,0.33,0.67,1,1,H,2,1
17/03/2024,West Ham,Aston Villa,1,3,9,13,10,11,0.32,0.29,7,9,D,1,1
30/03/2024,Newcastle,West Ham,1,2,11,11,10,8,0.49,0.23,7,8,H,4,3
30/03/2024,Bournemouth,Everton,1,0,10,8,3,9,0.36,0.45,8,2,H,2,1
30/03/2024,Brentford,Man Utd,1,3,6,11,8,7,0.2,0.8,1,9,D,1,1
30/03/2024,Aston Villa,Wolves,2,3,10,10,5,7,0.31,0.31,10,9,H,2,0
30/03/2024,Sheffield Utd,Fulham,0,1,5,15,10,5,0.0,1.0,4,9,D,3,3
30/03/2024,Nottingham Forest,Crystal Palace,2,0,5,7,7,8,0.33,0.0,4,5,D,1,1
30/03/2024,Chelsea,Burnley,4,0,11,10,4,13,0.75,0.06,8,4,D,2,2
30/03/2024,Tottenham,Luton,4,0,10,7,8,13,1.0,0.0,9,2,H,2,1
31/03/2024,Man City,Arsenal,4,4,7,3,23,2,0.4,0.42,11,15,D,0,0
31/03/2024,Liverpool,Brighton,4,1,13,4,8,6,0.45,0.18,13,7,H,2,1
02/04/2024,West Ham,Tottenham,1,1,13,10,10,7,0.26,0.51,8,9,D,1,1
02/04/2024,Burnley,Wolves,1,2,6,10,5,7,0.33,0.44,5,9,D,1,1
02/04/2024,Bournemouth,Crystal Palace,2,0,10,7,7,6,0.27,0.36,10,6,H,1,0
02/04/2024,Nottingham Forest,Fulham,1,1,4,8,12,6,0.0,1.0,2,10,H,3,1
02/04/2024,Newcastle,Everton,2,0,12,12,4,9,0.33,0.45,7,2,D,1,1
03/04/2024,Arsenal,Luton,4,0,17,2,8,11,1.0,0.0,13,2,H,2,0
03/04/2024,Man City,Aston Villa,3,3,6,2,10,9,0.67,0.18,11,10,H,4,1
03/04/2024,Brentford,Brighton,1,1,7,11,8,6,0.2,0.6,2,7,D,0,0
04/04/2024,Liverpool,Sheffield Utd,4,1,12,4,5,17,1.0,0.0,13,2,H,3,1
04/04/2024,Chelsea,Man Utd,3,3,11,8,7,7,0.3,0.3,9,7,H,4,3
06/04/2024,Crystal Palace,Man City,3,4,6,6,9,3,0.1,0.71,5,11,A,2,4
06/04/2024,Everton,Burnley,0,0,4,9,7,8,0.47,0.47,2,6,H,1,0
06/04/2024,Luton,Bournemouth,1,1,6,10,11,6,0.0,1.0,2,13,H,2,1
06/04/2024,Fulham,Newcastle,3,2,11,8,11,11,0.41,0.45,7,7,A,0,1
06/04/2024,Brighton,Arsenal,3,4,3,6,14,2,0.4,0.5,5,13,A,0,3
06/04/2024,Aston Villa,Brentford,2,1,7,11,5,7,0.4,0.2,7,3,D,3,3
06/04/2024,Wolves,West Ham,3,1,4,7,10,9,0.38,0.54,7,6,A,1,2
07/04/2024,Man Utd,Liverpool,3,4,8,10,11,4,0.47,0.36,4,13,D,2,2
07/04/2024,Tottenham,Nottingham Forest,4,0,10,6,5,5,1.0,0.0,10,5,H,3,1
07/04/2024,Sheffield Utd,Chelsea,0,2,6,15,12,10,0.0,1.0,2,9,D,2,2
13/04/2024,Nottingham Forest,Wolves,2,2,6,7,4,9,0.0,0.33,5,4,D,2,2
13/04/2024,Newcastle,Tottenham,2,1,11,7,10,6,0.46,0.44,10,10,H,4,0
13/04/2024,Bournemouth,Man Utd,3,2,10,8,9,10,0.27,0.64,10,5,D,2,2
13/04/2024,Man City,Luton,3,0,12,5,7,10,1.0,0.0,11,4,H,5,1
13/04/2024,Brentford,Sheffield Utd,0,1,6,8,8,16,0.0,1.0,3,3,H,2,0
13/04/2024,Burnley,Brighton,1,1,7,7,2,8,0.22,0.11,6,4,D,1,1
14/04/2024,Liverpool,Crystal Palace,4,0,9,5,5,10,0.62,0.24,11,2,A,0,1
14/04/2024,Arsenal,Aston Villa,5,3,13,1,7,12,0.65,0.15,13,5,A,0,2
14/04/2024,West Ham,Fulham,1,1,9,9,8,9,0.56,0.2,6,4,A,0,2
15/04/2024,Chelsea,Everton,3,0,13,11,4,8,0.47,0.22,9,4,H,6,0
20/04/2024,Luton,Brentford,1,0,5,11,7,6,0.0,1.0,4,6,A,1,5
20/04/2024,Sheffield Utd,Burnley,0,0,8,12,6,6,0.0,1.0,3,6,A,1,4
20/04/2024,Wolves,Arsenal,2,4,6,8,7,3,0.12,0.71,5,10,A,0,2
21/04/2024,Fulham,Liverpool,3,3,9,7,8,6,0.22,0.59,7,8,A,1,3
21/04/2024,Aston Villa,Bournemouth,2,1,9,8,10,8,0.29,0.57,8,10,H,3,1
21/04/2024,Everton,Nottingham Forest,1,0,3,11,8,8,0.33,0.0,4,6,H,2,0
21/04/2024,Crystal Palace,West Ham,2,2,5,7,7,9,0.35,0.35,5,5,H,5,2
23/04/2024,Arsenal,Chelsea,4,1,7,2,17,9,0.3,0.37,10,11,H,5,0
24/04/2024,Man Utd,Sheffield Utd,2,1,10,9,7,14,1.0,0.0,6,2,H,4,2
24/04/2024,Everton,Liverpool,2,3,5,9,10,6,0.09,0.56,7,10,H,2,0
24/04/2024,Crystal Palace,Newcastle,2,3,9,8,12,7,0.11,0.47,7,10,H,2,0
24/04/2024,Wolves,Bournemouth,2,1,4,9,7,8,0.5,0.25,2,7,A,0,1
25/04/2024,Brighton,Man City,2,4,3,6,14,5,0.09,0.82,5,11,A,0,4
27/04/2024,Wolves,Luton,2,0,4,8,5,15,0.0,0.0,2,3,H,2,1
27/04/2024,Newcastle,Sheffield Utd,3,0,10,6,6,15,1.0,0.0,10,1,H,5,1
27/04/2024,Fulham,Crystal Palace,2,1,7,10,10,7,0.3,0.3,4,9,D,1,1
27/04/2024,Man Utd,Burnley,3,1,12,11,8,6,0.62,0.12,6,6,D,1,1
27/04/2024,Everton,Brentford,3,1,6,7,11,5,0.4,0.4,10,9,H,1,0
27/04/2024,Aston Villa,Chelsea,3,1,11,8,14,12,0.25,0.5,10,8,D,2,2
27/04/2024,West Ham,Liverpool,1,3,8,13,8,7,0.15,0.72,4,7,D,2,2
28/04/2024,Nottingham Forest,Man City,2,4,7,9,17,4,0.0,0.67,5,13,A,0,2
28/04/2024,Tottenham,Arsenal,4,4,6,10,12,2,0.2,0.44,7,12,A,2,3
28/04/2024,Bournemouth,Brighton,3,1,6,7,2,10,0.29,0.57,7,2,H,3,0
02/05/2024,Chelsea,Tottenham,3,1,14,12,8,10,0.51,0.18,8,7,H,2,0
03/05/2024,Luton,Everton,1,0,5,15,6,6,1.0,0.0,3,12,D,1,1
04/05/2024,Man City,Wolves,4,1,19,4,5,8,0.61,0.28,15,4,H,5,1
04/05/2024,Arsenal,Bournemouth,4,2,13,4,8,7,0.75,0.08,12,7,H,3,0
04/05/2024,Brentford,Fulham,1,2,10,5,5,8,0.67,0.33,8,4,D,0,0
04/05/2024,Burnley,Newcastle,1,2,7,5,11,4,0.18,0.55,6,10,A,1,4
04/05/2024,Sheffield Utd,Nottingham Forest,0,0,6,17,6,10,0.0,1.0,1,4,A,1,3
05/05/2024,Chelsea,West Ham,4,2,12,9,7,11,0.59,0.23,8,5,H,5,0
05/05/2024,Liverpool,Tottenham,3,1,7,8,6,11,0.5,0.24,5,4,H,4,2
05/05/2024,Brighton,Aston Villa,2,3,1,11,11,10,0.11,0.67,2,8,H,1,0
06/05/2024,Crystal Palace,Man Utd,3,1,11,7,12,11,0.19,0.57,10,6,H,4,0
11/05/2024,Nottingham Forest,Chelsea,1,0,6,10,15,7,0.33,0.0,4,10,A,2,3
11/05/2024,Newcastle,Brighton,4,0,14,4,2,11,0.18,0.45,12,4,D,1,1
11/05/2024,Wolves,Crystal Palace,2,1,5,11,13,3,0.33,0.56,4,13,A,1,3
11/05/2024,West Ham,Luton,0,0,6,15,6,14,1.0,0.0,4,4,H,3,1
11/05/2024,Bournemouth,Brentford,4,1,7,8,10,5,0.0,0.33,7,8,A,1,2
11/05/2024,Everton,Sheffield Utd,4,0,6,7,5,18,0.0,0.0,10,0,H,1,0
11/05/2024,Fulham,Man City,2,4,4,5,20,4,0.13,0.57,5,15,A,0,4
11/05/2024,Tottenham,Burnley,3,1,7,14,7,8,0.71,0.14,3,5,H,2,1
12/05/2024,Man Utd,Arsenal,2,4,9,11,13,4,0.41,0.3,6,12,A,0,1
13/05/2024,Aston Villa,Liverpool,2,2,10,7,9,8,0.15,0.62,8,7,D,3,3
14/05/2024,Tottenham,Man City,4,4,6,14,20,2,0.5,0.34,3,15,A,0,2
15/05/2024,Brighton,Chelsea,2,1,3,9,12,9,0.18,0.45,5,10,A,1,2
15/05/2024,Man Utd,Newcastle,2,2,7,10,14,5,0.6,0.17,5,10,H,3,2
19/05/2024,Arsenal,Everton,4,0,14,2,7,1,0.58,0.22,15,13,H,2,1
19/05/2024,Brentford,Newcastle,1,2,9,3,12,8,0.0,0.8,10,7,A,2,4
19/05/2024,Brighton,Man Utd,2,0,3,10,8,10,0.55,0.45,4,7,A,0,2
19/05/2024,Burnley,Nottingham Forest,1,1,8,9,7,10,0.0,0.0,5,4,A,1,2
19/05/2024,Chelsea,Bournemouth,4,2,14,5,6,8,0.64,0.27,13,6,H,2,1
19/05/2024,Crystal Palace,Aston Villa,3,2,15,4,10,7,0.44,0.38,13,8,H,5,0
19/05/2024,Liverpool,Wolves,3,0,12,10,4,12,0.76,0.12,8,3,H,2,0
19/05/2024,Luton,Fulham,1,1,5,16,4,8,0.0,1.0,1,5,A,2,4
19/05/2024,Man City,West Ham,4,2,17,1,7,15,0.66,0.16,15,4,H,3,1
19/05/2024,Sheffield Utd,Tottenham,0,0,5,17,6,12,0.0,1.0,0,3,A,0,3
16/08/2024,Man Utd,Fulham,2,2,6,8,6,10,0.7,0.12,7,5,H,1,0
17/08/2024,Everton,Brighton,5,0,6,3,3,8,0.46,0.23,10,4,A,0,3
17/08/2024,Ipswich,Liverpool,1,1,2,12,11,9,0.25,0.5,3,8,A,0,2
17/08/2024,Arsenal,Wolves,4,0,14,3,4,12,0.72,0.11,15,3,H,2,0
17/08/2024,Newcastle,Southampton,3,0,16,8,9,16,0.43,0.29,10,1,H,1,0
17/08/2024,Nottingham Forest,Bournemouth,1,1,7,9,6,7,0.0,0.5,6,6,D,1,1
17/08/2024,West Ham,Aston Villa,1,1,8,16,8,12,0.31,0.29,4,5,A,1,2
18/08/2024,Brentford,Crystal Palace,1,2,9,7,15,2,0.0,0.17,7,13,H,2,1
18/08/2024,Chelsea,Man City,5,5,14,4,16,2,0.5,0.36,15,15,A,0,2
19/08/2024,Leicester,Tottenham,2,1,7,11,7,9,0.32,0.55,5,6,D,1,1
24/08/2024,Tottenham,Everton,3,0,8,8,4,6,0.42,0.18,7,7,H,4,0
24/08/2024,Aston Villa,Arsenal,2,4,7,12,11,3,0.17,0.63,5,15,A,0,2
24/08/2024,Southampton,Nottingham Forest,0,2,8,14,8,8,0.0,1.0,1,7,A,0,1
24/08/2024,Man City,Ipswich,4,0,16,2,1,10,0.0,1.0,15,3,H,4,1
24/08/2024,Crystal Palace,West Ham,4,1,14,4,7,13,0.38,0.33,10,4,A,0,2
24/08/2024,Brighton,Man Utd,1,1,6,5,6,7,0.5,0.5,7,9,H,2,1
24/08/2024,Fulham,Leicester,1,0,5,8,6,10,0.56,0.11,5,5,H,2,1
25/08/2024,Bournemouth,Newcastle,3,3,6,8,12,7,0.3,0.3,4,10,D,1,1
25/08/2024,Wolves,Chelsea,1,2,4,13,12,6,0.33,0.5,3,12,A,2,6
25/08/2024,Liverpool,Brentford,4,2,13,7,6,7,0.67,0.17,11,7,H,2,0
31/08/2024,Leicester,Aston Villa,2,2,4,7,5,12,0.35,0.41,5,4,A,1,2
31/08/2024,Nottingham Forest,Wolves,1,0,9,6,4,18,0.0,0.25,10,0,D,1,1
31/08/2024,Ipswich,Fulham,1,2,2,12,6,8,0.5,0.0,3,7,D,1,1
31/08/2024,Arsenal,Brighton,4,1,10,1,7,6,0.55,0.36,15,7,D,1,1
31/08/2024,Brentford,Southampton,2,0,6,8,5,11,0.75,0.25,7,1,H,3,1
31/08/2024,Everton,Bournemouth,4,1,3,10,4,9,0.42,0.42,4,2,A,2,3
31/08/2024,West Ham,Man City,1,5,7,11,15,2,0.15,0.67,6,15,A,1,3
01/09/2024,Man Utd,Liverpool,3,2,7,5,13,5,0.46,0.35,9,13,A,0,3
01/09/2024,Chelsea,Crystal Palace,4,2,13,8,13,5,0.82,0.18,12,9,D,1,1
01/09/2024,Newcastle,Tottenham,3,1,9,7,10,4,0.48,0.43,8,10,H,2,1
14/09/2024,Bournemouth,Chelsea,2,3,7,8,11,7,0.25,0.67,5,10,A,0,1
14/09/2024,Aston Villa,Everton,1,0,7,12,4,12,0.39,0.27,7,3,H,3,2
14/09/2024,Man City,Brentford,5,2,14,3,9,9,0.67,0.33,15,9,H,2,1
14/09/2024,Liverpool,Nottingham Forest,4,3,12,3,7,6,0.75,0.25,13,8,A,0,1
14/09/2024,Fulham,West Ham,1,2,7,9,8,9,0.23,0.54,7,6,D,1,1
14/09/2024,Crystal Palace,Leicester,4,0,10,6,5,6,0.33,0.4,7,5,D,2,2
14/09/2024,Brighton,Ipswich,2,0,7,6,2,13,0.0,0.0,7,1,D,0,0
14/09/2024,Southampton,Man Utd,0,1,6,12,7,7,0.13,0.57,1,9,A,0,3
15/09/2024,Tottenham,Arsenal,3,5,9,5,8,2,0.2,0.46,7,13,A,0,1
15/09/2024,Wolves,Newcastle,1,2,4,14,10,7,0.12,0.29,1,10,A,1,2
21/09/2024,Leicester,Everton,1,0,7,8,5,15,0.23,0.36,5,0,D,1,1
21/09/2024,West Ham,Chelsea,1,4,6,9,10,6,0.22,0.6,4,10,A,0,3
21/09/2024,Aston Villa,Wolves,2,0,7,11,4,13,0.35,0.29,9,1,H,3,1
21/09/2024,Fulham,Newcastle,1,3,8,6,10,5,0.4,0.47,8,13,H,3,1
21/09/2024,Southampton,Ipswich,0,0,5,12,2,12,0.25,0.5,1,2,D,1,1
21/09/2024,Tottenham,Brentford,2,2,9,4,8,10,0.33,0.17,7,6,H,3,1
21/09/2024,Crystal Palace,Man Utd,3,2,9,7,7,5,0.23,0.55,5,9,D,0,0
21/09/2024,Liverpool,Bournemouth,3,2,9,1,6,7,0.75,0.17,12,5,H,3,0
22/09/2024,Brighton,Nottingham Forest,2,4,6,4,6,3,0.5,0.25,8,11,D,2,2
22/09/2024,Man City,Arsenal,5,5,14,4,8,2,0.39,0.41,15,13,D,2,2
28/09/2024,Wolves,Liverpool,1,2,5,14,10,1,0.11,0.78,1,12,A,1,2
28/09/2024,Newcastle,Man City,4,5,7,6,13,5,0.12,0.72,10,13,D,1,1
28/09/2024,Arsenal,Leicester,4,0,8,3,6,8,0.68,0.14,11,3,H,4,2
28/09/2024,Brentford,West Ham,3,1,7,9,5,9,0.83,0.17,6,4,D,1,1
28/09/2024,Chelsea,Brighton,3,1,11,5,8,4,0.5,0.17,10,9,H,4,2
28/09/2024,Everton,Crystal Palace,3,2,5,14,4,7,0.48,0.13,1,3,H,2,1
28/09/2024,Nottingham Forest,Fulham,0,2,6,4,7,5,0.25,0.75,9,8,A,0,1
29/09/2024,Ipswich,Aston Villa,1,3,3,8,10,7,0.0,0.75,3,12,D,2,2
29/09/2024,Man Utd,Tottenham,2,1,5,5,9,5,0.59,0.2,7,7,A,0,3
30/09/2024,Bournemouth,Southampton,1,0,5,8,2,9,0.3,0.4,5,1,H,3,1
05/10/2024,West Ham,Ipswich,1,0,5,8,5,8,0.5,0.25,5,4,H,4,1
05/10/2024,Everton,Newcastle,3,2,7,12,7,7,0.44,0.33,4,8,D,0,0
05/10/2024,Man City,Fulham,4,2,12,6,8,4,0.58,0.13,11,11,H,3,2
05/10/2024,Leicester,Bournemouth,1,1,7,11,7,8,0.1,0.4,2,7,H,1,0
05/10/2024,Brentford,Wolves,2,0,6,9,6,14,0.33,0.5,4,1,H,5,3
05/10/2024,Arsenal,Southampton,4,0,10,5,3,11,0.45,0.17,11,1,H,3,1
05/10/2024,Crystal Palace,Liverpool,2,3,4,7,10,2,0.27,0.59,3,12,A,0,1
06/10/2024,Aston Villa,Man Utd,2,2,10,8,4,8,0.07,0.73,10,4,D,0,0
06/10/2024,Chelsea,Nottingham Forest,3,4,15,5,5,4,0.25,0.25,13,8,D,1,1
06/10/2024,Brighton,Tottenham,1,2,7,8,11,4,0.31,0.62,6,9,H,3,2
19/10/2024,Tottenham,West Ham,3,1,9,7,7,9,0.5,0.25,6,5,H,4,1
19/10/2024,Man Utd,Brentford,2,1,3,6,11,10,0.67,0.17,5,7,H,2,1
19/10/2024,Newcastle,Brighton,3,1,6,6,8,9,0.17,0.42,8,6,A,0,1
19/10/2024,Fulham,Aston Villa,2,2,8,6,10,6,0.22,0.44,8,11,A,1,3
19/10/2024,Ipswich,Everton,1,0,5,8,7,8,0.75,0.0,4,5,A,0,2
19/10/2024,Bournemouth,Arsenal,2,4,6,8,11,6,0.08,0.77,6,11,H,2,0
19/10/2024,Southampton,Leicester,0,0,4,13,7,9,0.3,0.35,1,5,A,2,3
20/10/2024,Wolves,Man City,1,4,7,13,11,7,0.26,0.63,1,11,A,1,2
20/10/2024,Liverpool,Chelsea,4,5,9,2,10,4,0.33,0.35,12,11,H,2,1
21/10/2024,Nottingham Forest,Crystal Palace,0,1,5,5,4,6,0.25,0.0,6,3,H,1,0
25/10/2024,Leicester,Nottingham Forest,2,3,9,9,5,4,0.5,0.5,8,8,A,1,3
26/10/2024,Brighton,Wolves,2,0,8,8,7,14,0.5,0.2,8,0,D,2,2
26/10/2024,Brentford,Ipswich,3,0,9,11,4,9,0.0,0.0,4,3,H,4,3
26/10/2024,Aston Villa,Bournemouth,2,1,11,6,5,6,0.38,0.5,11,6,D,1,1
26/10/2024,Everton,Fulham,2,2,7,5,8,8,0.55,0.33,8,7,D,1,1
26/10/2024,Man City,Southampton,4,0,10,7,5,13,0.61,0.21,11,1,H,1,0
27/10/2024,Chelsea,Newcastle,2,2,10,5,4,6,0.53,0.26,10,5,H,2,1
27/10/2024,Crystal Palace,Tottenham,1,2,3,6,12,6,0.14,0.73,2,9,H,1,0
27/10/2024,West Ham,Man Utd,2,2,7,10,5,4,0.22,0.6,5,8,H,2,1
27/10/2024,Arsenal,Liverpool,4,4,10,7,8,3,0.33,0.3,10,12,D,2,2
02/11/2024,Southampton,Everton,0,1,5,11,6,3,0.3,0.47,1,9,H,1,0
02/11/2024,Wolves,Crystal Palace,0,1,8,14,2,4,0.3,0.6,1,4,D,2,2
02/11/2024,Liverpool,Brighton,4,2,10,4,10,10,0.5,0.17,13,8,H,2,1
02/11/2024,Nottingham Forest,West Ham,1,1,7,5,8,10,0.5,0.5,8,7,H,3,0
02/11/2024,Bournemouth,Man City,2,4,6,6,9,6,0.0,1.0,7,11,H,2,1
02/11/2024,Newcastle,Arsenal,2,3,3,7,11,9,0.14,0.65,2,8,H,1,0
02/11/2024,Ipswich,Leicester,0,1,7,13,8,10,0.5,0.25,2,7,D,1,1
03/11/2024,Tottenham,Aston Villa,3,3,12,6,9,5,0.52,0.24,9,9,H,4,1
03/11/2024,Man Utd,Chelsea,3,4,3,6,11,6,0.3,0.32,5,10,D,1,1
04/11/2024,Fulham,Brentford,2,1,8,8,12,12,0.25,0.5,7,7,H,2,1
09/11/2024,Brentford,Bournemouth,4,1,12,11,8,4,0.5,0.0,7,10,H,3,2
09/11/2024,Brighton,Man City,2,3,9,10,8,6,0.08,0.83,7,10,H,2,1
09/11/2024,Liverpool,Aston Villa,4,3,9,5,7,8,0.61,0.15,13,6,H,2,0
09/11/2024,Wolves,Southampton,0,0,9,13,5,10,0.64,0.18,2,3,H,2,0
09/11/2024,Crystal Palace,Fulham,1,1,4,6,7,8,0.27,0.27,4,7,A,0,2
09/11/2024,West Ham,Everton,2,1,8,10,5,3,0.27,0.49,7,8,D,0,0
10/11/2024,Man Utd,Leicester,2,1,4,7,8,10,0.64,0.14,5,7,H,3,0
10/11/2024,Nottingham Forest,Newcastle,2,1,8,3,3,4,0.25,0.75,10,5,A,1,3
10/11/2024,Tottenham,Ipswich,4,0,13,6,7,13,0.25,0.75,9,2,A,1,2
10/11/2024,Chelsea,Arsenal,2,2,9,7,9,8,0.36,0.32,8,7,D,1,1
23/11/2024,Arsenal,Nottingham Forest,3,3,6,7,9,5,0.75,0.25,5,10,H,3,0
23/11/2024,Fulham,Wolves,3,0,8,8,10,11,0.21,0.43,7,5,A,1,4
23/11/2024,Man City,Tottenham,4,1,8,7,11,8,0.36,0.49,9,6,A,0,4
23/11/2024,Everton,Brentford,1,0,3,2,14,12,0.5,0.33,6,9,D,0,0
23/11/2024,Leicester,Chelsea,1,3,6,9,6,6,0.18,0.59,7,6,A,1,2
23/11/2024,Aston Villa,Crystal Palace,2,0,5,8,3,6,0.35,0.47,5,4,D,2,2
23/11/2024,Bournemouth,Brighton,3,2,7,6,9,7,0.38,0.5,7,10,A,1,2
24/11/2024,Ipswich,Man Utd,0,1,7,12,7,4,0.0,0.75,4,8,D,1,1
24/11/2024,Southampton,Liverpool,1,4,4,9,9,4,0.26,0.55,3,13,A,2,3
25/11/2024,Newcastle,West Ham,3,1,5,4,7,9,0.5,0.22,7,7,A,0,2
29/11/2024,Brighton,Southampton,2,0,8,6,5,9,0.3,0.2,10,3,D,1,1
30/11/2024,West Ham,Arsenal,2,1,5,8,6,6,0.12,0.65,7,5,A,2,5
30/11/2024,Brentford,Leicester,4,1,9,9,6,11,0.0,0.5,7,4,H,4,1
30/11/2024,Crystal Palace,Newcastle,1,2,5,7,5,6,0.15,0.45,5,6,D,1,1
30/11/2024,Nottingham Forest,Ipswich,2,1,8,7,7,9,0.0,0.0,9,5,H,1,0
30/11/2024,Wolves,Bournemouth,1,1,11,7,8,7,0.4,0.4,8,7,A,2,4
01/12/2024,Man Utd,Everton,2,1,8,5,3,2,0.63,0.15,8,6,H,4,0
01/12/2024,Tottenham,Fulham,3,2,13,5,7,9,0.55,0.24,9,7,D,1,1
01/12/2024,Chelsea,Aston Villa,2,2,7,6,7,10,0.49,0.24,8,5,H,3,0
01/12/2024,Liverpool,Man City,4,2,11,6,5,9,0.41,0.2,13,6,H,2,0
03/12/2024,Leicester,West Ham,1,1,4,13,6,9,0.48,0.29,1,7,H,3,1
03/12/2024,Ipswich,Crystal Palace,0,0,7,8,6,7,0.0,0.0,5,6,A,0,1
04/12/2024,Aston Villa,Brentford,2,0,4,12,12,8,0.33,0.17,2,10,H,3,1
04/12/2024,Southampton,Chelsea,1,3,4,7,9,4,0.23,0.55,4,11,A,1,5
04/12/2024,Arsenal,Man Utd,3,1,11,6,10,4,0.32,0.4,8,8,H,2,0
04/12/2024,Man City,Nottingham Forest,3,2,3,10,8,7,0.75,0.0,3,9,H,3,0
04/12/2024,Everton,Wolves,1,1,1,6,12,9,0.33,0.33,3,8,H,4,0
04/12/2024,Newcastle,Liverpool,2,4,6,6,11,5,0.2,0.59,7,13,D,3,3
05/12/2024,Bournemouth,Tottenham,3,2,10,9,10,5,0.09,0.82,7,7,H,1,0
05/12/2024,Fulham,Brighton,2,2,7,7,8,7,0.43,0.0,8,8,H,3,1
07/12/2024,Aston Villa,Southampton,2,0,6,12,5,11,0.4,0.36,4,4,H,1,0
07/12/2024,Brentford,Newcastle,4,1,9,8,8,7,0.0,0.83,7,8,H,4,2
07/12/2024,Crystal Palace,Man City,1,1,6,7,5,10,0.09,0.73,6,3,D,2,2
07/12/2024,Man Utd,Nottingham Forest,3,1,9,4,5,9,0.75,0.25,8,6,A,2,3
08/12/2024,Leicester,Brighton,2,2,6,11,7,8,0.5,0.2,4,7,D,2,2
08/12/2024,Fulham,Arsenal,3,1,9,7,11,4,0.12,0.67,10,10,D,1,1
08/12/2024,Ipswich,Bournemouth,0,1,4,5,10,8,0.0,0.0,5,9,A,1,2
08/12/2024,Tottenham,Chelsea,3,3,10,5,12,4,0.17,0.52,7,11,A,3,4
09/12/2024,West Ham,Wolves,2,1,5,11,10,11,0.57,0.36,4,7,H,2,1
14/12/2024,Nottingham Forest,Aston Villa,3,1,5,11,6,8,0.25,0.5,6,7,H,2,1
14/12/2024,Wolves,Ipswich,1,1,9,11,4,6,0.0,0.0,6,4,A,1,2
14/12/2024,Newcastle,Leicester,1,1,9,11,7,12,0.38,0.43,5,4,H,4,0
14/12/2024,Arsenal,Everton,4,1,12,4,4,5,0.59,0.22,11,5,D,0,0
14/12/2024,Liverpool,Fulham,5,2,12,6,8,7,0.61,0.21,13,8,D,2,2
15/12/2024,Chelsea,Brentford,3,0,15,6,12,8,0.17,0.5,13,10,H,2,1
15/12/2024,Southampton,Tottenham,1,2,4,12,9,8,0.29,0.55,1,4,A,0,5
15/12/2024,Brighton,Crystal Palace,2,1,8,8,6,7,0.25,0.17,8,6,A,1,3
15/12/2024,Man City,Man Utd,3,0,6,10,10,6,0.43,0.39,4,7,A,1,2
16/12/2024,Bournemouth,West Ham,4,1,10,8,7,9,0.23,0.38,9,7,D,1,1
21/12/2024,Crystal Palace,Arsenal,1,1,9,6,11,3,0.09,0.61,9,11,A,1,5
21/12/2024,West Ham,Brighton,3,2,8,10,7,10,0.08,0.46,7,5,D,1,1
21/12/2024,Ipswich,Newcastle,0,1,4,6,10,10,0.25,0.5,4,5,A,0,4
21/12/2024,Aston Villa,Man City,2,1,7,8,6,10,0.18,0.68,7,4,H,2,1
21/12/2024,Brentford,Nottingham Forest,5,2,10,8,6,9,0.5,0.0,7,9,A,0,2
22/12/2024,Tottenham,Liverpool,2,3,13,6,12,7,0.23,0.51,7,11,A,3,6
22/12/2024,Fulham,Southampton,2,0,8,9,4,15,0.35,0.24,6,1,D,0,0
22/12/2024,Leicester,Wolves,2,1,7,13,8,13,0.45,0.18,4,3,A,0,3
22/12/2024,Everton,Chelsea,2,3,4,4,16,6,0.22,0.48,6,15,D,0,0
22/12/2024,Man Utd,Bournemouth,3,2,9,7,9,6,0.58,0.25,7,10,A,0,3
26/12/2024,Chelsea,Fulham,3,1,14,5,7,5,0.61,0.06,13,7,A,1,2
26/12/2024,Bournemouth,Crystal Palace,3,2,11,4,8,9,0.33,0.33,13,8,D,0,0
26/12/2024,Wolves,Man Utd,1,1,7,12,8,9,0.16,0.68,3,6,H,2,0
26/12/2024,Man City,Everton,3,1,7,8,4,4,0.48,0.32,4,6,D,1,1
26/12/2024,Liverpool,Leicester,4,1,16,10,6,14,0.7,0.22,11,4,H,3,1
26/12/2024,Nottingham Forest,Tottenham,4,2,8,6,12,12,0.0,1.0,12,4,H,1,0
26/12/2024,Southampton,West Ham,1,1,2,12,7,11,0.28,0.44,2,5,A,0,1
26/12/2024,Newcastle,Aston Villa,2,1,14,8,7,7,0.41,0.26,8,9,H,3,0
27/12/2024,Brighton,Brentford,2,0,6,10,10,10,0.5,0.17,3,6,D,0,0
27/12/2024,Arsenal,Ipswich,3,2,13,4,3,9,0.75,0.0,11,3,H,1,0
29/12/2024,West Ham,Liverpool,2,3,6,6,16,9,0.15,0.7,8,11,A,0,5
29/12/2024,Tottenham,Wolves,1,2,11,12,7,8,0.5,0.33,3,6,D,2,2
29/12/2024,Leicester,Man City,1,0,6,13,8,7,0.26,0.63,4,5,A,0,2
29/12/2024,Crystal Palace,Southampton,1,0,7,8,1,12,0.33,0.48,8,1,H,2,1
29/12/2024,Everton,Nottingham Forest,1,3,5,5,8,6,0.5,0.0,6,12,A,0,2
29/12/2024,Fulham,Bournemouth,2,3,8,5,7,2,0.2,0.6,9,11,D,2,2
30/12/2024,Ipswich,Chelsea,0,3,3,9,12,7,0.0,0.5,3,10,H,2,0
30/12/2024,Man Utd,Newcastle,2,2,4,11,16,7,0.6,0.16,3,10,A,0,2
30/12/2024,Aston Villa,Brighton,3,1,7,7,5,9,0.6,0.2,9,3,D,2,2
01/01/2025,Brentford,Arsenal,4,2,6,9,9,2,0.17,0.67,4,11,A,1,3
04/01/2025,Brighton,Arsenal,1,3,6,8,10,3,0.33,0.5,4,11,D,1,1
04/01/2025,Southampton,Brentford,1,0,1,9,6,9,0.2,0.8,1,4,A,0,5
04/01/2025,Man City,West Ham,2,2,7,7,5,8,0.68,0.15,5,8,H,4,1
04/01/2025,Crystal Palace,Chelsea,1,3,8,9,7,8,0.17,0.78,8,7,D,1,1
04/01/2025,Aston Villa,Leicester,3,0,6,8,3,14,0.44,0.33,7,1,H,2,1
04/01/2025,Tottenham,Newcastle,0,3,13,13,15,4,0.42,0.49,4,12,A,1,2
04/01/2025,Bournemouth,Everton,2,0,8,4,5,3,0.46,0.38,9,6,H,1,0
05/01/2025,Fulham,Ipswich,1,2,7,6,5,8,0.0,0.33,7,6,D,2,2
05/01/2025,Liverpool,Man Utd,4,1,19,9,4,11,0.36,0.45,11,3,D,2,2
06/01/2025,Wolves,Nottingham Forest,2,3,9,6,10,3,0.2,0.0,7,15,A,0,3
14/01/2025,Nottingham Forest,Liverpool,4,3,10,1,18,8,0.4,0.6,15,11,D,1,1
14/01/2025,West Ham,Fulham,1,2,4,11,8,7,0.52,0.22,5,7,H,3,2
14/01/2025,Chelsea,Bournemouth,3,3,4,6,7,3,0.69,0.23,5,9,D,2,2
14/01/2025,Brentford,Man City,3,1,7,7,9,6,0.29,0.71,4,7,D,2,2
15/01/2025,Everton,Aston Villa,1,0,1,4,7,9,0.26,0.4,3,7,A,0,1
15/01/2025,Newcastle,Wolves,3,2,15,1,8,7,0.33,0.11,15,7,H,3,0
15/01/2025,Arsenal,Tottenham,3,2,10,3,11,11,0.47,0.19,11,4,H,2,1
15/01/2025,Leicester,Crystal Palace,1,2,2,14,7,8,0.38,0.31,0,8,A,0,2
16/01/2025,Ipswich,Brighton,1,1,6,8,5,7,0.0,0.0,7,4,A,0,2
16/01/2025,Man Utd,Southampton,2,0,4,10,1,13,0.58,0.13,4,1,H,3,1
18/01/2025,Newcastle,Bournemouth,3,3,14,1,8,4,0.27,0.27,15,9,A,1,4
18/01/2025,Brentford,Liverpool,2,3,8,7,17,7,0.14,0.71,5,11,A,0,2
18/01/2025,Leicester,Fulham,1,2,2,12,8,8,0.1,0.6,0,6,A,0,2
18/01/2025,West Ham,Crystal Palace,2,3,6,12,6,7,0.36,0.36,7,8,A,0,2
18/01/2025,Arsenal,Aston Villa,4,1,12,4,7,7,0.64,0.17,13,10,D,2,2
19/01/2025,Everton,Tottenham,1,2,1,5,7,13,0.17,0.43,2,1,H,3,2
19/01/2025,Man Utd,Brighton,2,1,5,10,6,4,0.46,0.54,4,7,A,1,3
19/01/2025,Nottingham Forest,Southampton,3,0,9,1,2,11,1.0,0.0,13,1,H,3,2
19/01/2025,Ipswich,Man City,1,1,4,9,10,6,0.67,0.33,4,8,A,0,6
20/01/2025,Chelsea,Wolves,2,1,4,7,7,8,0.53,0.32,3,7,H,3,1
25/01/2025,Bournemouth,Nottingham Forest,2,4,9,5,10,3,0.4,0.0,9,13,H,5,0
25/01/2025,Brighton,Everton,1,0,8,4,4,7,0.29,0.43,9,4,A,0,1
25/01/2025,Liverpool,Ipswich,3,2,13,4,4,11,0.6,0.2,11,4,H,4,1
25/01/2025,Man City,Chelsea,2,2,15,4,7,8,0.38,0.49,11,5,H,3,1
25/01/2025,Southampton,Newcastle,0,3,4,14,11,5,0.28,0.45,0,12,A,1,3
25/01/2025,Wolves,Arsenal,2,3,5,11,9,5,0.11,0.74,4,11,A,0,1
26/01/2025,Crystal Palace,Brentford,1,1,7,2,8,7,0.14,0.14,11,5,A,1,2
26/01/2025,Tottenham,Leicester,0,0,6,10,2,11,0.52,0.3,1,0,A,1,2
26/01/2025,Aston Villa,West Ham,4,2,7,8,5,13,0.31,0.31,8,6,D,1,1
26/01/2025,Fulham,Man Utd,1,1,10,8,6,10,0.12,0.71,8,4,A,0,1
01/02/2025,Bournemouth,Liverpool,3,3,14,5,14,4,0.15,0.77,11,11,A,0,2
01/02/2025,Nottingham Forest,Brighton,4,2,9,8,8,5,0.2,0.4,10,8,H,7,0
01/02/2025,Everton,Leicester,2,1,4,6,3,9,0.35,0.22,6,3,H,4,0
01/02/2025,Ipswich,Southampton,1,0,5,14,5,16,0.4,0.2,4,0,A,1,2
01/02/2025,Newcastle,Fulham,3,2,11,6,8,8,0.45,0.42,12,5,A,1,2
01/02/2025,Wolves,Aston Villa,1,1,3,12,8,6,0.28,0.39,1,9,H,2,0
02/02/2025,Arsenal,Man City,3,2,9,5,17,4,0.4,0.38,11,13,H,5,1
02/02/2025,Man Utd,Crystal Palace,1,4,7,8,8,4,0.52,0.22,7,10,A,0,2
02/02/2025,Brentford,Tottenham,1,1,10,8,7,11,0.14,0.43,7,1,A,0,2
03/02/2025,Chelsea,West Ham,3,1,7,9,5,14,0.61,0.22,5,4,H,2,1
12/02/2025,Everton,Liverpool,2,4,8,4,11,4,0.11,0.54,9,11,D,2,2
14/02/2025,Brighton,Chelsea,0,1,6,10,9,8,0.15,0.54,7,8,H,3,0
15/02/2025,West Ham,Brentford,2,2,6,11,9,7,0.14,0.71,4,7,A,0,1
15/02/2025,Southampton,Bournemouth,0,3,6,15,12,5,0.36,0.36,3,10,A,1,3
15/02/2025,Man City,Newcastle,3,4,16,9,10,8,0.71,0.12,10,9,H,4,0
15/02/2025,Crystal Palace,Everton,1,1,8,3,10,5,0.12,0.5,10,10,A,1,2
15/02/2025,Aston Villa,Ipswich,3,1,6,6,4,16,0.6,0.0,8,1,D,1,1
15/02/2025,Leicester,Arsenal,0,3,3,11,11,5,0.13,0.7,3,11,A,0,2
15/02/2025,Fulham,Nottingham Forest,0,4,8,7,14,8,0.8,0.2,7,10,H,2,1
16/02/2025,Tottenham,Man Utd,0,2,7,9,7,8,0.21,0.57,3,7,H,1,0
16/02/2025,Liverpool,Wolves,3,1,11,4,3,10,0.79,0.11,11,3,H,2,1
19/02/2025,Aston Villa,Liverpool,2,3,5,6,12,4,0.14,0.62,6,13,D,2,2
21/02/2025,Leicester,Brentford,0,3,2,11,5,7,0.4,0.2,3,7,A,0,4
22/02/2025,Aston Villa,Chelsea,1,0,6,8,8,10,0.24,0.5,4,7,H,2,1
22/02/2025,Southampton,Brighton,0,2,7,13,8,9,0.18,0.27,3,9,A,0,4
22/02/2025,Ipswich,Tottenham,1,2,3,15,7,7,0.8,0.2,1,6,A,1,4
22/02/2025,Fulham,Crystal Palace,1,4,8,6,8,4,0.33,0.25,9,9,A,0,2
22/02/2025,Bournemouth,Wolves,2,1,14,6,4,9,0.5,0.33,10,3,A,0,1
22/02/2025,Arsenal,West Ham,3,1,12,4,5,8,0.66,0.12,13,4,A,0,1
22/02/2025,Everton,Man Utd,2,2,12,5,5,7,0.15,0.64,13,6,D,2,2
23/02/2025,Newcastle,Nottingham Forest,3,3,8,11,12,10,0.8,0.2,6,7,H,4,3
23/02/2025,Man City,Liverpool,3,2,16,8,12,6,0.2,0.42,10,11,A,0,2
25/02/2025,Brighton,Bournemouth,1,3,10,9,12,5,0.56,0.33,9,9,H,2,1
25/02/2025,Wolves,Fulham,2,3,5,6,6,5,0.47,0.2,6,9,A,1,2
25/02/2025,Crystal Palace,Aston Villa,1,1,8,4,6,7,0.44,0.33,9,6,H,4,1
25/02/2025,Chelsea,Southampton,3,1,7,10,6,14,0.56,0.22,6,3,H,4,0
26/02/2025,Liverpool,Newcastle,3,4,10,5,9,14,0.57,0.19,11,6,H,2,0
26/02/2025,Man Utd,Ipswich,1,1,4,8,4,17,0.6,0.0,4,1,H,3,2
26/02/2025,Nottingham Forest,Arsenal,4,4,14,13,10,4,0.2,0.8,6,10,D,0,0
26/02/2025,Brentford,Everton,0,2,7,5,11,5,0.29,0.43,9,11,D,1,1
26/02/2025,Tottenham,Man City,1,2,10,6,14,8,0.5,0.35,9,9,A,0,1
27/02/2025,West Ham,Leicester,1,1,3,6,2,13,0.27,0.5,4,3,H,2,0
08/03/2025,Brentford,Aston Villa,0,1,8,4,6,10,0.14,0.43,10,5,A,0,1
08/03/2025,Liverpool,Southampton,4,1,10,5,4,15,0.56,0.25,11,3,H,3,1
08/03/2025,Wolves,Everton,2,2,5,5,11,6,0.32,0.37,6,9,D,1,1
08/03/2025,Brighton,Fulham,2,4,9,9,6,6,0.0,0.5,9,9,H,2,1
08/03/2025,Nottingham Forest,Man City,3,3,11,11,9,8,0.0,0.8,4,9,H,1,0
08/03/2025,Crystal Palace,Ipswich,2,0,10,5,6,14,1.0,0.0,9,1,H,1,0
09/03/2025,Man Utd,Arsenal,2,3,6,7,8,2,0.4,0.33,7,10,D,1,1
09/03/2025,Chelsea,Leicester,3,1,8,9,2,13,0.61,0.17,6,3,H,1,0
09/03/2025,Tottenham,Bournemouth,1,2,8,4,9,6,0.75,0.17,9,6,D,2,2
10/03/2025,West Ham,Newcastle,2,3,5,4,8,12,0.24,0.49,7,6,A,0,1
15/03/2025,Southampton,Wolves,0,1,4,15,6,5,0.17,0.67,3,7,A,1,2
15/03/2025,Bournemouth,Brentford,2,4,6,8,6,4,0.0,0.6,4,7,A,1,2
15/03/2025,Man City,Brighton,3,3,6,8,11,9,0.77,0.15,6,12,D,2,2
15/03/2025,Ipswich,Nottingham Forest,1,2,5,11,12,6,0.0,1.0,1,7,A,2,4
15/03/2025,Everton,West Ham,2,2,8,7,4,4,0.48,0.26,7,6,D,1,1
16/03/2025,Arsenal,Chelsea,3,0,8,3,8,6,0.31,0.35,8,9,H,1,0
16/03/2025,Fulham,Tottenham,1,2,7,7,9,4,0.24,0.53,9,10,H,2,0
16/03/2025,Leicester,Man Utd,0,1,0,13,6,8,0.13,0.65,0,5,A,0,3
01/04/2025,Wolves,West Ham,1,1,6,6,4,3,0.33,0.6,7,7,H,1,0
01/04/2025,Arsenal,Fulham,3,3,4,2,7,6,0.65,0.12,8,9,H,2,1
01/04/2025,Nottingham Forest,Man Utd,3,2,9,8,9,6,0.4,0.6,7,8,H,1,0
02/04/2025,Bournemouth,Ipswich,2,0,7,8,6,13,1.0,0.0,4,1,A,1,2
02/04/2025,Brighton,Aston Villa,3,2,13,4,7,8,0.18,0.55,13,8,A,0,3
02/04/2025,Man City,Leicester,3,1,7,5,0,12,0.65,0.25,7,0,H,2,0
02/04/2025,Newcastle,Brentford,3,5,6,11,8,3,0.71,0.14,6,10,H,2,1
02/04/2025,Southampton,Crystal Palace,0,4,3,16,10,3,0.45,0.36,0,12,D,1,1
02/04/2025,Liverpool,Everton,4,2,11,4,7,6,0.53,0.11,13,7,H,1,0
03/04/2025,Chelsea,Tottenham,4,2,6,6,7,6,0.53,0.17,6,7,H,1,0
05/04/2025,Crystal Palace,Brighton,2,3,9,4,10,7,0.23,0.23,10,10,H,2,1
05/04/2025,Ipswich,Wolves,0,2,7,13,6,4,1.0,0.0,3,10,A,1,2
05/04/2025,Everton,Arsenal,2,2,5,6,4,3,0.21,0.57,4,8,D,1,1
05/04/2025,Aston Villa,Nottingham Forest,2,2,9,7,9,6,0.4,0.4,10,10,H,2,1
05/04/2025,West Ham,Bournemouth,2,2,4,3,5,9,0.36,0.21,7,1,D,2,2
06/04/2025,Brentford,Chelsea,0,0,8,5,7,3,0.43,0.29,7,9,D,0,0
06/04/2025,Fulham,Liverpool,2,3,6,7,10,3,0.21,0.59,6,13,H,3,2
06/04/2025,Tottenham,Southampton,1,1,6,7,3,14,0.56,0.28,4,1,H,3,1
06/04/2025,Man Utd,Man City,2,2,9,6,5,5,0.4,0.42,8,7,D,0,0
07/04/2025,Leicester,Newcastle,0,3,0,12,7,10,0.41,0.41,0,9,A,0,3
12/04/2025,Man City,Crystal Palace,3,4,5,3,10,3,0.7,0.09,8,13,H,5,2
12/04/2025,Arsenal,Brentford,3,4,5,3,4,5,0.71,0.14,9,5,D,1,1
12/04/2025,Southampton,Aston Villa,0,2,4,13,9,6,0.35,0.42,1,12,A,0,3
12/04/2025,Nottingham Forest,Everton,4,2,7,4,4,5,0.2,0.4,10,4,A,0,1
12/04/2025,Brighton,Leicester,3,1,7,9,0,11,0.18,0.45,7,0,D,2,2
13/04/2025,Newcastle,Man Utd,3,2,10,6,7,4,0.18,0.59,12,8,H,4,1
13/04/2025,Wolves,Tottenham,2,2,7,5,5,7,0.32,0.47,10,4,H,4,2
13/04/2025,Chelsea,Ipswich,5,1,6,1,7,11,0.4,0.2,10,3,D,2,2
13/04/2025,Liverpool,West Ham,5,1,10,4,5,5,0.71,0.15,12,5,H,2,1
14/04/2025,Bournemouth,Fulham,1,3,7,10,9,7,0.5,0.17,2,9,H,1,0
16/04/2025,Newcastle,Crystal Palace,3,3,10,4,10,8,0.43,0.14,12,10,H,5,0
19/04/2025,Brentford,Brighton,0,2,4,5,7,10,0.14,0.43,5,5,H,4,2
19/04/2025,Aston Villa,Newcastle,2,3,10,5,15,2,0.25,0.42,12,15,H,4,1
19/04/2025,West Ham,Southampton,1,1,4,7,4,12,0.46,0.27,2,1,D,1,1
19/04/2025,Crystal Palace,Bournemouth,3,2,6,12,7,8,0.31,0.31,7,5,D,0,0
19/04/2025,Everton,Man City,1,2,4,4,9,5,0.31,0.47,6,8,A,0,2
20/04/2025,Leicester,Liverpool,0,2,2,11,10,5,0.21,0.71,1,12,A,0,1
20/04/2025,Man Utd,Wolves,1,3,5,6,10,5,0.65,0.2,5,13,A,0,1
20/04/2025,Ipswich,Arsenal,0,2,7,10,6,4,0.0,0.8,4,9,A,0,4
20/04/2025,Fulham,Chelsea,3,0,7,7,4,3,0.09,0.59,6,8,A,1,2
21/04/2025,Tottenham,Nottingham Forest,2,1,7,10,7,5,0.8,0.2,4,9,A,1,2
22/04/2025,Man City,Aston Villa,3,3,11,4,13,2,0.66,0.2,11,15,H,2,1
23/04/2025,Arsenal,Crystal Palace,3,2,9,3,5,12,0.62,0.08,11,5,D,2,2
26/04/2025,Chelsea,Everton,4,2,5,4,3,5,0.47,0.21,8,5,H,1,0
26/04/2025,Brighton,West Ham,3,1,7,13,5,7,0.43,0.07,2,3,H,3,2
26/04/2025,Newcastle,Ipswich,4,1,15,6,7,13,0.6,0.2,12,4,H,3,0
26/04/2025,Southampton,Fulham,0,2,4,10,7,7,0.22,0.33,2,6,A,1,2
26/04/2025,Wolves,Leicester,3,0,10,4,2,11,0.25,0.42,15,1,H,3,0
27/04/2025,Bournemouth,Man Utd,1,1,5,6,4,6,0.31,0.54,5,4,D,1,1
27/04/2025,Liverpool,Tottenham,5,2,9,5,6,10,0.52,0.23,12,3,H,5,1
01/05/2025,Nottingham Forest,Brentford,3,3,8,6,8,6,0.2,0.4,9,8,A,0,2
02/05/2025,Man City,Wolves,3,4,11,3,11,3,0.65,0.25,13,15,H,1,0
03/05/2025,Aston Villa,Fulham,3,2,13,4,7,8,0.45,0.21,12,6,H,1,0
03/05/2025,Everton,Ipswich,0,1,2,5,5,12,0.2,0.6,4,4,D,2,2
03/05/2025,Leicester,Southampton,0,1,2,11,4,10,0.38,0.29,1,2,H,2,0
03/05/2025,Arsenal,Bournemouth,2,1,10,5,5,5,0.71,0.14,9,6,A,1,2
04/05/2025,Brentford,Man Utd,1,1,8,5,2,7,0.14,0.71,8,2,H,4,3
04/05/2025,Brighton,Newcastle,3,2,8,13,16,5,0.46,0.15,4,12,D,1,1
04/05/2025,West Ham,Tottenham,1,1,6,9,7,13,0.24,0.51,2,3,D,1,1
04/05/2025,Chelsea,Liverpool,4,2,6,3,11,5,0.34,0.34,11,12,H,3,1
05/05/2025,Crystal Palace,Nottingham Forest,3,2,6,13,4,6,0.0,0.4,5,6,D,1,1
10/05/2025,Bournemouth,Aston Villa,1,3,6,4,11,4,0.44,0.33,9,12,A,0,1
10/05/2025,Wolves,Brighton,3,1,10,4,9,11,0.18,0.45,12,5,A,0,2
10/05/2025,Ipswich,Brentford,0,3,5,13,11,6,0.0,1.0,2,11,A,0,1
10/05/2025,Fulham,Everton,3,1,6,7,4,6,0.32,0.53,6,5,A,1,3
10/05/2025,Southampton,Man City,0,2,3,11,10,3,0.21,0.62,1,13,D,0,0
11/05/2025,Tottenham,Crystal Palace,2,1,8,13,5,13,0.7,0.17,4,3,A,0,2
11/05/2025,Nottingham Forest,Leicester,2,0,4,7,4,9,0.67,0.33,4,4,D,2,2
11/05/2025,Liverpool,Arsenal,5,2,11,8,9,6,0.3,0.32,9,6,D,2,2
11/05/2025,Newcastle,Chelsea,5,1,14,6,8,4,0.25,0.55,10,11,H,2,0
11/05/2025,Man Utd,West Ham,1,1,5,10,7,9,0.59,0.24,2,3,A,0,2
16/05/2025,Chelsea,Man Utd,4,1,8,6,5,12,0.31,0.29,10,1,H,1,0
16/05/2025,Aston Villa,Tottenham,4,0,10,3,5,14,0.23,0.53,12,1,H,2,0
18/05/2025,Arsenal,Newcastle,2,2,10,7,12,5,0.64,0.16,6,10,H,1,0
18/05/2025,Leicester,Ipswich,1,1,6,8,4,12,0.2,0.4,5,2,H,2,0
18/05/2025,West Ham,Nottingham Forest,1,2,7,7,5,7,0.4,0.6,5,5,A,1,2
18/05/2025,Everton,Southampton,0,0,6,6,2,8,0.45,0.32,7,2,H,2,0
18/05/2025,Brentford,Fulham,2,1,12,6,4,8,0.4,0.4,13,3,A,2,3
19/05/2025,Brighton,Liverpool,2,2,10,9,11,7,0.15,0.54,8,10,H,3,2
20/05/2025,Crystal Palace,Wolves,3,4,5,8,8,5,0.55,0.27,6,9,H,4,2
20/05/2025,Man City,Bournemouth,4,1,10,3,4,3,0.92,0.08,13,8,H,3,1
25/05/2025,Wolves,Brentford,3,3,6,7,13,8,0.43,0.43,6,12,D,1,1
25/05/2025,Liverpool,Crystal Palace,4,1,11,9,9,5,0.61,0.26,7,9,D,1,1
25/05/2025,Ipswich,West Ham,0,1,2,12,7,7,0.2,0.6,1,5,A,1,3
25/05/2025,Bournemouth,Leicester,1,0,4,6,6,6,0.36,0.18,5,7,H,2,0
25/05/2025,Man Utd,Aston Villa,1,4,4,9,9,3,0.71,0.07,1,12,H,2,0
25/05/2025,Nottingham Forest,Chelsea,2,1,7,7,7,4,0.2,0.2,8,12,A,0,1
25/05/2025,Tottenham,Brighton,1,2,3,12,11,9,0.57,0.36,1,10,A,1,4
25/05/2025,Southampton,Arsenal,0,1,2,7,10,6,0.17,0.47,2,8,A,1,2
25/05/2025,Newcastle,Everton,5,2,7,6,7,6,0.32,0.43,7,7,A,0,1
25/05/2025,Fulham,Man City,2,2,7,9,8,2,0.12,0.59,6,13,A,0,2
15/08/2025,Liverpool,Bournemouth,0,0,0,0,0,0,0.0,0.0,0,0,H,4,2
16/08/2025,Wolves,Man City,3,2,6,8,8,2,0.24,0.67,4,13,A,0,4
16/08/2025,Brighton,Fulham,0,0,0,0,0,0,0.0,0.0,0,0,D,1,1
16/08/2025,Sunderland,West Ham,0,0,0,0,0,0,0.0,0.0,0,0,H,3,0
16/08/2025,Tottenham,Burnley,0,0,0,0,0,0,0.0,0.0,0,0,H,3,0
16/08/2025,Aston Villa,Newcastle,0,0,0,0,0,0,0.0,0.0,0,0,D,0,0
17/08/2025,Chelsea,Crystal Palace,4,1,6,3,10,6,0.75,0.17,12,9,D,0,0
17/08/2025,Nottingham Forest,Brentford,0,0,0,0,0,0,0.0,0.0,0,0,H,3,1
17/08/2025,Man Utd,Arsenal,1,2,6,8,8,7,0.39,0.33,4,8,A,0,1
18/08/2025,Leeds,Everton,0,0,0,0,0,0,0.0,0.0,0,0,H,1,0
22/08/2025,West Ham,Chelsea,0,0,0,0,0,0,0.0,0.0,0,0,A,1,5
23/08/2025,Brentford,Aston Villa,2,3,9,10,4,2,0.12,0.5,7,10,H,1,0
23/08/2025,Bournemouth,Wolves,2,3,7,9,3,12,0.43,0.43,6,1,H,1,0
23/08/2025,Man City,Tottenham,5,0,10,1,5,9,0.36,0.49,13,4,A,0,2
23/08/2025,Burnley,Sunderland,1,1,4,12,6,9,0.33,0.33,1,6,H,2,0
23/08/2025,Arsenal,Leeds,2,0,7,5,6,11,0.64,0.21,10,4,H,5,0
24/08/2025,Fulham,Man Utd,2,0,5,9,5,8,0.11,0.71,4,3,D,1,1
24/08/2025,Crystal Palace,Nottingham Forest,0,0,0,0,0,0,0.0,0.0,0,0,D,1,1
24/08/2025,Everton,Brighton,0,0,0,0,0,0,0.0,0.0,0,0,H,2,0
25/08/2025,Newcastle,Liverpool,4,2,3,3,10,11,0.19,0.58,5,5,A,2,3
30/08/2025,Leeds,Newcastle,1,1,5,14,4,5,0.21,0.5,4,4,D,0,0
30/08/2025,Chelsea,Fulham,0,0,0,0,0,0,0.0,0.0,0,0,H,2,0
30/08/2025,Tottenham,Bournemouth,0,0,0,0,0,0,0.0,0.0,0,0,A,0,1
30/08/2025,Wolves,Everton,0,0,0,0,0,0,0.0,0.0,0,0,A,2,3
30/08/2025,Sunderland,Brentford,0,0,0,0,0,0,0.0,0.0,0,0,H,2,1
30/08/2025,Man Utd,Burnley,1,1,3,5,5,11,0.59,0.12,4,3,H,3,2
31/08/2025,Brighton,Man City,0,0,0,0,0,0,0.0,0.0,0,0,H,2,1
31/08/2025,Aston Villa,Crystal Palace,0,0,0,0,0,0,0.0,0.0,0,0,A,0,3
31/08/2025,Nottingham Forest,West Ham,1,2,8,6,7,11,0.67,0.33,8,6,A,0,3
31/08/2025,Liverpool,Arsenal,3,3,12,10,11,3,0.29,0.31,8,13,H,1,0
13/09/2025,Everton,Aston Villa,2,2,8,3,2,6,0.26,0.42,12,4,D,0,0
13/09/2025,Arsenal,Nottingham Forest,0,0,0,0,0,0,0.0,0.0,0,0,H,3,0
13/09/2025,Bournemouth,Brighton,3,2,7,7,10,7,0.3,0.6,9,10,H,2,1
13/09/2025,Crystal Palace,Sunderland,2,1,9,4,6,10,0.38,0.38,9,6,D,0,0
13/09/2025,Newcastle,Wolves,3,2,2,5,5,13,0.37,0.11,2,1,H,1,0
13/09/2025,Fulham,Leeds,1,0,5,8,3,12,0.5,0.4,5,4,H,1,0
13/09/2025,West Ham,Tottenham,0,1,8,11,6,7,0.24,0.5,6,6,A,0,3
13/09/2025,Brentford,Chelsea,3,3,6,9,9,1,0.38,0.25,4,13,D,2,2
14/09/2025,Burnley,Liverpool,0,0,0,0,0,0,0.0,0.0,0,0,A,0,1
14/09/2025,Man City,Man Utd,4,0,10,5,6,5,0.41,0.39,9,7,H,3,0
20/09/2025,Liverpool,Everton,0,0,0,0,0,0,0.0,0.0,0,0,H,2,1
20/09/2025,Burnley,Nottingham Forest,0,0,0,0,0,0,0.0,0.0,0,0,D,1,1
20/09/2025,West Ham,Crystal Palace,0,0,0,0,0,0,0.0,0.0,0,0,A,1,2
20/09/2025,Wolves,Leeds,0,0,0,0,0,0,0.0,0.0,0,0,A,1,3
20/09/2025,Man Utd,Chelsea,0,0,0,0,0,0,0.0,0.0,0,0,H,2,1
20/09/2025,Fulham,Brentford,0,0,0,0,0,0,0.0,0.0,0,0,H,3,1
20/09/2025,Brighton,Tottenham,0,0,0,0,0,0,0.0,0.0,0,0,D,2,2
21/09/2025,Arsenal,Man City,5,3,17,0,12,4,0.41,0.37,9,6,D,1,1
21/09/2025,Sunderland,Aston Villa,4,0,10,4,0,4,0.19,0.38,8,2,D,1,1
21/09/2025,Bournemouth,Newcastle,5,0,8,2,0,1,0.33,0.25,15,8,D,0,0
27/09/2025,Tottenham,Wolves,1,0,5,9,2,8,0.45,0.35,10,0,D,1,1
27/09/2025,Brentford,Man Utd,2,0,8,7,5,10,0.25,0.62,2,7,H,3,1
27/09/2025,Crystal Palace,Liverpool,1,4,6,4,10,7,0.25,0.58,11,15,H,2,1
27/09/2025,Nottingham Forest,Sunderland,1,0,5,9,1,9,0.0,0.0,5,7,A,0,1
27/09/2025,Man City,Burnley,3,0,9,5,5,14,0.75,0.06,8,2,H,5,1
27/09/2025,Chelsea,Brighton,3,1,5,0,6,9,0.5,0.21,5,5,A,1,3
27/09/2025,Leeds,Bournemouth,2,2,3,4,7,11,0.5,0.5,7,11,D,2,2
28/09/2025,Aston Villa,Fulham,1,1,2,6,5,8,0.47,0.21,4,12,H,3,1
28/09/2025,Newcastle,Arsenal,2,3,6,7,4,3,0.16,0.64,9,8,A,1,2
29/09/2025,Everton,West Ham,3,3,6,0,9,7,0.47,0.26,5,3,D,1,1
03/10/2025,Bournemouth,Fulham,3,0,5,2,3,11,0.57,0.14,7,9,H,3,1
04/10/2025,Chelsea,Liverpool,2,3,6,6,7,6,0.35,0.33,1,9,H,2,1
04/10/2025,Arsenal,West Ham,3,2,13,2,8,5,0.64,0.14,11,2,H,2,0
04/10/2025,Leeds,Tottenham,1,2,5,4,7,2,0.0,0.0,8,8,A,1,2
04/10/2025,Man Utd,Sunderland,2,2,5,4,2,2,0.0,0.0,7,9,H,2,0
05/10/2025,Aston Villa,Burnley,2,0,6,8,6,19,0.42,0.17,9,2,H,2,1
05/10/2025,Wolves,Brighton,0,2,6,16,8,8,0.17,0.5,2,8,D,1,1
05/10/2025,Newcastle,Nottingham Forest,2,1,6,7,5,7,0.83,0.17,5,2,H,2,0
05/10/2025,Brentford,Man City,3,1,11,6,8,6,0.25,0.62,7,11,A,0,1
05/10/2025,Everton,Crystal Palace,1,4,4,2,10,2,0.52,0.12,3,13,H,2,1
18/10/2025,Nottingham Forest,Chelsea,1,1,5,8,11,9,0.17,0.33,1,6,A,0,3
18/10/2025,Man City,Everton,4,2,16,4,8,9,0.48,0.3,13,8,H,2,0
18/10/2025,Burnley,Leeds,1,2,4,4,6,9,0.0,0.75,1,5,H,2,0
18/10/2025,Brighton,Newcastle,2,0,9,7,0,0,0.43,0.14,9,7,H,2,1
18/10/2025,Crystal Palace,Bournemouth,2,2,5,3,8,8,0.29,0.29,9,9,D,3,3
18/10/2025,Sunderland,Wolves,3,0,9,4,2,5,0.17,0.67,7,4,H,2,0
18/10/2025,Fulham,Arsenal,4,3,9,3,5,4,0.11,0.66,3,13,A,0,1
19/10/2025,Tottenham,Aston Villa,1,0,5,8,2,3,0.52,0.25,8,13,A,1,2
19/10/2025,Liverpool,Man Utd,5,0,10,4,2,7,0.0,0.0,3,9,A,1,2
20/10/2025,West Ham,Brentford,0,0,3,15,5,13,0.12,0.75,2,6,A,0,2
24/10/2025,Leeds,West Ham,0,1,6,8,5,6,0.42,0.42,1,1,H,2,1
25/10/2025,Newcastle,Fulham,3,0,7,4,4,14,0.44,0.44,6,0,H,2,1
25/10/2025,Chelsea,Sunderland,3,2,8,8,2,4,0.75,0.18,12,9,A,1,2
25/10/2025,Brentford,Liverpool,2,1,8,6,5,8,0.12,0.75,9,0,H,3,2
25/10/2025,Man Utd,Brighton,3,2,7,4,9,6,0.0,0.0,9,11,H,4,2
26/10/2025,Bournemouth,Nottingham Forest,3,0,8,3,2,7,0.0,0.0,9,1,H,2,0
26/10/2025,Wolves,Burnley,0,0,6,11,6,17,0.4,0.3,3,6,A,2,3
26/10/2025,Aston Villa,Man City,4,2,10,7,5,4,0.19,0.67,15,15,H,1,0
26/10/2025,Everton,Tottenham,2,3,6,4,9,3,0.0,0.0,7,8,A,0,3
26/10/2025,Arsenal,Crystal Palace,3,3,9,2,9,6,0.6,0.08,15,5,H,1,0
01/11/2025,Tottenham,Chelsea,1,2,5,4,10,6,0.0,0.0,8,9,A,0,1
01/11/2025,Brighton,Leeds,3,2,10,7,6,7,0.5,0.0,7,6,H,3,0
01/11/2025,Burnley,Arsenal,2,4,6,3,6,3,0.06,0.69,12,15,A,0,2
01/11/2025,Crystal Palace,Brentford,2,2,10,8,7,8,0.12,0.25,2,12,H,2,0
01/11/2025,Fulham,Wolves,3,0,7,4,2,7,0.25,0.44,0,1,H,3,0
01/11/2025,Nottingham Forest,Man Utd,1,1,3,8,4,8,0.0,0.0,1,12,D,2,2
01/11/2025,Liverpool,Aston Villa,3,2,7,6,6,4,0.6,0.14,0,15,H,2,0
02/11/2025,Man City,Bournemouth,5,1,17,2,11,10,0.93,0.07,9,11,H,3,1
02/11/2025,West Ham,Newcastle,0,0,2,11,2,4,0.24,0.5,0,9,H,3,1
03/11/2025,Sunderland,Everton,3,1,8,3,5,10,0.21,0.57,12,3,D,1,1
