Date,HomeTeam,AwayTeam,FTHG,FTAG,FTR
19/08/00,Charlton,Man City,4,0,H
19/08/00,Chelsea,West Ham,4,2,H
19/08/00,Coventry,Middlesbrough,1,3,NH
19/08/00,Derby,Southampton,2,2,NH
19/08/00,Leeds,Everton,2,0,H
19/08/00,Leicester,Aston Villa,0,0,NH
19/08/00,Liverpool,Bradford,1,0,H
19/08/00,Sunderland,Arsenal,1,0,H
19/08/00,Tottenham,Ipswich,3,1,H
20/08/00,Man United,Newcastle,2,0,H
21/08/00,Arsenal,Liverpool,2,0,H
22/08/00,Bradford,Chelsea,2,0,H
22/08/00,Ipswich,Man United,1,1,NH
22/08/00,Middlesbrough,Tottenham,1,1,NH
23/08/00,Everton,Charlton,3,0,H
23/08/00,Man City,Sunderland,4,2,H
23/08/00,Newcastle,Derby,3,2,H
23/08/00,Southampton,Coventry,1,2,NH
23/08/00,West Ham,Leicester,0,1,NH
26/08/00,Arsenal,Charlton,5,3,H
26/08/00,Bradford,Leicester,0,0,NH
26/08/00,Everton,Derby,2,2,NH
26/08/00,Ipswich,Sunderland,1,0,H
26/08/00,Man City,Coventry,1,2,NH
26/08/00,Middlesbrough,Leeds,1,2,NH
26/08/00,Newcastle,Tottenham,2,0,H
26/08/00,Southampton,Liverpool,3,3,NH
26/08/00,West Ham,Man United,2,2,NH
27/08/00,Aston Villa,Chelsea,1,1,NH
05/09/00,Leeds,Man City,1,2,NH
05/09/00,Man United,Bradford,6,0,H
05/09/00,Sunderland,West Ham,1,1,NH
05/09/00,Tottenham,Everton,3,2,H
06/09/00,Charlton,Southampton,1,1,NH
06/09/00,Chelsea,Arsenal,2,2,NH
06/09/00,Coventry,Newcastle,0,2,NH
06/09/00,Derby,Middlesbrough,3,3,NH
06/09/00,Leicester,Ipswich,2,1,H
06/09/00,Liverpool,Aston Villa,3,1,H
09/09/00,Bradford,Arsenal,1,1,NH
09/09/00,Coventry,Leeds,0,0,NH
09/09/00,Ipswich,Aston Villa,1,2,NH
09/09/00,Leicester,Southampton,1,0,H
09/09/00,Liverpool,Man City,3,2,H
09/09/00,Man United,Sunderland,3,0,H
09/09/00,Middlesbrough,Everton,1,2,NH
09/09/00,Newcastle,Chelsea,0,0,NH
10/09/00,Derby,Charlton,2,2,NH
11/09/00,Tottenham,West Ham,1,0,H
16/09/00,Arsenal,Coventry,2,1,H
16/09/00,Aston Villa,Bradford,2,0,H
16/09/00,Charlton,Tottenham,1,0,H
16/09/00,Everton,Man United,1,3,NH
16/09/00,Leeds,Ipswich,1,2,NH
16/09/00,Southampton,Newcastle,2,0,H
16/09/00,Sunderland,Derby,2,1,H
17/09/00,Chelsea,Leicester,0,2,NH
17/09/00,Man City,Middlesbrough,1,1,NH
17/09/00,West Ham,Liverpool,1,1,NH
23/09/00,Bradford,Southampton,0,1,NH
23/09/00,Coventry,West Ham,0,3,NH
23/09/00,Derby,Leeds,1,1,NH
23/09/00,Ipswich,Arsenal,1,1,NH
23/09/00,Liverpool,Sunderland,1,1,NH
23/09/00,Man United,Chelsea,3,3,NH
23/09/00,Middlesbrough,Aston Villa,1,1,NH
23/09/00,Newcastle,Charlton,0,1,NH
23/09/00,Tottenham,Man City,0,0,NH
24/09/00,Leicester,Everton,1,1,NH
30/09/00,Aston Villa,Derby,4,1,H
30/09/00,Charlton,Coventry,2,2,NH
30/09/00,Everton,Ipswich,0,3,NH
30/09/00,Leeds,Tottenham,4,3,H
30/09/00,Man City,Newcastle,0,1,NH
30/09/00,Southampton,Middlesbrough,1,3,NH
30/09/00,West Ham,Bradford,1,1,NH
01/10/00,Arsenal,Man United,1,0,H
01/10/00,Chelsea,Liverpool,3,0,H
01/10/00,Sunderland,Leicester,0,0,NH
14/10/00,Arsenal,Aston Villa,1,0,H
14/10/00,Coventry,Tottenham,2,1,H
14/10/00,Everton,Southampton,1,1,NH
14/10/00,Ipswich,West Ham,1,1,NH
14/10/00,Leeds,Charlton,3,1,H
14/10/00,Leicester,Man United,0,3,NH
14/10/00,Man City,Bradford,2,0,H
14/10/00,Sunderland,Chelsea,1,0,H
15/10/00,Derby,Liverpool,0,4,NH
16/10/00,Middlesbrough,Newcastle,1,3,NH
21/10/00,Bradford,Ipswich,0,2,NH
21/10/00,Charlton,Middlesbrough,1,0,H
21/10/00,Chelsea,Coventry,6,1,H
21/10/00,Liverpool,Leicester,1,0,H
21/10/00,Man United,Leeds,3,0,H
21/10/00,Newcastle,Everton,0,1,NH
21/10/00,Tottenham,Derby,3,1,H
21/10/00,West Ham,Arsenal,1,2,NH
22/10/00,Aston Villa,Sunderland,0,0,NH
23/10/00,Southampton,Man City,0,2,NH
28/10/00,Arsenal,Man City,5,0,H
28/10/00,Aston Villa,Charlton,2,1,H
28/10/00,Chelsea,Tottenham,3,0,H
28/10/00,Ipswich,Middlesbrough,2,1,H
28/10/00,Leicester,Derby,2,1,H
28/10/00,Man United,Southampton,5,0,H
28/10/00,Sunderland,Coventry,1,0,H
28/10/00,West Ham,Newcastle,1,0,H
29/10/00,Bradford,Leeds,1,1,NH
29/10/00,Liverpool,Everton,3,1,H
04/11/00,Charlton,Bradford,2,0,H
04/11/00,Coventry,Man United,1,2,NH
04/11/00,Leeds,Liverpool,4,3,H
04/11/00,Man City,Leicester,0,1,NH
04/11/00,Middlesbrough,Arsenal,0,1,NH
04/11/00,Newcastle,Ipswich,2,1,H
04/11/00,Southampton,Chelsea,3,2,H
04/11/00,Tottenham,Sunderland,2,1,H
05/11/00,Everton,Aston Villa,0,1,NH
06/11/00,Derby,West Ham,0,0,NH
11/11/00,Arsenal,Derby,0,0,NH
11/11/00,Aston Villa,Tottenham,2,0,H
11/11/00,Bradford,Everton,0,1,NH
11/11/00,Ipswich,Charlton,2,0,H
11/11/00,Leicester,Newcastle,1,1,NH
11/11/00,Man United,Middlesbrough,2,1,H
11/11/00,Sunderland,Southampton,2,2,NH
11/11/00,West Ham,Man City,4,1,H
12/11/00,Chelsea,Leeds,1,1,NH
12/11/00,Liverpool,Coventry,4,1,H
18/11/00,Charlton,Chelsea,2,0,H
18/11/00,Derby,Bradford,2,0,H
18/11/00,Everton,Arsenal,2,0,H
18/11/00,Leeds,West Ham,0,1,NH
18/11/00,Man City,Man United,0,1,NH
18/11/00,Middlesbrough,Leicester,0,3,NH
18/11/00,Newcastle,Sunderland,1,2,NH
18/11/00,Southampton,Aston Villa,2,0,H
19/11/00,Tottenham,Liverpool,2,1,H
20/11/00,Coventry,Ipswich,0,1,NH
25/11/00,Charlton,Sunderland,0,1,NH
25/11/00,Coventry,Aston Villa,1,1,NH
25/11/00,Derby,Man United,0,3,NH
25/11/00,Everton,Chelsea,2,1,H
25/11/00,Man City,Ipswich,2,3,NH
25/11/00,Middlesbrough,Bradford,2,2,NH
25/11/00,Southampton,West Ham,2,3,NH
25/11/00,Tottenham,Leicester,3,0,H
26/11/00,Leeds,Arsenal,1,0,H
26/11/00,Newcastle,Liverpool,2,1,H
02/12/00,Arsenal,Southampton,1,0,H
02/12/00,Aston Villa,Newcastle,1,1,NH
02/12/00,Bradford,Coventry,2,1,H
02/12/00,Ipswich,Derby,0,1,NH
02/12/00,Leicester,Leeds,3,1,H
02/12/00,Liverpool,Charlton,3,0,H
02/12/00,Man United,Tottenham,2,0,H
02/12/00,West Ham,Middlesbrough,1,0,H
03/12/00,Chelsea,Man City,2,1,H
04/12/00,Sunderland,Everton,2,0,H
09/12/00,Arsenal,Newcastle,5,0,H
09/12/00,Bradford,Tottenham,3,3,NH
09/12/00,Charlton,Man United,3,3,NH
09/12/00,Chelsea,Derby,4,1,H
09/12/00,Man City,Everton,5,0,H
09/12/00,Southampton,Leeds,1,0,H
09/12/00,Sunderland,Middlesbrough,1,0,H
09/12/00,West Ham,Aston Villa,1,1,NH
10/12/00,Coventry,Leicester,1,0,H
10/12/00,Liverpool,Ipswich,0,1,NH
16/12/00,Aston Villa,Man City,2,2,NH
16/12/00,Derby,Coventry,1,0,H
16/12/00,Everton,West Ham,1,1,NH
16/12/00,Ipswich,Southampton,3,1,H
16/12/00,Leeds,Sunderland,2,0,H
16/12/00,Leicester,Charlton,3,1,H
16/12/00,Middlesbrough,Chelsea,1,0,H
16/12/00,Newcastle,Bradford,2,1,H
17/12/00,Man United,Liverpool,0,1,NH
18/12/00,Tottenham,Arsenal,1,1,NH
22/12/00,Coventry,Southampton,1,1,NH
23/12/00,Charlton,Everton,1,0,H
23/12/00,Chelsea,Bradford,3,0,H
23/12/00,Derby,Newcastle,2,0,H
23/12/00,Leeds,Aston Villa,1,2,NH
23/12/00,Leicester,West Ham,2,1,H
23/12/00,Liverpool,Arsenal,4,0,H
23/12/00,Man United,Ipswich,2,0,H
23/12/00,Sunderland,Man City,1,0,H
23/12/00,Tottenham,Middlesbrough,0,0,NH
26/12/00,Arsenal,Leicester,6,1,H
26/12/00,Aston Villa,Man United,0,1,NH
26/12/00,Bradford,Sunderland,1,4,NH
26/12/00,Everton,Coventry,1,2,NH
26/12/00,Ipswich,Chelsea,2,2,NH
26/12/00,Man City,Derby,0,0,NH
26/12/00,Middlesbrough,Liverpool,1,0,H
26/12/00,Newcastle,Leeds,2,1,H
26/12/00,West Ham,Charlton,5,0,H
27/12/00,Southampton,Tottenham,2,0,H
30/12/00,Arsenal,Sunderland,2,2,NH
30/12/00,Ipswich,Tottenham,3,0,H
30/12/00,Man City,Charlton,1,4,NH
30/12/00,Middlesbrough,Coventry,1,1,NH
30/12/00,Newcastle,Man United,1,1,NH
30/12/00,Southampton,Derby,1,0,H
01/01/01,Charlton,Arsenal,1,0,H
01/01/01,Chelsea,Aston Villa,1,0,H
01/01/01,Coventry,Man City,1,1,NH
01/01/01,Derby,Everton,1,0,H
01/01/01,Leeds,Middlesbrough,1,1,NH
01/01/01,Leicester,Bradford,1,2,NH
01/01/01,Liverpool,Southampton,2,1,H
01/01/01,Man United,West Ham,3,1,H
01/01/01,Sunderland,Ipswich,4,1,H
02/01/01,Tottenham,Newcastle,4,2,H
13/01/01,Arsenal,Chelsea,1,1,NH
13/01/01,Aston Villa,Liverpool,0,3,NH
13/01/01,Bradford,Man United,0,3,NH
13/01/01,Everton,Tottenham,0,0,NH
13/01/01,Man City,Leeds,0,4,NH
13/01/01,Middlesbrough,Derby,4,0,H
13/01/01,Newcastle,Coventry,3,1,H
13/01/01,Southampton,Charlton,0,0,NH
13/01/01,West Ham,Sunderland,0,2,NH
14/01/01,Ipswich,Leicester,2,0,H
20/01/01,Chelsea,Ipswich,4,1,H
20/01/01,Coventry,Everton,1,3,NH
20/01/01,Derby,Man City,1,1,NH
20/01/01,Leeds,Newcastle,1,3,NH
20/01/01,Leicester,Arsenal,0,0,NH
20/01/01,Liverpool,Middlesbrough,0,0,NH
20/01/01,Man United,Aston Villa,2,0,H
20/01/01,Tottenham,Southampton,0,0,NH
21/01/01,Sunderland,Bradford,0,0,NH
22/01/01,Charlton,West Ham,1,1,NH
24/01/01,Aston Villa,Leeds,1,2,NH
30/01/01,Arsenal,Bradford,2,0,H
30/01/01,Charlton,Derby,2,1,H
31/01/01,Chelsea,Newcastle,3,1,H
31/01/01,Everton,Middlesbrough,2,2,NH
31/01/01,Leeds,Coventry,1,0,H
31/01/01,Man City,Liverpool,1,1,NH
31/01/01,Southampton,Leicester,1,0,H
31/01/01,Sunderland,Man United,0,1,NH
31/01/01,West Ham,Tottenham,0,0,NH
03/02/01,Bradford,Aston Villa,0,3,NH
03/02/01,Coventry,Arsenal,0,1,NH
03/02/01,Derby,Sunderland,1,0,H
03/02/01,Ipswich,Leeds,1,2,NH
03/02/01,Leicester,Chelsea,2,1,H
03/02/01,Liverpool,West Ham,3,0,H
03/02/01,Man United,Everton,1,0,H
03/02/01,Middlesbrough,Man City,1,1,NH
03/02/01,Tottenham,Charlton,0,0,NH
07/02/01,Everton,Leeds,2,2,NH
10/02/01,Arsenal,Ipswich,1,0,H
10/02/01,Aston Villa,Middlesbrough,1,1,NH
10/02/01,Chelsea,Man United,1,1,NH
10/02/01,Everton,Leicester,2,1,H
10/02/01,Leeds,Derby,0,0,NH
10/02/01,Man City,Tottenham,0,1,NH
10/02/01,Southampton,Bradford,2,0,H
10/02/01,Sunderland,Liverpool,1,1,NH
11/02/01,Charlton,Newcastle,2,0,H
12/02/01,West Ham,Coventry,1,1,NH
24/02/01,Bradford,West Ham,1,2,NH
24/02/01,Coventry,Charlton,2,2,NH
24/02/01,Derby,Aston Villa,1,0,H
24/02/01,Ipswich,Everton,2,0,H
24/02/01,Leicester,Sunderland,2,0,H
24/02/01,Middlesbrough,Southampton,0,1,NH
24/02/01,Newcastle,Man City,0,1,NH
24/02/01,Tottenham,Leeds,1,2,NH
25/02/01,Man United,Arsenal,6,1,H
03/03/01,Arsenal,West Ham,3,0,H
03/03/01,Coventry,Chelsea,0,0,NH
03/03/01,Derby,Tottenham,2,1,H
03/03/01,Everton,Newcastle,1,1,NH
03/03/01,Leeds,Man United,1,1,NH
03/03/01,Leicester,Liverpool,2,0,H
03/03/01,Man City,Southampton,0,1,NH
03/03/01,Middlesbrough,Charlton,0,0,NH
04/03/01,Ipswich,Bradford,3,1,H
05/03/01,Sunderland,Aston Villa,1,1,NH
07/03/01,West Ham,Chelsea,0,2,NH
10/03/01,Aston Villa,Ipswich,2,1,H
17/03/01,Bradford,Man City,2,2,NH
17/03/01,Charlton,Leeds,1,2,NH
17/03/01,Chelsea,Sunderland,2,4,NH
17/03/01,Man United,Leicester,2,0,H
17/03/01,Newcastle,Middlesbrough,1,2,NH
17/03/01,Southampton,Everton,1,0,H
17/03/01,Tottenham,Coventry,3,0,H
17/03/01,West Ham,Ipswich,0,1,NH
18/03/01,Aston Villa,Arsenal,0,0,NH
18/03/01,Liverpool,Derby,1,1,NH
31/03/01,Arsenal,Tottenham,2,0,H
31/03/01,Bradford,Newcastle,2,2,NH
31/03/01,Chelsea,Middlesbrough,2,1,H
31/03/01,Coventry,Derby,2,0,H
31/03/01,Liverpool,Man United,2,0,H
31/03/01,Man City,Aston Villa,1,3,NH
31/03/01,Sunderland,Leeds,0,2,NH
31/03/01,West Ham,Everton,0,2,NH
01/04/01,Charlton,Leicester,2,0,H
02/04/01,Southampton,Ipswich,0,3,NH
04/04/01,Aston Villa,Leicester,2,1,H
07/04/01,Aston Villa,West Ham,2,2,NH
07/04/01,Derby,Chelsea,0,4,NH
07/04/01,Leeds,Southampton,2,0,H
07/04/01,Leicester,Coventry,1,3,NH
08/04/01,Everton,Man City,3,1,H
09/04/01,Middlesbrough,Sunderland,0,0,NH
10/04/01,Ipswich,Liverpool,1,1,NH
10/04/01,Man United,Charlton,2,1,H
10/04/01,Tottenham,Bradford,2,1,H
11/04/01,Man City,Arsenal,0,4,NH
13/04/01,Bradford,Charlton,2,0,H
13/04/01,Liverpool,Leeds,1,2,NH
14/04/01,Arsenal,Middlesbrough,0,3,NH
14/04/01,Aston Villa,Everton,2,1,H
14/04/01,Chelsea,Southampton,1,0,H
14/04/01,Ipswich,Newcastle,1,0,H
14/04/01,Leicester,Man City,1,2,NH
14/04/01,Man United,Coventry,4,2,H
14/04/01,Sunderland,Tottenham,2,3,NH
14/04/01,West Ham,Derby,3,1,H
16/04/01,Coventry,Sunderland,1,0,H
16/04/01,Derby,Leicester,2,0,H
16/04/01,Everton,Liverpool,2,3,NH
16/04/01,Middlesbrough,Ipswich,1,2,NH
16/04/01,Newcastle,West Ham,2,1,H
17/04/01,Charlton,Aston Villa,3,3,NH
17/04/01,Tottenham,Chelsea,0,3,NH
21/04/01,Arsenal,Everton,4,1,H
21/04/01,Aston Villa,Southampton,0,0,NH
21/04/01,Bradford,Derby,2,0,H
21/04/01,Chelsea,Charlton,0,1,NH
21/04/01,Ipswich,Coventry,2,0,H
21/04/01,Leicester,Middlesbrough,0,3,NH
21/04/01,Man United,Man City,1,1,NH
21/04/01,Sunderland,Newcastle,1,1,NH
21/04/01,West Ham,Leeds,0,2,NH
22/04/01,Liverpool,Tottenham,3,1,H
28/04/01,Coventry,Liverpool,0,2,NH
28/04/01,Derby,Arsenal,1,2,NH
28/04/01,Everton,Bradford,2,1,H
28/04/01,Leeds,Chelsea,2,0,H
28/04/01,Man City,West Ham,1,0,H
28/04/01,Middlesbrough,Man United,0,2,NH
28/04/01,Newcastle,Leicester,1,0,H
28/04/01,Southampton,Sunderland,0,1,NH
28/04/01,Tottenham,Aston Villa,0,0,NH
30/04/01,Charlton,Ipswich,2,1,H
01/05/01,Bradford,Liverpool,0,2,NH
01/05/01,Newcastle,Southampton,1,1,NH
05/05/01,Arsenal,Leeds,2,1,H
05/05/01,Aston Villa,Coventry,3,2,H
05/05/01,Bradford,Middlesbrough,1,1,NH
05/05/01,Chelsea,Everton,2,1,H
05/05/01,Leicester,Tottenham,4,2,H
05/05/01,Liverpool,Newcastle,3,0,H
05/05/01,Man United,Derby,0,1,NH
05/05/01,Sunderland,Charlton,3,2,H
05/05/01,West Ham,Southampton,3,0,H
07/05/01,Ipswich,Man City,2,1,H
08/05/01,Liverpool,Chelsea,2,2,NH
13/05/01,Leeds,Bradford,6,1,H
13/05/01,Southampton,Man United,2,1,H
15/05/01,Newcastle,Arsenal,0,0,NH
19/05/01,Charlton,Liverpool,0,4,NH
19/05/01,Coventry,Bradford,0,0,NH
19/05/01,Derby,Ipswich,1,1,NH
19/05/01,Everton,Sunderland,2,2,NH
19/05/01,Leeds,Leicester,3,1,H
19/05/01,Man City,Chelsea,1,2,NH
19/05/01,Middlesbrough,West Ham,2,1,H
19/05/01,Newcastle,Aston Villa,3,0,H
19/05/01,Southampton,Arsenal,3,2,H
19/05/01,Tottenham,Man United,3,1,H
18/08/01,Charlton,Everton,1,2,NH
18/08/01,Derby,Blackburn,2,1,H
18/08/01,Leeds,Southampton,2,0,H
18/08/01,Leicester,Bolton,0,5,NH
18/08/01,Liverpool,West Ham,2,1,H
18/08/01,Middlesbrough,Arsenal,0,4,NH
18/08/01,Sunderland,Ipswich,1,0,H
18/08/01,Tottenham,Aston Villa,0,0,NH
19/08/01,Chelsea,Newcastle,1,1,NH
19/08/01,Man United,Fulham,3,2,H
20/08/01,Everton,Tottenham,1,1,NH
21/08/01,Arsenal,Leeds,1,2,NH
21/08/01,Bolton,Middlesbrough,1,0,H
21/08/01,Ipswich,Derby,3,1,H
22/08/01,Blackburn,Man United,2,2,NH
22/08/01,Fulham,Sunderland,2,0,H
25/08/01,Arsenal,Leicester,4,0,H
25/08/01,Blackburn,Tottenham,2,1,H
25/08/01,Everton,Middlesbrough,2,0,H
25/08/01,Fulham,Derby,0,0,NH
25/08/01,Ipswich,Charlton,0,1,NH
25/08/01,Southampton,Chelsea,0,2,NH
25/08/01,West Ham,Leeds,0,0,NH
26/08/01,Aston Villa,Man United,1,1,NH
26/08/01,Newcastle,Sunderland,1,1,NH
27/08/01,Bolton,Liverpool,2,1,H
08/09/01,Chelsea,Arsenal,1,1,NH
08/09/01,Derby,West Ham,0,0,NH
08/09/01,Leeds,Bolton,0,0,NH
08/09/01,Leicester,Ipswich,1,1,NH
08/09/01,Liverpool,Aston Villa,1,3,NH
08/09/01,Man United,Everton,4,1,H
08/09/01,Middlesbrough,Newcastle,1,4,NH
08/09/01,Sunderland,Blackburn,1,0,H
09/09/01,Charlton,Fulham,1,1,NH
09/09/01,Tottenham,Southampton,2,0,H
15/09/01,Bolton,Southampton,0,1,NH
15/09/01,Derby,Leicester,2,3,NH
15/09/01,Everton,Liverpool,1,3,NH
15/09/01,Fulham,Arsenal,1,3,NH
15/09/01,Middlesbrough,West Ham,2,0,H
15/09/01,Newcastle,Man United,4,3,H
16/09/01,Aston Villa,Sunderland,0,0,NH
16/09/01,Charlton,Leeds,0,2,NH
16/09/01,Ipswich,Blackburn,1,1,NH
16/09/01,Tottenham,Chelsea,2,3,NH
17/09/01,Leicester,Middlesbrough,1,2,NH
19/09/01,Blackburn,Bolton,1,1,NH
19/09/01,Sunderland,Tottenham,1,2,NH
22/09/01,Arsenal,Bolton,1,1,NH
22/09/01,Blackburn,Everton,1,0,H
22/09/01,Leicester,Fulham,0,0,NH
22/09/01,Liverpool,Tottenham,1,0,H
22/09/01,Man United,Ipswich,4,0,H
22/09/01,Sunderland,Charlton,2,2,NH
23/09/01,Chelsea,Middlesbrough,2,2,NH
23/09/01,Leeds,Derby,3,0,H
23/09/01,West Ham,Newcastle,3,0,H
24/09/01,Southampton,Aston Villa,1,3,NH
26/09/01,Newcastle,Leicester,1,0,H
29/09/01,Bolton,Sunderland,0,2,NH
29/09/01,Charlton,Leicester,2,0,H
29/09/01,Derby,Arsenal,0,2,NH
29/09/01,Everton,West Ham,5,0,H
29/09/01,Middlesbrough,Southampton,1,3,NH
29/09/01,Tottenham,Man United,3,5,NH
30/09/01,Aston Villa,Blackburn,2,0,H
30/09/01,Fulham,Chelsea,1,1,NH
30/09/01,Ipswich,Leeds,1,2,NH
30/09/01,Newcastle,Liverpool,0,2,NH
13/10/01,Bolton,Newcastle,0,4,NH
13/10/01,Charlton,Middlesbrough,0,0,NH
13/10/01,Chelsea,Leicester,2,0,H
13/10/01,Ipswich,Everton,0,0,NH
13/10/01,Liverpool,Leeds,1,1,NH
13/10/01,Southampton,Arsenal,0,2,NH
13/10/01,Sunderland,Man United,1,3,NH
14/10/01,Aston Villa,Fulham,2,0,H
14/10/01,Blackburn,West Ham,7,1,H
15/10/01,Tottenham,Derby,3,1,H
20/10/01,Arsenal,Blackburn,3,3,NH
20/10/01,Derby,Charlton,1,1,NH
20/10/01,Everton,Aston Villa,3,2,H
20/10/01,Leicester,Liverpool,1,4,NH
20/10/01,Man United,Bolton,1,2,NH
20/10/01,West Ham,Southampton,2,0,H
21/10/01,Fulham,Ipswich,1,1,NH
21/10/01,Leeds,Chelsea,0,0,NH
21/10/01,Newcastle,Tottenham,0,2,NH
22/10/01,Middlesbrough,Sunderland,2,0,H
24/10/01,Aston Villa,Charlton,1,0,H
24/10/01,Southampton,Ipswich,3,3,NH
24/10/01,West Ham,Chelsea,2,1,H
27/10/01,Aston Villa,Bolton,3,2,H
27/10/01,Charlton,Liverpool,0,2,NH
27/10/01,Everton,Newcastle,1,3,NH
27/10/01,Fulham,Southampton,2,1,H
27/10/01,Man United,Leeds,1,1,NH
27/10/01,Sunderland,Arsenal,1,1,NH
27/10/01,Tottenham,Middlesbrough,2,1,H
28/10/01,Derby,Chelsea,1,1,NH
28/10/01,Ipswich,West Ham,2,3,NH
29/10/01,Blackburn,Leicester,0,0,NH
03/11/01,Bolton,Everton,2,2,NH
03/11/01,Leicester,Sunderland,1,0,H
03/11/01,Middlesbrough,Derby,5,1,H
03/11/01,Newcastle,Aston Villa,3,0,H
03/11/01,Southampton,Blackburn,1,2,NH
03/11/01,West Ham,Fulham,0,2,NH
04/11/01,Arsenal,Charlton,2,4,NH
04/11/01,Chelsea,Ipswich,2,1,H
04/11/01,Leeds,Tottenham,2,1,H
04/11/01,Liverpool,Man United,3,1,H
17/11/01,Aston Villa,Middlesbrough,0,0,NH
17/11/01,Blackburn,Liverpool,1,1,NH
17/11/01,Derby,Southampton,1,0,H
17/11/01,Fulham,Newcastle,3,1,H
17/11/01,Man United,Leicester,2,0,H
17/11/01,Tottenham,Arsenal,1,1,NH
18/11/01,Everton,Chelsea,0,0,NH
18/11/01,Ipswich,Bolton,1,2,NH
18/11/01,Sunderland,Leeds,2,0,H
19/11/01,Charlton,West Ham,4,4,NH
24/11/01,Bolton,Fulham,0,0,NH
24/11/01,Chelsea,Blackburn,0,0,NH
24/11/01,Leicester,Everton,0,0,NH
24/11/01,Newcastle,Derby,1,0,H
24/11/01,Southampton,Charlton,1,0,H
24/11/01,West Ham,Tottenham,0,1,NH
25/11/01,Arsenal,Man United,3,1,H
25/11/01,Leeds,Aston Villa,1,1,NH
25/11/01,Liverpool,Sunderland,1,0,H
25/11/01,Middlesbrough,Ipswich,0,0,NH
01/12/01,Aston Villa,Leicester,0,2,NH
01/12/01,Blackburn,Middlesbrough,0,1,NH
01/12/01,Charlton,Newcastle,1,1,NH
01/12/01,Derby,Liverpool,0,1,NH
01/12/01,Ipswich,Arsenal,0,2,NH
01/12/01,Man United,Chelsea,0,3,NH
01/12/01,Sunderland,West Ham,1,0,H
02/12/01,Everton,Southampton,2,0,H
02/12/01,Fulham,Leeds,0,0,NH
03/12/01,Tottenham,Bolton,3,2,H
05/12/01,Chelsea,Charlton,0,1,NH
05/12/01,West Ham,Aston Villa,1,1,NH
08/12/01,Charlton,Tottenham,3,1,H
08/12/01,Derby,Bolton,1,0,H
08/12/01,Fulham,Everton,2,0,H
08/12/01,Leicester,Southampton,0,4,NH
08/12/01,Liverpool,Middlesbrough,2,0,H
08/12/01,Man United,West Ham,0,1,NH
09/12/01,Arsenal,Aston Villa,3,2,H
09/12/01,Blackburn,Leeds,1,2,NH
09/12/01,Ipswich,Newcastle,0,1,NH
09/12/01,Sunderland,Chelsea,0,0,NH
12/12/01,Liverpool,Fulham,0,0,NH
12/12/01,Man United,Derby,5,0,H
15/12/01,Bolton,Charlton,0,0,NH
15/12/01,Everton,Derby,1,0,H
15/12/01,Middlesbrough,Man United,0,1,NH
15/12/01,Newcastle,Blackburn,2,1,H
15/12/01,Southampton,Sunderland,2,0,H
15/12/01,Tottenham,Fulham,4,0,H
15/12/01,West Ham,Arsenal,1,1,NH
16/12/01,Chelsea,Liverpool,4,0,H
16/12/01,Leeds,Leicester,2,2,NH
17/12/01,Aston Villa,Ipswich,2,1,H
18/12/01,Arsenal,Newcastle,1,3,NH
19/12/01,Leeds,Everton,3,2,H
22/12/01,Charlton,Blackburn,0,2,NH
22/12/01,Derby,Aston Villa,3,1,H
22/12/01,Leeds,Newcastle,3,4,NH
22/12/01,Leicester,West Ham,1,1,NH
22/12/01,Man United,Southampton,6,1,H
22/12/01,Sunderland,Everton,1,0,H
22/12/01,Tottenham,Ipswich,1,2,NH
23/12/01,Chelsea,Bolton,5,1,H
23/12/01,Liverpool,Arsenal,1,2,NH
26/12/01,Arsenal,Chelsea,2,1,H
26/12/01,Aston Villa,Liverpool,1,2,NH
26/12/01,Blackburn,Sunderland,0,3,NH
26/12/01,Bolton,Leeds,0,3,NH
26/12/01,Everton,Man United,0,2,NH
26/12/01,Fulham,Charlton,0,0,NH
26/12/01,Ipswich,Leicester,2,0,H
26/12/01,Newcastle,Middlesbrough,3,0,H
26/12/01,Southampton,Tottenham,1,0,H
26/12/01,West Ham,Derby,4,0,H
29/12/01,Arsenal,Middlesbrough,2,1,H
29/12/01,Aston Villa,Tottenham,1,1,NH
29/12/01,Blackburn,Derby,0,1,NH
29/12/01,Bolton,Leicester,2,2,NH
29/12/01,Everton,Charlton,0,3,NH
29/12/01,Ipswich,Sunderland,5,0,H
29/12/01,Newcastle,Chelsea,1,2,NH
29/12/01,Southampton,Leeds,0,1,NH
29/12/01,West Ham,Liverpool,1,1,NH
30/12/01,Fulham,Man United,2,3,NH
01/01/02,Charlton,Ipswich,3,2,H
01/01/02,Chelsea,Southampton,2,4,NH
01/01/02,Leeds,West Ham,3,0,H
01/01/02,Liverpool,Bolton,1,1,NH
01/01/02,Middlesbrough,Everton,1,0,H
01/01/02,Sunderland,Aston Villa,1,1,NH
01/01/02,Tottenham,Blackburn,1,0,H
02/01/02,Derby,Fulham,0,1,NH
02/01/02,Man United,Newcastle,3,1,H
09/01/02,Southampton,Liverpool,2,0,H
12/01/02,Aston Villa,Derby,2,1,H
12/01/02,Blackburn,Charlton,4,1,H
12/01/02,Bolton,Chelsea,2,2,NH
12/01/02,Everton,Sunderland,1,0,H
12/01/02,Fulham,Middlesbrough,2,1,H
12/01/02,Ipswich,Tottenham,2,1,H
12/01/02,Newcastle,Leeds,3,1,H
12/01/02,West Ham,Leicester,1,0,H
13/01/02,Arsenal,Liverpool,1,1,NH
13/01/02,Southampton,Man United,1,3,NH
19/01/02,Derby,Ipswich,1,3,NH
19/01/02,Leicester,Newcastle,0,0,NH
19/01/02,Liverpool,Southampton,1,1,NH
19/01/02,Man United,Blackburn,2,1,H
19/01/02,Middlesbrough,Bolton,1,1,NH
19/01/02,Sunderland,Fulham,1,1,NH
19/01/02,Tottenham,Everton,1,1,NH
20/01/02,Chelsea,West Ham,5,1,H
20/01/02,Leeds,Arsenal,1,1,NH
21/01/02,Charlton,Aston Villa,1,2,NH
22/01/02,Man United,Liverpool,0,1,NH
23/01/02,Leicester,Arsenal,1,3,NH
29/01/02,Bolton,Man United,0,4,NH
29/01/02,Charlton,Derby,1,0,H
29/01/02,Sunderland,Middlesbrough,0,1,NH
30/01/02,Aston Villa,Everton,0,0,NH
30/01/02,Blackburn,Arsenal,2,3,NH
30/01/02,Chelsea,Leeds,2,0,H
30/01/02,Ipswich,Fulham,1,0,H
30/01/02,Liverpool,Leicester,1,0,H
30/01/02,Southampton,West Ham,2,0,H
30/01/02,Tottenham,Newcastle,1,3,NH
02/02/02,Arsenal,Southampton,1,1,NH
02/02/02,Derby,Tottenham,1,0,H
02/02/02,Everton,Ipswich,1,2,NH
02/02/02,Fulham,Aston Villa,0,0,NH
02/02/02,Leicester,Chelsea,2,3,NH
02/02/02,Man United,Sunderland,4,1,H
02/02/02,Newcastle,Bolton,3,2,H
02/02/02,West Ham,Blackburn,2,0,H
03/02/02,Leeds,Liverpool,0,4,NH
03/02/02,Middlesbrough,Charlton,0,0,NH
09/02/02,Aston Villa,Chelsea,1,1,NH
09/02/02,Bolton,West Ham,1,0,H
09/02/02,Derby,Sunderland,0,1,NH
09/02/02,Fulham,Blackburn,2,0,H
09/02/02,Ipswich,Liverpool,0,6,NH
09/02/02,Middlesbrough,Leeds,2,2,NH
09/02/02,Newcastle,Southampton,3,1,H
09/02/02,Tottenham,Leicester,2,1,H
10/02/02,Charlton,Man United,0,2,NH
10/02/02,Everton,Arsenal,0,1,NH
19/02/02,Middlesbrough,Fulham,2,1,H
23/02/02,Arsenal,Fulham,4,1,H
23/02/02,Leicester,Derby,0,3,NH
23/02/02,Liverpool,Everton,1,1,NH
23/02/02,Man United,Aston Villa,1,0,H
23/02/02,Southampton,Bolton,0,0,NH
23/02/02,West Ham,Middlesbrough,1,0,H
24/02/02,Leeds,Charlton,0,0,NH
24/02/02,Sunderland,Newcastle,0,1,NH
02/03/02,Aston Villa,West Ham,2,1,H
02/03/02,Bolton,Blackburn,1,1,NH
02/03/02,Charlton,Chelsea,2,1,H
02/03/02,Fulham,Liverpool,0,2,NH
02/03/02,Ipswich,Southampton,1,3,NH
02/03/02,Middlesbrough,Leicester,1,0,H
02/03/02,Newcastle,Arsenal,0,2,NH
02/03/02,Tottenham,Sunderland,2,1,H
03/03/02,Derby,Man United,2,2,NH
03/03/02,Everton,Leeds,0,0,NH
05/03/02,Arsenal,Derby,1,0,H
05/03/02,Blackburn,Aston Villa,3,0,H
05/03/02,Sunderland,Bolton,1,0,H
06/03/02,Chelsea,Fulham,3,2,H
06/03/02,Leeds,Ipswich,2,0,H
06/03/02,Liverpool,Newcastle,3,0,H
06/03/02,Man United,Tottenham,4,0,H
06/03/02,Southampton,Middlesbrough,1,1,NH
06/03/02,West Ham,Everton,1,0,H
09/03/02,Leicester,Charlton,1,1,NH
13/03/02,Blackburn,Ipswich,2,1,H
13/03/02,Chelsea,Tottenham,4,0,H
16/03/02,Bolton,Derby,1,3,NH
16/03/02,Chelsea,Sunderland,4,0,H
16/03/02,Everton,Fulham,2,1,H
16/03/02,Middlesbrough,Liverpool,1,2,NH
16/03/02,Newcastle,Ipswich,2,2,NH
16/03/02,Southampton,Leicester,2,2,NH
16/03/02,West Ham,Man United,3,5,NH
17/03/02,Aston Villa,Arsenal,1,2,NH
17/03/02,Leeds,Blackburn,3,1,H
18/03/02,Tottenham,Charlton,0,1,NH
23/03/02,Charlton,Bolton,1,2,NH
23/03/02,Derby,Everton,3,4,NH
23/03/02,Ipswich,Aston Villa,0,0,NH
23/03/02,Leicester,Leeds,0,2,NH
23/03/02,Man United,Middlesbrough,0,1,NH
23/03/02,Sunderland,Southampton,1,1,NH
24/03/02,Fulham,Tottenham,0,2,NH
24/03/02,Liverpool,Chelsea,1,0,H
29/03/02,Newcastle,Everton,6,2,H
30/03/02,Arsenal,Sunderland,3,0,H
30/03/02,Bolton,Aston Villa,3,2,H
30/03/02,Chelsea,Derby,2,1,H
30/03/02,Leeds,Man United,3,4,NH
30/03/02,Leicester,Blackburn,2,1,H
30/03/02,Liverpool,Charlton,2,0,H
30/03/02,Middlesbrough,Tottenham,1,1,NH
30/03/02,Southampton,Fulham,1,1,NH
30/03/02,West Ham,Ipswich,3,1,H
01/04/02,Blackburn,Southampton,2,0,H
01/04/02,Charlton,Arsenal,0,3,NH
01/04/02,Derby,Middlesbrough,0,1,NH
01/04/02,Everton,Bolton,3,1,H
01/04/02,Fulham,West Ham,0,1,NH
01/04/02,Ipswich,Chelsea,0,0,NH
01/04/02,Sunderland,Leicester,2,1,H
01/04/02,Tottenham,Leeds,2,1,H
02/04/02,Aston Villa,Newcastle,1,1,NH
06/04/02,Arsenal,Tottenham,2,1,H
06/04/02,Bolton,Ipswich,4,1,H
06/04/02,Chelsea,Everton,3,0,H
06/04/02,Leicester,Man United,0,1,NH
06/04/02,Middlesbrough,Aston Villa,2,1,H
06/04/02,Southampton,Derby,2,0,H
06/04/02,West Ham,Charlton,2,0,H
07/04/02,Leeds,Sunderland,2,0,H
08/04/02,Newcastle,Fulham,1,1,NH
10/04/02,Blackburn,Chelsea,0,0,NH
13/04/02,Aston Villa,Leeds,0,1,NH
13/04/02,Charlton,Southampton,1,1,NH
13/04/02,Derby,Newcastle,2,3,NH
13/04/02,Everton,Leicester,2,2,NH
13/04/02,Sunderland,Liverpool,0,1,NH
13/04/02,Tottenham,West Ham,1,1,NH
20/04/02,Bolton,Tottenham,1,1,NH
20/04/02,Chelsea,Man United,0,3,NH
20/04/02,Leeds,Fulham,0,1,NH
20/04/02,Leicester,Aston Villa,2,2,NH
20/04/02,Liverpool,Derby,2,0,H
20/04/02,Middlesbrough,Blackburn,1,3,NH
20/04/02,Newcastle,Charlton,3,0,H
20/04/02,Southampton,Everton,0,1,NH
20/04/02,West Ham,Sunderland,3,0,H
21/04/02,Arsenal,Ipswich,2,0,H
23/04/02,Blackburn,Newcastle,2,2,NH
23/04/02,Fulham,Bolton,3,0,H
24/04/02,Arsenal,West Ham,2,0,H
24/04/02,Ipswich,Middlesbrough,1,0,H
27/04/02,Aston Villa,Southampton,2,1,H
27/04/02,Charlton,Sunderland,2,2,NH
27/04/02,Derby,Leeds,0,1,NH
27/04/02,Fulham,Leicester,0,0,NH
27/04/02,Ipswich,Man United,0,1,NH
27/04/02,Middlesbrough,Chelsea,0,2,NH
27/04/02,Newcastle,West Ham,3,1,H
27/04/02,Tottenham,Liverpool,1,0,H
28/04/02,Everton,Blackburn,1,2,NH
29/04/02,Bolton,Arsenal,0,2,NH
08/05/02,Liverpool,Blackburn,4,3,H
08/05/02,Man United,Arsenal,0,1,NH
11/05/02,Arsenal,Everton,4,3,H
11/05/02,Blackburn,Fulham,3,0,H
11/05/02,Chelsea,Aston Villa,1,3,NH
11/05/02,Leeds,Middlesbrough,1,0,H
11/05/02,Leicester,Tottenham,2,1,H
11/05/02,Liverpool,Ipswich,5,0,H
11/05/02,Man United,Charlton,0,0,NH
11/05/02,Southampton,Newcastle,3,1,H
11/05/02,Sunderland,Derby,1,1,NH
11/05/02,West Ham,Bolton,2,1,H
17/08/2002,Blackburn,Sunderland,0,0,NH
17/08/2002,Charlton,Chelsea,2,3,NH
17/08/2002,Everton,Tottenham,2,2,NH
17/08/2002,Fulham,Bolton,4,1,H
17/08/2002,Leeds,Man City,3,0,H
17/08/2002,Man United,West Brom,1,0,H
17/08/2002,Southampton,Middlesboro,0,0,NH
18/08/2002,Arsenal,Birmingham,2,0,H
18/08/2002,Aston Villa,Liverpool,0,1,NH
19/08/2002,Newcastle,West Ham,4,0,H
23/08/2002,Chelsea,Man United,2,2,NH
24/08/2002,Birmingham,Blackburn,0,1,NH
24/08/2002,Bolton,Charlton,1,2,NH
24/08/2002,Liverpool,Southampton,3,0,H
24/08/2002,Man City,Newcastle,1,0,H
24/08/2002,Middlesboro,Fulham,2,2,NH
24/08/2002,Sunderland,Everton,0,1,NH
24/08/2002,Tottenham,Aston Villa,1,0,H
24/08/2002,West Brom,Leeds,1,3,NH
24/08/2002,West Ham,Arsenal,2,2,NH
27/08/2002,Arsenal,West Brom,5,2,H
27/08/2002,Charlton,Tottenham,0,1,NH
28/08/2002,Aston Villa,Man City,1,0,H
28/08/2002,Blackburn,Liverpool,2,2,NH
28/08/2002,Everton,Birmingham,1,1,NH
28/08/2002,Leeds,Sunderland,0,1,NH
28/08/2002,Southampton,Chelsea,1,1,NH
31/08/2002,Birmingham,Leeds,2,1,H
31/08/2002,Man City,Everton,3,1,H
31/08/2002,Middlesboro,Blackburn,1,0,H
31/08/2002,Sunderland,Man United,1,1,NH
31/08/2002,Tottenham,Southampton,2,1,H
31/08/2002,West Brom,Fulham,1,0,H
31/08/2002,West Ham,Charlton,0,2,NH
01/09/2002,Bolton,Aston Villa,1,0,H
01/09/2002,Chelsea,Arsenal,1,1,NH
02/09/2002,Liverpool,Newcastle,2,2,NH
03/09/2002,Man United,Middlesboro,1,0,H
10/09/2002,Arsenal,Man City,2,1,H
10/09/2002,Middlesboro,Sunderland,3,0,H
11/09/2002,Aston Villa,Charlton,2,0,H
11/09/2002,Blackburn,Chelsea,2,3,NH
11/09/2002,Fulham,Tottenham,3,2,H
11/09/2002,Liverpool,Birmingham,2,2,NH
11/09/2002,Man United,Bolton,0,1,NH
11/09/2002,Newcastle,Leeds,0,2,NH
11/09/2002,Southampton,Everton,1,0,H
11/09/2002,West Ham,West Brom,0,1,NH
14/09/2002,Bolton,Liverpool,2,3,NH
14/09/2002,Charlton,Arsenal,0,3,NH
14/09/2002,Chelsea,Newcastle,3,0,H
14/09/2002,Everton,Middlesboro,2,1,H
14/09/2002,Leeds,Man United,1,0,H
14/09/2002,Sunderland,Fulham,0,3,NH
14/09/2002,West Brom,Southampton,1,0,H
15/09/2002,Man City,Blackburn,2,2,NH
15/09/2002,Tottenham,West Ham,3,2,H
16/09/2002,Birmingham,Aston Villa,3,0,H
21/09/2002,Arsenal,Bolton,2,1,H
21/09/2002,Liverpool,West Brom,2,0,H
21/09/2002,Man United,Tottenham,1,0,H
21/09/2002,Middlesboro,Birmingham,1,0,H
21/09/2002,Newcastle,Sunderland,2,0,H
21/09/2002,Southampton,Charlton,0,0,NH
21/09/2002,West Ham,Man City,0,0,NH
22/09/2002,Aston Villa,Everton,3,2,H
22/09/2002,Blackburn,Leeds,1,0,H
23/09/2002,Fulham,Chelsea,0,0,NH
28/09/2002,Birmingham,Newcastle,0,2,NH
28/09/2002,Bolton,Southampton,1,1,NH
28/09/2002,Charlton,Man United,1,3,NH
28/09/2002,Chelsea,West Ham,2,3,NH
28/09/2002,Everton,Fulham,2,0,H
28/09/2002,Leeds,Arsenal,1,4,NH
28/09/2002,Man City,Liverpool,0,3,NH
28/09/2002,Sunderland,Aston Villa,1,0,H
28/09/2002,Tottenham,Middlesboro,0,3,NH
30/09/2002,West Brom,Blackburn,0,2,NH
05/10/2002,Middlesboro,Bolton,2,0,H
05/10/2002,Newcastle,West Brom,2,1,H
05/10/2002,Southampton,Man City,2,0,H
05/10/2002,West Ham,Birmingham,1,2,NH
06/10/2002,Arsenal,Sunderland,3,1,H
06/10/2002,Aston Villa,Leeds,0,0,NH
06/10/2002,Blackburn,Tottenham,1,2,NH
06/10/2002,Fulham,Charlton,1,0,H
06/10/2002,Liverpool,Chelsea,1,0,H
07/10/2002,Man United,Everton,3,0,H
19/10/2002,Blackburn,Newcastle,5,2,H
19/10/2002,Everton,Arsenal,2,1,H
19/10/2002,Fulham,Man United,1,1,NH
19/10/2002,Leeds,Liverpool,0,1,NH
19/10/2002,Man City,Chelsea,0,3,NH
19/10/2002,Sunderland,West Ham,0,1,NH
19/10/2002,West Brom,Birmingham,1,1,NH
20/10/2002,Charlton,Middlesboro,1,0,H
20/10/2002,Tottenham,Bolton,3,1,H
21/10/2002,Aston Villa,Southampton,0,1,NH
23/10/2002,Fulham,West Ham,0,1,NH
26/10/2002,Arsenal,Blackburn,1,2,NH
26/10/2002,Birmingham,Man City,0,2,NH
26/10/2002,Chelsea,West Brom,2,0,H
26/10/2002,Liverpool,Tottenham,2,1,H
26/10/2002,Man United,Aston Villa,1,1,NH
26/10/2002,Middlesboro,Leeds,2,2,NH
26/10/2002,Newcastle,Charlton,2,1,H
27/10/2002,Southampton,Fulham,4,2,H
27/10/2002,West Ham,Everton,0,1,NH
28/10/2002,Bolton,Sunderland,1,1,NH
02/11/2002,Birmingham,Bolton,3,1,H
02/11/2002,Liverpool,West Ham,2,0,H
02/11/2002,Man United,Southampton,2,1,H
02/11/2002,West Brom,Man City,1,2,NH
03/11/2002,Blackburn,Aston Villa,0,0,NH
03/11/2002,Charlton,Sunderland,1,1,NH
03/11/2002,Fulham,Arsenal,0,1,NH
03/11/2002,Leeds,Everton,0,1,NH
03/11/2002,Tottenham,Chelsea,0,0,NH
04/11/2002,Newcastle,Middlesboro,2,0,H
09/11/2002,Arsenal,Newcastle,1,0,H
09/11/2002,Aston Villa,Fulham,3,1,H
09/11/2002,Bolton,West Brom,1,1,NH
09/11/2002,Chelsea,Birmingham,3,0,H
09/11/2002,Everton,Charlton,1,0,H
09/11/2002,Man City,Man United,3,1,H
09/11/2002,Middlesboro,Liverpool,1,0,H
09/11/2002,Southampton,Blackburn,1,1,NH
10/11/2002,Sunderland,Tottenham,2,0,H
10/11/2002,West Ham,Leeds,3,4,NH
16/11/2002,Arsenal,Tottenham,3,0,H
16/11/2002,Chelsea,Middlesboro,1,0,H
16/11/2002,Man City,Charlton,0,1,NH
16/11/2002,Newcastle,Southampton,2,1,H
16/11/2002,West Brom,Aston Villa,0,0,NH
17/11/2002,Birmingham,Fulham,0,0,NH
17/11/2002,Blackburn,Everton,0,1,NH
17/11/2002,Leeds,Bolton,2,4,NH
17/11/2002,Liverpool,Sunderland,0,0,NH
17/11/2002,West Ham,Man United,1,1,NH
23/11/2002,Aston Villa,West Ham,4,1,H
23/11/2002,Bolton,Chelsea,1,1,NH
23/11/2002,Everton,West Brom,1,0,H
23/11/2002,Fulham,Liverpool,3,2,H
23/11/2002,Man United,Newcastle,5,3,H
23/11/2002,Middlesboro,Man City,3,1,H
23/11/2002,Southampton,Arsenal,3,2,H
23/11/2002,Sunderland,Birmingham,0,1,NH
24/11/2002,Charlton,Blackburn,3,1,H
24/11/2002,Tottenham,Leeds,2,0,H
30/11/2002,Arsenal,Aston Villa,3,1,H
30/11/2002,Birmingham,Tottenham,1,1,NH
30/11/2002,Blackburn,Fulham,2,1,H
30/11/2002,Chelsea,Sunderland,3,0,H
30/11/2002,Man City,Bolton,2,0,H
30/11/2002,West Brom,Middlesboro,1,0,H
01/12/2002,Leeds,Charlton,1,2,NH
01/12/2002,Liverpool,Man United,1,2,NH
01/12/2002,Newcastle,Everton,2,1,H
02/12/2002,West Ham,Southampton,0,1,NH
07/12/2002,Aston Villa,Newcastle,0,1,NH
07/12/2002,Bolton,Blackburn,1,1,NH
07/12/2002,Charlton,Liverpool,2,0,H
07/12/2002,Everton,Chelsea,1,3,NH
07/12/2002,Fulham,Leeds,1,0,H
07/12/2002,Man United,Arsenal,2,0,H
07/12/2002,Middlesboro,West Ham,2,2,NH
07/12/2002,Southampton,Birmingham,2,0,H
08/12/2002,Tottenham,West Brom,3,1,H
09/12/2002,Sunderland,Man City,0,3,NH
14/12/2002,Aston Villa,West Brom,2,1,H
14/12/2002,Charlton,Man City,2,2,NH
14/12/2002,Everton,Blackburn,2,1,H
14/12/2002,Man United,West Ham,3,0,H
14/12/2002,Middlesboro,Chelsea,1,1,NH
14/12/2002,Southampton,Newcastle,1,1,NH
15/12/2002,Fulham,Birmingham,0,1,NH
15/12/2002,Sunderland,Liverpool,2,1,H
15/12/2002,Tottenham,Arsenal,1,1,NH
16/12/2002,Bolton,Leeds,0,3,NH
21/12/2002,Arsenal,Middlesboro,2,0,H
21/12/2002,Birmingham,Charlton,1,1,NH
21/12/2002,Chelsea,Aston Villa,2,0,H
21/12/2002,Leeds,Southampton,1,1,NH
21/12/2002,Newcastle,Fulham,2,0,H
21/12/2002,West Brom,Sunderland,2,2,NH
21/12/2002,West Ham,Bolton,1,1,NH
22/12/2002,Blackburn,Man United,1,0,H
22/12/2002,Liverpool,Everton,0,0,NH
23/12/2002,Man City,Tottenham,2,3,NH
26/12/2002,Birmingham,Everton,1,1,NH
26/12/2002,Bolton,Newcastle,4,3,H
26/12/2002,Chelsea,Southampton,0,0,NH
26/12/2002,Liverpool,Blackburn,1,1,NH
26/12/2002,Man City,Aston Villa,3,1,H
26/12/2002,Middlesboro,Man United,3,1,H
26/12/2002,Sunderland,Leeds,1,2,NH
26/12/2002,Tottenham,Charlton,2,2,NH
26/12/2002,West Brom,Arsenal,1,2,NH
26/12/2002,West Ham,Fulham,1,1,NH
28/12/2002,Aston Villa,Middlesboro,1,0,H
28/12/2002,Blackburn,West Ham,2,2,NH
28/12/2002,Charlton,West Brom,1,0,H
28/12/2002,Everton,Bolton,0,0,NH
28/12/2002,Fulham,Man City,0,1,NH
28/12/2002,Leeds,Chelsea,2,0,H
28/12/2002,Man United,Birmingham,2,0,H
28/12/2002,Southampton,Sunderland,2,1,H
29/12/2002,Arsenal,Liverpool,1,1,NH
29/12/2002,Newcastle,Tottenham,2,1,H
01/01/2003,Arsenal,Chelsea,3,2,H
01/01/2003,Aston Villa,Bolton,2,0,H
01/01/2003,Blackburn,Middlesboro,1,0,H
01/01/2003,Everton,Man City,2,2,NH
01/01/2003,Leeds,Birmingham,2,0,H
01/01/2003,Man United,Sunderland,2,1,H
01/01/2003,Newcastle,Liverpool,1,0,H
01/01/2003,Southampton,Tottenham,1,0,H
11/01/2003,Bolton,Fulham,0,0,NH
11/01/2003,Chelsea,Charlton,4,1,H
11/01/2003,Liverpool,Aston Villa,1,1,NH
11/01/2003,Man City,Leeds,2,1,H
11/01/2003,Middlesboro,Southampton,2,2,NH
11/01/2003,Sunderland,Blackburn,0,0,NH
11/01/2003,West Brom,Man United,1,3,NH
11/01/2003,West Ham,Newcastle,2,2,NH
12/01/2003,Birmingham,Arsenal,0,4,NH
12/01/2003,Tottenham,Everton,4,3,H
18/01/2003,Aston Villa,Tottenham,0,1,NH
18/01/2003,Blackburn,Birmingham,1,1,NH
18/01/2003,Charlton,Bolton,1,1,NH
18/01/2003,Everton,Sunderland,2,1,H
18/01/2003,Leeds,West Brom,0,0,NH
18/01/2003,Man United,Chelsea,2,1,H
18/01/2003,Newcastle,Man City,2,0,H
18/01/2003,Southampton,Liverpool,0,1,NH
19/01/2003,Arsenal,West Ham,3,1,H
19/01/2003,Fulham,Middlesboro,1,0,H
22/01/2003,Charlton,West Ham,4,2,H
22/01/2003,Newcastle,Bolton,1,0,H
28/01/2003,Bolton,Everton,1,2,NH
28/01/2003,Chelsea,Leeds,3,2,H
28/01/2003,Middlesboro,Aston Villa,2,5,NH
28/01/2003,Sunderland,Southampton,0,1,NH
29/01/2003,Liverpool,Arsenal,2,2,NH
29/01/2003,Man City,Fulham,4,1,H
29/01/2003,Tottenham,Newcastle,0,1,NH
29/01/2003,West Brom,Charlton,0,1,NH
29/01/2003,West Ham,Blackburn,2,1,H
01/02/2003,Arsenal,Fulham,2,1,H
01/02/2003,Bolton,Birmingham,4,2,H
01/02/2003,Chelsea,Tottenham,1,1,NH
01/02/2003,Everton,Leeds,2,0,H
01/02/2003,Man City,West Brom,1,2,NH
01/02/2003,Southampton,Man United,0,2,NH
01/02/2003,Sunderland,Charlton,1,3,NH
02/02/2003,Aston Villa,Blackburn,3,0,H
02/02/2003,West Ham,Liverpool,0,3,NH
04/02/2003,Birmingham,Man United,0,1,NH
08/02/2003,Birmingham,Chelsea,1,3,NH
08/02/2003,Blackburn,Southampton,1,0,H
08/02/2003,Charlton,Everton,2,1,H
08/02/2003,Fulham,Aston Villa,2,1,H
08/02/2003,Leeds,West Ham,1,0,H
08/02/2003,Liverpool,Middlesboro,1,1,NH
08/02/2003,Tottenham,Sunderland,4,1,H
08/02/2003,West Brom,Bolton,1,1,NH
09/02/2003,Man United,Man City,1,1,NH
09/02/2003,Newcastle,Arsenal,1,1,NH
19/02/2003,Fulham,West Brom,3,0,H
22/02/2003,Bolton,Man United,1,1,NH
22/02/2003,Charlton,Aston Villa,3,0,H
22/02/2003,Chelsea,Blackburn,1,2,NH
22/02/2003,Everton,Southampton,2,1,H
22/02/2003,Leeds,Newcastle,0,3,NH
22/02/2003,Man City,Arsenal,1,5,NH
22/02/2003,Sunderland,Middlesboro,1,3,NH
23/02/2003,Birmingham,Liverpool,2,1,H
23/02/2003,West Brom,West Ham,1,2,NH
24/02/2003,Tottenham,Fulham,1,1,NH
01/03/2003,Blackburn,Man City,1,0,H
01/03/2003,Fulham,Sunderland,1,0,H
01/03/2003,Middlesboro,Everton,1,1,NH
01/03/2003,Newcastle,Chelsea,2,1,H
01/03/2003,Southampton,West Brom,1,0,H
01/03/2003,West Ham,Tottenham,2,0,H
02/03/2003,Arsenal,Charlton,2,0,H
03/03/2003,Aston Villa,Birmingham,0,2,NH
05/03/2003,Man United,Leeds,2,1,H
05/03/2003,Middlesboro,Newcastle,1,0,H
08/03/2003,Liverpool,Bolton,2,0,H
15/03/2003,Aston Villa,Man United,0,1,NH
15/03/2003,Blackburn,Arsenal,2,0,H
15/03/2003,Charlton,Newcastle,0,2,NH
15/03/2003,Everton,West Ham,0,0,NH
15/03/2003,Fulham,Southampton,2,2,NH
15/03/2003,Leeds,Middlesboro,2,3,NH
15/03/2003,Sunderland,Bolton,0,2,NH
16/03/2003,Man City,Birmingham,1,0,H
16/03/2003,Tottenham,Liverpool,2,3,NH
16/03/2003,West Brom,Chelsea,0,2,NH
22/03/2003,Birmingham,West Brom,1,0,H
22/03/2003,Chelsea,Man City,5,0,H
22/03/2003,Man United,Fulham,3,0,H
22/03/2003,Middlesboro,Charlton,1,1,NH
22/03/2003,Newcastle,Blackburn,5,1,H
22/03/2003,Southampton,Aston Villa,2,2,NH
22/03/2003,West Ham,Sunderland,2,0,H
23/03/2003,Arsenal,Everton,2,1,H
23/03/2003,Liverpool,Leeds,3,1,H
24/03/2003,Bolton,Tottenham,1,0,H
05/04/2003,Aston Villa,Arsenal,1,1,NH
05/04/2003,Bolton,Man City,2,0,H
05/04/2003,Charlton,Leeds,1,6,NH
05/04/2003,Man United,Liverpool,4,0,H
05/04/2003,Middlesboro,West Brom,3,0,H
05/04/2003,Southampton,West Ham,1,1,NH
05/04/2003,Sunderland,Chelsea,1,2,NH
05/04/2003,Tottenham,Birmingham,2,1,H
06/04/2003,Everton,Newcastle,2,1,H
07/04/2003,Fulham,Blackburn,0,4,NH
12/04/2003,Birmingham,Sunderland,2,0,H
12/04/2003,Blackburn,Charlton,1,0,H
12/04/2003,Chelsea,Bolton,1,0,H
12/04/2003,Leeds,Tottenham,2,2,NH
12/04/2003,Liverpool,Fulham,2,0,H
12/04/2003,Man City,Middlesboro,0,0,NH
12/04/2003,Newcastle,Man United,2,6,NH
12/04/2003,West Brom,Everton,1,2,NH
12/04/2003,West Ham,Aston Villa,2,2,NH
16/04/2003,Arsenal,Man United,2,2,NH
18/04/2003,Tottenham,Man City,0,2,NH
19/04/2003,Aston Villa,Chelsea,2,1,H
19/04/2003,Bolton,West Ham,1,0,H
19/04/2003,Charlton,Birmingham,0,2,NH
19/04/2003,Everton,Liverpool,1,2,NH
19/04/2003,Fulham,Newcastle,2,1,H
19/04/2003,Man United,Blackburn,3,1,H
19/04/2003,Middlesboro,Arsenal,0,2,NH
19/04/2003,Southampton,Leeds,3,2,H
19/04/2003,Sunderland,West Brom,1,2,NH
21/04/2003,Birmingham,Southampton,3,2,H
21/04/2003,Blackburn,Bolton,0,0,NH
21/04/2003,Chelsea,Everton,4,1,H
21/04/2003,Liverpool,Charlton,2,1,H
21/04/2003,Man City,Sunderland,3,0,H
21/04/2003,Newcastle,Aston Villa,1,1,NH
21/04/2003,West Brom,Tottenham,2,3,NH
21/04/2003,West Ham,Middlesboro,1,0,H
22/04/2003,Leeds,Fulham,2,0,H
26/04/2003,Birmingham,Middlesboro,3,0,H
26/04/2003,Bolton,Arsenal,2,2,NH
26/04/2003,Charlton,Southampton,2,1,H
26/04/2003,Chelsea,Fulham,1,1,NH
26/04/2003,Everton,Aston Villa,2,1,H
26/04/2003,Leeds,Blackburn,2,3,NH
26/04/2003,Sunderland,Newcastle,0,1,NH
26/04/2003,West Brom,Liverpool,0,6,NH
27/04/2003,Man City,West Ham,0,1,NH
27/04/2003,Tottenham,Man United,0,2,NH
03/05/2003,Aston Villa,Sunderland,1,0,H
03/05/2003,Blackburn,West Brom,1,1,NH
03/05/2003,Fulham,Everton,2,0,H
03/05/2003,Liverpool,Man City,1,2,NH
03/05/2003,Man United,Charlton,4,1,H
03/05/2003,Middlesboro,Tottenham,5,1,H
03/05/2003,Newcastle,Birmingham,1,0,H
03/05/2003,Southampton,Bolton,0,0,NH
03/05/2003,West Ham,Chelsea,1,0,H
04/05/2003,Arsenal,Leeds,2,3,NH
07/05/2003,Arsenal,Southampton,6,1,H
11/05/2003,Birmingham,West Ham,2,2,NH
11/05/2003,Bolton,Middlesboro,2,1,H
11/05/2003,Charlton,Fulham,0,1,NH
11/05/2003,Chelsea,Liverpool,2,1,H
11/05/2003,Everton,Man United,1,2,NH
11/05/2003,Leeds,Aston Villa,3,1,H
11/05/2003,Man City,Southampton,0,1,NH
11/05/2003,Sunderland,Arsenal,0,4,NH
11/05/2003,Tottenham,Blackburn,0,4,NH
11/05/2003,West Brom,Newcastle,2,2,NH
16/08/03,Arsenal,Everton,2,1,H
16/08/03,Birmingham,Tottenham,1,0,H
16/08/03,Blackburn,Wolves,5,1,H
16/08/03,Fulham,Middlesbrough,3,2,H
16/08/03,Leicester,Southampton,2,2,NH
16/08/03,Man United,Bolton,4,0,H
16/08/03,Portsmouth,Aston Villa,2,1,H
17/08/03,Charlton,Man City,0,3,NH
17/08/03,Leeds,Newcastle,2,2,NH
17/08/03,Liverpool,Chelsea,1,2,NH
23/08/03,Bolton,Blackburn,2,2,NH
23/08/03,Chelsea,Leicester,2,1,H
23/08/03,Everton,Fulham,3,1,H
23/08/03,Man City,Portsmouth,1,1,NH
23/08/03,Newcastle,Man United,1,2,NH
23/08/03,Southampton,Birmingham,0,0,NH
23/08/03,Tottenham,Leeds,2,1,H
23/08/03,Wolves,Charlton,0,4,NH
24/08/03,Aston Villa,Liverpool,0,0,NH
24/08/03,Middlesbrough,Arsenal,0,4,NH
25/08/03,Blackburn,Man City,2,3,NH
26/08/03,Charlton,Everton,2,2,NH
26/08/03,Leeds,Southampton,0,0,NH
26/08/03,Leicester,Middlesbrough,0,0,NH
26/08/03,Portsmouth,Bolton,4,0,H
27/08/03,Arsenal,Aston Villa,2,0,H
27/08/03,Liverpool,Tottenham,0,0,NH
27/08/03,Man United,Wolves,1,0,H
30/08/03,Aston Villa,Leicester,3,1,H
30/08/03,Bolton,Charlton,0,0,NH
30/08/03,Chelsea,Blackburn,2,2,NH
30/08/03,Everton,Liverpool,0,3,NH
30/08/03,Middlesbrough,Leeds,2,3,NH
30/08/03,Newcastle,Birmingham,0,1,NH
30/08/03,Tottenham,Fulham,0,3,NH
30/08/03,Wolves,Portsmouth,0,0,NH
31/08/03,Man City,Arsenal,1,2,NH
31/08/03,Southampton,Man United,1,0,H
13/09/03,Arsenal,Portsmouth,1,1,NH
13/09/03,Blackburn,Liverpool,1,3,NH
13/09/03,Bolton,Middlesbrough,2,0,H
13/09/03,Charlton,Man United,0,2,NH
13/09/03,Chelsea,Tottenham,4,2,H
13/09/03,Everton,Newcastle,2,2,NH
13/09/03,Southampton,Wolves,2,0,H
14/09/03,Birmingham,Fulham,2,2,NH
14/09/03,Man City,Aston Villa,4,1,H
15/09/03,Leicester,Leeds,4,0,H
20/09/03,Aston Villa,Charlton,2,1,H
20/09/03,Fulham,Man City,2,2,NH
20/09/03,Leeds,Birmingham,0,2,NH
20/09/03,Liverpool,Leicester,2,1,H
20/09/03,Newcastle,Bolton,0,0,NH
20/09/03,Portsmouth,Blackburn,1,2,NH
20/09/03,Tottenham,Southampton,1,3,NH
20/09/03,Wolves,Chelsea,0,5,NH
21/09/03,Man United,Arsenal,0,0,NH
21/09/03,Middlesbrough,Everton,1,0,H
26/09/03,Arsenal,Newcastle,3,2,H
27/09/03,Birmingham,Portsmouth,2,0,H
27/09/03,Bolton,Wolves,1,1,NH
27/09/03,Chelsea,Aston Villa,1,0,H
27/09/03,Leicester,Man United,1,4,NH
27/09/03,Southampton,Middlesbrough,0,1,NH
28/09/03,Blackburn,Fulham,0,2,NH
28/09/03,Charlton,Liverpool,3,2,H
28/09/03,Everton,Leeds,4,0,H
28/09/03,Man City,Tottenham,0,0,NH
04/10/03,Fulham,Leicester,2,0,H
04/10/03,Leeds,Blackburn,2,1,H
04/10/03,Liverpool,Arsenal,1,2,NH
04/10/03,Man United,Birmingham,3,0,H
04/10/03,Newcastle,Southampton,1,0,H
04/10/03,Portsmouth,Charlton,1,2,NH
04/10/03,Tottenham,Everton,3,0,H
04/10/03,Wolves,Man City,1,0,H
05/10/03,Aston Villa,Bolton,1,1,NH
05/10/03,Middlesbrough,Chelsea,1,2,NH
14/10/03,Birmingham,Chelsea,0,0,NH
18/10/03,Arsenal,Chelsea,2,1,H
18/10/03,Fulham,Wolves,0,0,NH
18/10/03,Leeds,Man United,0,1,NH
18/10/03,Man City,Bolton,6,2,H
18/10/03,Middlesbrough,Newcastle,0,1,NH
18/10/03,Portsmouth,Liverpool,1,0,H
19/10/03,Birmingham,Aston Villa,0,0,NH
19/10/03,Everton,Southampton,0,0,NH
19/10/03,Leicester,Tottenham,1,2,NH
20/10/03,Blackburn,Charlton,0,1,NH
21/10/03,Fulham,Newcastle,2,3,NH
25/10/03,Aston Villa,Everton,0,0,NH
25/10/03,Bolton,Birmingham,0,1,NH
25/10/03,Chelsea,Man City,1,0,H
25/10/03,Liverpool,Leeds,3,1,H
25/10/03,Man United,Fulham,1,3,NH
25/10/03,Newcastle,Portsmouth,3,0,H
25/10/03,Southampton,Blackburn,2,0,H
25/10/03,Wolves,Leicester,4,3,H
26/10/03,Charlton,Arsenal,1,1,NH
26/10/03,Tottenham,Middlesbrough,0,0,NH
01/11/03,Everton,Chelsea,0,1,NH
01/11/03,Leeds,Arsenal,1,4,NH
01/11/03,Man United,Portsmouth,3,0,H
01/11/03,Middlesbrough,Wolves,2,0,H
01/11/03,Newcastle,Aston Villa,1,1,NH
01/11/03,Southampton,Man City,0,2,NH
01/11/03,Tottenham,Bolton,0,1,NH
02/11/03,Fulham,Liverpool,1,2,NH
02/11/03,Leicester,Blackburn,2,0,H
03/11/03,Birmingham,Charlton,1,2,NH
08/11/03,Arsenal,Tottenham,2,1,H
08/11/03,Aston Villa,Middlesbrough,0,2,NH
08/11/03,Bolton,Southampton,0,0,NH
08/11/03,Charlton,Fulham,3,1,H
08/11/03,Portsmouth,Leeds,6,1,H
08/11/03,Wolves,Birmingham,1,1,NH
09/11/03,Chelsea,Newcastle,5,0,H
09/11/03,Liverpool,Man United,1,2,NH
09/11/03,Man City,Leicester,0,3,NH
10/11/03,Blackburn,Everton,2,1,H
22/11/03,Birmingham,Arsenal,0,3,NH
22/11/03,Everton,Wolves,2,0,H
22/11/03,Leeds,Bolton,0,2,NH
22/11/03,Leicester,Charlton,1,1,NH
22/11/03,Man United,Blackburn,2,1,H
22/11/03,Middlesbrough,Liverpool,0,0,NH
22/11/03,Newcastle,Man City,3,0,H
22/11/03,Southampton,Chelsea,0,1,NH
23/11/03,Tottenham,Aston Villa,2,1,H
24/11/03,Fulham,Portsmouth,2,0,H
29/11/03,Aston Villa,Southampton,1,0,H
29/11/03,Blackburn,Tottenham,1,0,H
29/11/03,Bolton,Everton,2,0,H
29/11/03,Charlton,Leeds,0,1,NH
29/11/03,Portsmouth,Leicester,0,2,NH
29/11/03,Wolves,Newcastle,1,1,NH
30/11/03,Arsenal,Fulham,0,0,NH
30/11/03,Chelsea,Man United,1,0,H
30/11/03,Liverpool,Birmingham,3,1,H
30/11/03,Man City,Middlesbrough,0,1,NH
06/12/03,Birmingham,Blackburn,0,4,NH
06/12/03,Fulham,Bolton,2,1,H
06/12/03,Leeds,Chelsea,1,1,NH
06/12/03,Leicester,Arsenal,1,1,NH
06/12/03,Man United,Aston Villa,4,0,H
06/12/03,Middlesbrough,Portsmouth,0,0,NH
06/12/03,Newcastle,Liverpool,1,1,NH
06/12/03,Tottenham,Wolves,5,2,H
07/12/03,Everton,Man City,0,0,NH
07/12/03,Southampton,Charlton,3,2,H
13/12/03,Chelsea,Bolton,1,2,NH
13/12/03,Leicester,Birmingham,0,2,NH
13/12/03,Liverpool,Southampton,1,2,NH
13/12/03,Man United,Man City,3,1,H
13/12/03,Middlesbrough,Charlton,0,0,NH
13/12/03,Newcastle,Tottenham,4,0,H
13/12/03,Portsmouth,Everton,1,2,NH
14/12/03,Arsenal,Blackburn,1,0,H
14/12/03,Aston Villa,Wolves,3,2,H
14/12/03,Leeds,Fulham,3,2,H
20/12/03,Blackburn,Aston Villa,0,2,NH
20/12/03,Bolton,Arsenal,1,1,NH
20/12/03,Charlton,Newcastle,0,0,NH
20/12/03,Everton,Leicester,3,2,H
20/12/03,Fulham,Chelsea,0,1,NH
21/12/03,Southampton,Portsmouth,3,0,H
21/12/03,Tottenham,Man United,1,2,NH
22/12/03,Man City,Leeds,1,1,NH
26/12/03,Arsenal,Wolves,3,0,H
26/12/03,Birmingham,Man City,2,1,H
26/12/03,Blackburn,Middlesbrough,2,2,NH
26/12/03,Charlton,Chelsea,4,2,H
26/12/03,Fulham,Southampton,2,0,H
26/12/03,Leeds,Aston Villa,0,0,NH
26/12/03,Leicester,Newcastle,1,1,NH
26/12/03,Liverpool,Bolton,3,1,H
26/12/03,Man United,Everton,3,2,H
26/12/03,Portsmouth,Tottenham,2,0,H
28/12/03,Aston Villa,Fulham,3,0,H
28/12/03,Bolton,Leicester,2,2,NH
28/12/03,Chelsea,Portsmouth,3,0,H
28/12/03,Everton,Birmingham,1,0,H
28/12/03,Man City,Liverpool,2,2,NH
28/12/03,Middlesbrough,Man United,0,1,NH
28/12/03,Newcastle,Blackburn,0,1,NH
28/12/03,Tottenham,Charlton,0,1,NH
28/12/03,Wolves,Leeds,3,1,H
29/12/03,Southampton,Arsenal,0,1,NH
06/01/04,Aston Villa,Portsmouth,2,1,H
07/01/04,Bolton,Man United,1,2,NH
07/01/04,Chelsea,Liverpool,0,1,NH
07/01/04,Everton,Arsenal,1,1,NH
07/01/04,Man City,Charlton,1,1,NH
07/01/04,Middlesbrough,Fulham,2,1,H
07/01/04,Newcastle,Leeds,1,0,H
07/01/04,Southampton,Leicester,0,0,NH
07/01/04,Tottenham,Birmingham,4,1,H
07/01/04,Wolves,Blackburn,2,2,NH
10/01/04,Arsenal,Middlesbrough,4,1,H
10/01/04,Birmingham,Southampton,2,1,H
10/01/04,Blackburn,Bolton,3,4,NH
10/01/04,Charlton,Wolves,2,0,H
10/01/04,Fulham,Everton,2,1,H
10/01/04,Leeds,Tottenham,0,1,NH
10/01/04,Liverpool,Aston Villa,1,0,H
10/01/04,Portsmouth,Man City,4,2,H
11/01/04,Leicester,Chelsea,0,4,NH
11/01/04,Man United,Newcastle,0,0,NH
17/01/04,Bolton,Portsmouth,1,0,H
17/01/04,Everton,Charlton,0,1,NH
17/01/04,Man City,Blackburn,1,1,NH
17/01/04,Middlesbrough,Leicester,3,3,NH
17/01/04,Southampton,Leeds,2,1,H
17/01/04,Tottenham,Liverpool,2,1,H
17/01/04,Wolves,Man United,1,0,H
18/01/04,Aston Villa,Arsenal,0,2,NH
18/01/04,Chelsea,Birmingham,0,0,NH
19/01/04,Newcastle,Fulham,3,1,H
21/01/04,Wolves,Liverpool,1,1,NH
31/01/04,Birmingham,Newcastle,1,1,NH
31/01/04,Charlton,Bolton,1,2,NH
31/01/04,Fulham,Tottenham,2,1,H
31/01/04,Leeds,Middlesbrough,0,3,NH
31/01/04,Leicester,Aston Villa,0,5,NH
31/01/04,Liverpool,Everton,0,0,NH
31/01/04,Man United,Southampton,3,2,H
31/01/04,Portsmouth,Wolves,0,0,NH
01/02/04,Arsenal,Man City,2,1,H
01/02/04,Blackburn,Chelsea,2,3,NH
07/02/04,Aston Villa,Leeds,2,0,H
07/02/04,Bolton,Liverpool,2,2,NH
07/02/04,Everton,Man United,3,4,NH
07/02/04,Middlesbrough,Blackburn,0,1,NH
07/02/04,Newcastle,Leicester,3,1,H
07/02/04,Southampton,Fulham,0,0,NH
07/02/04,Tottenham,Portsmouth,4,3,H
07/02/04,Wolves,Arsenal,1,3,NH
08/02/04,Chelsea,Charlton,1,0,H
08/02/04,Man City,Birmingham,0,0,NH
10/02/04,Arsenal,Southampton,2,0,H
10/02/04,Leeds,Wolves,4,1,H
10/02/04,Leicester,Bolton,1,1,NH
11/02/04,Birmingham,Everton,3,0,H
11/02/04,Blackburn,Newcastle,1,1,NH
11/02/04,Charlton,Tottenham,2,4,NH
11/02/04,Fulham,Aston Villa,1,2,NH
11/02/04,Liverpool,Man City,2,1,H
11/02/04,Man United,Middlesbrough,2,3,NH
11/02/04,Portsmouth,Chelsea,0,2,NH
21/02/04,Bolton,Man City,1,3,NH
21/02/04,Charlton,Blackburn,3,2,H
21/02/04,Chelsea,Arsenal,1,2,NH
21/02/04,Man United,Leeds,1,1,NH
21/02/04,Newcastle,Middlesbrough,2,1,H
21/02/04,Southampton,Everton,3,3,NH
21/02/04,Wolves,Fulham,2,1,H
22/02/04,Aston Villa,Birmingham,2,2,NH
22/02/04,Tottenham,Leicester,4,4,NH
28/02/04,Arsenal,Charlton,2,1,H
28/02/04,Blackburn,Southampton,1,1,NH
28/02/04,Everton,Aston Villa,2,0,H
28/02/04,Fulham,Man United,1,1,NH
28/02/04,Leicester,Wolves,0,0,NH
28/02/04,Man City,Chelsea,0,1,NH
29/02/04,Leeds,Liverpool,2,2,NH
29/02/04,Portsmouth,Newcastle,1,1,NH
03/03/04,Birmingham,Middlesbrough,3,1,H
06/03/04,Birmingham,Bolton,2,0,H
09/03/04,Middlesbrough,Tottenham,1,0,H
13/03/04,Birmingham,Leicester,0,1,NH
13/03/04,Blackburn,Arsenal,0,2,NH
13/03/04,Bolton,Chelsea,0,2,NH
13/03/04,Charlton,Middlesbrough,1,0,H
13/03/04,Everton,Portsmouth,1,0,H
13/03/04,Fulham,Leeds,2,0,H
14/03/04,Man City,Man United,4,1,H
14/03/04,Southampton,Liverpool,2,0,H
14/03/04,Tottenham,Newcastle,1,0,H
14/03/04,Wolves,Aston Villa,0,4,NH
17/03/04,Liverpool,Portsmouth,3,0,H
20/03/04,Arsenal,Bolton,2,1,H
20/03/04,Aston Villa,Blackburn,0,2,NH
20/03/04,Chelsea,Fulham,2,1,H
20/03/04,Leicester,Everton,1,1,NH
20/03/04,Liverpool,Wolves,1,0,H
20/03/04,Man United,Tottenham,3,0,H
20/03/04,Middlesbrough,Birmingham,5,3,H
20/03/04,Newcastle,Charlton,3,1,H
21/03/04,Portsmouth,Southampton,1,0,H
22/03/04,Leeds,Man City,2,1,H
27/03/04,Birmingham,Leeds,4,1,H
27/03/04,Blackburn,Portsmouth,1,2,NH
27/03/04,Charlton,Aston Villa,1,2,NH
27/03/04,Chelsea,Wolves,5,2,H
27/03/04,Everton,Middlesbrough,1,1,NH
27/03/04,Man City,Fulham,0,0,NH
27/03/04,Southampton,Tottenham,1,0,H
28/03/04,Arsenal,Man United,1,1,NH
28/03/04,Bolton,Newcastle,1,0,H
28/03/04,Leicester,Liverpool,0,0,NH
03/04/04,Fulham,Birmingham,0,0,NH
03/04/04,Middlesbrough,Bolton,2,0,H
03/04/04,Newcastle,Everton,4,2,H
03/04/04,Tottenham,Chelsea,0,1,NH
03/04/04,Wolves,Southampton,1,4,NH
04/04/04,Aston Villa,Man City,1,1,NH
04/04/04,Liverpool,Blackburn,4,0,H
05/04/04,Leeds,Leicester,3,2,H
09/04/04,Arsenal,Liverpool,4,2,H
09/04/04,Everton,Tottenham,3,1,H
10/04/04,Birmingham,Man United,1,2,NH
10/04/04,Blackburn,Leeds,1,2,NH
10/04/04,Bolton,Aston Villa,2,2,NH
10/04/04,Charlton,Portsmouth,1,1,NH
10/04/04,Chelsea,Middlesbrough,0,0,NH
10/04/04,Leicester,Fulham,0,2,NH
10/04/04,Man City,Wolves,3,3,NH
11/04/04,Newcastle,Arsenal,0,0,NH
12/04/04,Aston Villa,Chelsea,3,2,H
12/04/04,Fulham,Blackburn,3,4,NH
12/04/04,Liverpool,Charlton,0,1,NH
12/04/04,Middlesbrough,Southampton,3,1,H
12/04/04,Portsmouth,Birmingham,3,1,H
12/04/04,Tottenham,Man City,1,1,NH
12/04/04,Wolves,Bolton,1,2,NH
13/04/04,Leeds,Everton,1,1,NH
13/04/04,Man United,Leicester,1,0,H
16/04/04,Arsenal,Leeds,5,0,H
17/04/04,Blackburn,Leicester,1,0,H
17/04/04,Bolton,Tottenham,2,0,H
17/04/04,Charlton,Birmingham,1,1,NH
17/04/04,Chelsea,Everton,0,0,NH
17/04/04,Liverpool,Fulham,0,0,NH
17/04/04,Man City,Southampton,1,3,NH
17/04/04,Portsmouth,Man United,1,0,H
17/04/04,Wolves,Middlesbrough,2,0,H
18/04/04,Aston Villa,Newcastle,0,0,NH
20/04/04,Man United,Charlton,2,0,H
24/04/04,Everton,Blackburn,0,1,NH
24/04/04,Fulham,Charlton,2,0,H
24/04/04,Leicester,Man City,1,1,NH
24/04/04,Man United,Liverpool,0,1,NH
24/04/04,Middlesbrough,Aston Villa,1,2,NH
24/04/04,Southampton,Bolton,1,2,NH
25/04/04,Birmingham,Wolves,2,2,NH
25/04/04,Leeds,Portsmouth,1,2,NH
25/04/04,Newcastle,Chelsea,2,1,H
25/04/04,Tottenham,Arsenal,2,2,NH
01/05/04,Arsenal,Birmingham,0,0,NH
01/05/04,Blackburn,Man United,1,0,H
01/05/04,Charlton,Leicester,2,2,NH
01/05/04,Chelsea,Southampton,4,0,H
01/05/04,Man City,Newcastle,1,0,H
01/05/04,Portsmouth,Fulham,1,1,NH
01/05/04,Wolves,Everton,2,1,H
02/05/04,Aston Villa,Tottenham,1,0,H
02/05/04,Bolton,Leeds,4,1,H
02/05/04,Liverpool,Middlesbrough,2,0,H
04/05/04,Portsmouth,Arsenal,1,1,NH
08/05/04,Birmingham,Liverpool,0,3,NH
08/05/04,Everton,Bolton,1,2,NH
08/05/04,Leeds,Charlton,3,3,NH
08/05/04,Leicester,Portsmouth,3,1,H
08/05/04,Man United,Chelsea,1,1,NH
08/05/04,Middlesbrough,Man City,2,1,H
08/05/04,Southampton,Aston Villa,1,1,NH
08/05/04,Tottenham,Blackburn,1,0,H
09/05/04,Fulham,Arsenal,0,1,NH
09/05/04,Newcastle,Wolves,1,1,NH
12/05/04,Southampton,Newcastle,3,3,NH
15/05/04,Arsenal,Leicester,2,1,H
15/05/04,Aston Villa,Man United,0,2,NH
15/05/04,Blackburn,Birmingham,1,1,NH
15/05/04,Bolton,Fulham,0,2,NH
15/05/04,Charlton,Southampton,2,1,H
15/05/04,Chelsea,Leeds,1,0,H
15/05/04,Liverpool,Newcastle,1,1,NH
15/05/04,Man City,Everton,5,1,H
15/05/04,Portsmouth,Middlesbrough,5,1,H
15/05/04,Wolves,Tottenham,0,2,NH
14/08/04,Aston Villa,Southampton,2,0,H
14/08/04,Blackburn,West Brom,1,1,NH
14/08/04,Bolton,Charlton,4,1,H
14/08/04,Man City,Fulham,1,1,NH
14/08/04,Middlesbrough,Newcastle,2,2,NH
14/08/04,Norwich,Crystal Palace,1,1,NH
14/08/04,Portsmouth,Birmingham,1,1,NH
14/08/04,Tottenham,Liverpool,1,1,NH
15/08/04,Chelsea,Man United,1,0,H
15/08/04,Everton,Arsenal,1,4,NH
21/08/04,Birmingham,Chelsea,0,1,NH
21/08/04,Charlton,Portsmouth,2,1,H
21/08/04,Crystal Palace,Everton,1,3,NH
21/08/04,Fulham,Bolton,2,0,H
21/08/04,Liverpool,Man City,2,1,H
21/08/04,Man United,Norwich,2,1,H
21/08/04,Newcastle,Tottenham,0,1,NH
21/08/04,Southampton,Blackburn,3,2,H
22/08/04,Arsenal,Middlesbrough,5,3,H
22/08/04,West Brom,Aston Villa,1,1,NH
24/08/04,Birmingham,Man City,1,0,H
24/08/04,Crystal Palace,Chelsea,0,2,NH
25/08/04,Arsenal,Blackburn,3,0,H
25/08/04,Charlton,Aston Villa,3,0,H
25/08/04,Fulham,Middlesbrough,0,2,NH
25/08/04,Newcastle,Norwich,2,2,NH
25/08/04,Southampton,Bolton,1,2,NH
25/08/04,West Brom,Tottenham,1,1,NH
28/08/04,Aston Villa,Newcastle,4,2,H
28/08/04,Blackburn,Man United,1,1,NH
28/08/04,Chelsea,Southampton,2,1,H
28/08/04,Everton,West Brom,2,1,H
28/08/04,Man City,Charlton,4,0,H
28/08/04,Middlesbrough,Crystal Palace,2,1,H
28/08/04,Norwich,Arsenal,1,4,NH
28/08/04,Tottenham,Birmingham,1,0,H
29/08/04,Bolton,Liverpool,1,0,H
30/08/04,Man United,Everton,0,0,NH
30/08/04,Portsmouth,Fulham,4,3,H
11/09/04,Aston Villa,Chelsea,0,0,NH
11/09/04,Bolton,Man United,2,2,NH
11/09/04,Fulham,Arsenal,0,3,NH
11/09/04,Liverpool,West Brom,3,0,H
11/09/04,Man City,Everton,0,1,NH
11/09/04,Middlesbrough,Birmingham,2,1,H
11/09/04,Newcastle,Blackburn,3,0,H
11/09/04,Portsmouth,Crystal Palace,3,1,H
12/09/04,Tottenham,Norwich,0,0,NH
13/09/04,Charlton,Southampton,0,0,NH
18/09/04,Arsenal,Bolton,2,2,NH
18/09/04,Birmingham,Charlton,1,1,NH
18/09/04,Blackburn,Portsmouth,1,0,H
18/09/04,Crystal Palace,Man City,1,2,NH
18/09/04,Norwich,Aston Villa,0,0,NH
18/09/04,West Brom,Fulham,1,1,NH
19/09/04,Chelsea,Tottenham,0,0,NH
19/09/04,Everton,Middlesbrough,1,0,H
19/09/04,Southampton,Newcastle,1,2,NH
20/09/04,Man United,Liverpool,2,1,H
25/09/04,Aston Villa,Crystal Palace,1,1,NH
25/09/04,Bolton,Birmingham,1,1,NH
25/09/04,Fulham,Southampton,1,0,H
25/09/04,Liverpool,Norwich,3,0,H
25/09/04,Man City,Arsenal,0,1,NH
25/09/04,Middlesbrough,Chelsea,0,1,NH
25/09/04,Newcastle,West Brom,3,1,H
25/09/04,Tottenham,Man United,0,1,NH
26/09/04,Portsmouth,Everton,0,1,NH
27/09/04,Charlton,Blackburn,1,0,H
02/10/04,Arsenal,Charlton,4,0,H
02/10/04,Blackburn,Aston Villa,2,2,NH
02/10/04,Everton,Tottenham,0,1,NH
02/10/04,Norwich,Portsmouth,2,2,NH
02/10/04,Southampton,Man City,0,0,NH
02/10/04,West Brom,Bolton,2,1,H
03/10/04,Birmingham,Newcastle,2,2,NH
03/10/04,Chelsea,Liverpool,1,0,H
03/10/04,Man United,Middlesbrough,1,1,NH
04/10/04,Crystal Palace,Fulham,2,0,H
16/10/04,Arsenal,Aston Villa,3,1,H
16/10/04,Birmingham,Man United,0,0,NH
16/10/04,Blackburn,Middlesbrough,0,4,NH
16/10/04,Bolton,Crystal Palace,1,0,H
16/10/04,Everton,Southampton,1,0,H
16/10/04,Fulham,Liverpool,2,4,NH
16/10/04,Man City,Chelsea,1,0,H
16/10/04,West Brom,Norwich,0,0,NH
17/10/04,Charlton,Newcastle,1,1,NH
18/10/04,Portsmouth,Tottenham,1,0,H
23/10/04,Aston Villa,Fulham,2,0,H
23/10/04,Chelsea,Blackburn,4,0,H
23/10/04,Crystal Palace,West Brom,3,0,H
23/10/04,Liverpool,Charlton,2,0,H
23/10/04,Norwich,Everton,2,3,NH
23/10/04,Tottenham,Bolton,1,2,NH
24/10/04,Man United,Arsenal,2,0,H
24/10/04,Middlesbrough,Portsmouth,1,1,NH
24/10/04,Newcastle,Man City,4,3,H
24/10/04,Southampton,Birmingham,0,0,NH
30/10/04,Arsenal,Southampton,2,2,NH
30/10/04,Birmingham,Crystal Palace,0,1,NH
30/10/04,Blackburn,Liverpool,2,2,NH
30/10/04,Charlton,Middlesbrough,1,2,NH
30/10/04,Everton,Aston Villa,1,1,NH
30/10/04,Fulham,Tottenham,2,0,H
30/10/04,Portsmouth,Man United,2,0,H
30/10/04,West Brom,Chelsea,1,4,NH
31/10/04,Bolton,Newcastle,2,1,H
01/11/04,Man City,Norwich,1,1,NH
06/11/04,Aston Villa,Portsmouth,3,0,H
06/11/04,Chelsea,Everton,1,0,H
06/11/04,Crystal Palace,Arsenal,1,1,NH
06/11/04,Liverpool,Birmingham,0,1,NH
06/11/04,Norwich,Blackburn,1,1,NH
06/11/04,Southampton,West Brom,2,2,NH
06/11/04,Tottenham,Charlton,2,3,NH
07/11/04,Man United,Man City,0,0,NH
07/11/04,Middlesbrough,Bolton,1,1,NH
07/11/04,Newcastle,Fulham,1,4,NH
13/11/04,Birmingham,Everton,0,1,NH
13/11/04,Bolton,Aston Villa,1,2,NH
13/11/04,Charlton,Norwich,4,0,H
13/11/04,Fulham,Chelsea,1,4,NH
13/11/04,Liverpool,Crystal Palace,3,2,H
13/11/04,Man City,Blackburn,1,1,NH
13/11/04,Southampton,Portsmouth,2,1,H
13/11/04,Tottenham,Arsenal,4,5,NH
14/11/04,Newcastle,Man United,1,3,NH
14/11/04,West Brom,Middlesbrough,1,2,NH
20/11/04,Arsenal,West Brom,1,1,NH
20/11/04,Chelsea,Bolton,2,2,NH
20/11/04,Crystal Palace,Newcastle,0,2,NH
20/11/04,Everton,Fulham,1,0,H
20/11/04,Man United,Charlton,2,0,H
20/11/04,Middlesbrough,Liverpool,2,0,H
20/11/04,Norwich,Southampton,2,1,H
20/11/04,Portsmouth,Man City,1,3,NH
21/11/04,Blackburn,Birmingham,3,3,NH
22/11/04,Aston Villa,Tottenham,1,0,H
27/11/04,Birmingham,Norwich,1,1,NH
27/11/04,Bolton,Portsmouth,0,1,NH
27/11/04,Charlton,Chelsea,0,4,NH
27/11/04,Fulham,Blackburn,0,2,NH
27/11/04,Man City,Aston Villa,2,0,H
27/11/04,Southampton,Crystal Palace,2,2,NH
27/11/04,West Brom,Man United,0,3,NH
28/11/04,Liverpool,Arsenal,2,1,H
28/11/04,Newcastle,Everton,1,1,NH
28/11/04,Tottenham,Middlesbrough,2,0,H
04/12/04,Arsenal,Birmingham,3,0,H
04/12/04,Aston Villa,Liverpool,1,1,NH
04/12/04,Blackburn,Tottenham,0,1,NH
04/12/04,Chelsea,Newcastle,4,0,H
04/12/04,Everton,Bolton,3,2,H
04/12/04,Man United,Southampton,3,0,H
04/12/04,Norwich,Fulham,0,1,NH
04/12/04,Portsmouth,West Brom,3,2,H
05/12/04,Crystal Palace,Charlton,0,1,NH
06/12/04,Middlesbrough,Man City,3,2,H
11/12/04,Crystal Palace,Blackburn,0,0,NH
11/12/04,Everton,Liverpool,1,0,H
11/12/04,Man City,Tottenham,0,1,NH
11/12/04,Newcastle,Portsmouth,1,1,NH
11/12/04,Norwich,Bolton,3,2,H
11/12/04,Southampton,Middlesbrough,2,2,NH
11/12/04,West Brom,Charlton,0,1,NH
12/12/04,Arsenal,Chelsea,2,2,NH
12/12/04,Aston Villa,Birmingham,1,2,NH
13/12/04,Fulham,Man United,1,1,NH
14/12/04,Liverpool,Portsmouth,1,1,NH
18/12/04,Birmingham,West Brom,4,0,H
18/12/04,Blackburn,Everton,0,0,NH
18/12/04,Bolton,Man City,0,1,NH
18/12/04,Chelsea,Norwich,4,0,H
18/12/04,Man United,Crystal Palace,5,2,H
18/12/04,Middlesbrough,Aston Villa,3,0,H
18/12/04,Tottenham,Southampton,5,1,H
19/12/04,Liverpool,Newcastle,3,1,H
19/12/04,Portsmouth,Arsenal,0,1,NH
20/12/04,Charlton,Fulham,2,1,H
26/12/04,Arsenal,Fulham,2,0,H
26/12/04,Birmingham,Middlesbrough,2,0,H
26/12/04,Blackburn,Newcastle,2,2,NH
26/12/04,Chelsea,Aston Villa,1,0,H
26/12/04,Crystal Palace,Portsmouth,0,1,NH
26/12/04,Everton,Man City,2,1,H
26/12/04,Man United,Bolton,2,0,H
26/12/04,Norwich,Tottenham,0,2,NH
26/12/04,Southampton,Charlton,0,0,NH
26/12/04,West Brom,Liverpool,0,5,NH
28/12/04,Aston Villa,Man United,0,1,NH
28/12/04,Bolton,Blackburn,0,1,NH
28/12/04,Charlton,Everton,2,0,H
28/12/04,Fulham,Birmingham,2,3,NH
28/12/04,Liverpool,Southampton,1,0,H
28/12/04,Man City,West Brom,1,1,NH
28/12/04,Middlesbrough,Norwich,2,0,H
28/12/04,Portsmouth,Chelsea,0,2,NH
28/12/04,Tottenham,Crystal Palace,1,1,NH
29/12/04,Newcastle,Arsenal,0,1,NH
01/01/05,Aston Villa,Blackburn,1,0,H
01/01/05,Bolton,West Brom,1,1,NH
01/01/05,Charlton,Arsenal,1,3,NH
01/01/05,Fulham,Crystal Palace,3,1,H
01/01/05,Liverpool,Chelsea,0,1,NH
01/01/05,Man City,Southampton,2,1,H
01/01/05,Middlesbrough,Man United,0,2,NH
01/01/05,Newcastle,Birmingham,2,1,H
01/01/05,Portsmouth,Norwich,1,1,NH
01/01/05,Tottenham,Everton,5,2,H
03/01/05,Blackburn,Charlton,1,0,H
03/01/05,Crystal Palace,Aston Villa,2,0,H
03/01/05,Norwich,Liverpool,1,2,NH
03/01/05,West Brom,Newcastle,0,0,NH
04/01/05,Arsenal,Man City,1,1,NH
04/01/05,Birmingham,Bolton,1,2,NH
04/01/05,Chelsea,Middlesbrough,2,0,H
04/01/05,Everton,Portsmouth,2,1,H
04/01/05,Man United,Tottenham,0,0,NH
05/01/05,Southampton,Fulham,3,3,NH
15/01/05,Aston Villa,Norwich,3,0,H
15/01/05,Bolton,Arsenal,1,0,H
15/01/05,Charlton,Birmingham,3,1,H
15/01/05,Liverpool,Man United,0,1,NH
15/01/05,Man City,Crystal Palace,3,1,H
15/01/05,Newcastle,Southampton,2,1,H
15/01/05,Portsmouth,Blackburn,0,1,NH
15/01/05,Tottenham,Chelsea,0,2,NH
16/01/05,Fulham,West Brom,1,0,H
16/01/05,Middlesbrough,Everton,1,1,NH
22/01/05,Birmingham,Fulham,1,2,NH
22/01/05,Chelsea,Portsmouth,3,0,H
22/01/05,Crystal Palace,Tottenham,3,0,H
22/01/05,Everton,Charlton,0,1,NH
22/01/05,Man United,Aston Villa,3,1,H
22/01/05,Norwich,Middlesbrough,4,4,NH
22/01/05,Southampton,Liverpool,2,0,H
22/01/05,West Brom,Man City,2,0,H
23/01/05,Arsenal,Newcastle,1,0,H
24/01/05,Blackburn,Bolton,0,1,NH
01/02/05,Arsenal,Man United,2,4,NH
01/02/05,Bolton,Tottenham,3,1,H
01/02/05,Charlton,Liverpool,1,2,NH
01/02/05,Portsmouth,Middlesbrough,2,1,H
01/02/05,West Brom,Crystal Palace,2,2,NH
02/02/05,Birmingham,Southampton,2,1,H
02/02/05,Blackburn,Chelsea,0,1,NH
02/02/05,Everton,Norwich,1,0,H
02/02/05,Fulham,Aston Villa,1,1,NH
02/02/05,Man City,Newcastle,1,1,NH
05/02/05,Aston Villa,Arsenal,1,3,NH
05/02/05,Crystal Palace,Bolton,0,1,NH
05/02/05,Liverpool,Fulham,3,1,H
05/02/05,Man United,Birmingham,2,0,H
05/02/05,Middlesbrough,Blackburn,1,0,H
05/02/05,Newcastle,Charlton,1,1,NH
05/02/05,Norwich,West Brom,3,2,H
05/02/05,Tottenham,Portsmouth,3,1,H
06/02/05,Chelsea,Man City,0,0,NH
06/02/05,Southampton,Everton,2,2,NH
12/02/05,Birmingham,Liverpool,2,0,H
12/02/05,Blackburn,Norwich,3,0,H
12/02/05,Bolton,Middlesbrough,0,0,NH
12/02/05,Everton,Chelsea,0,1,NH
12/02/05,Portsmouth,Aston Villa,1,2,NH
13/02/05,Man City,Man United,0,2,NH
14/02/05,Arsenal,Crystal Palace,5,1,H
22/02/05,West Brom,Southampton,0,0,NH
26/02/05,Aston Villa,Everton,1,3,NH
26/02/05,Crystal Palace,Birmingham,2,0,H
26/02/05,Man United,Portsmouth,2,1,H
26/02/05,Southampton,Arsenal,1,1,NH
26/02/05,Tottenham,Fulham,2,0,H
27/02/05,Middlesbrough,Charlton,2,2,NH
27/02/05,Newcastle,Bolton,2,1,H
28/02/05,Norwich,Man City,2,3,NH
05/03/05,Arsenal,Portsmouth,3,0,H
05/03/05,Aston Villa,Middlesbrough,2,0,H
05/03/05,Crystal Palace,Man United,0,0,NH
05/03/05,Fulham,Charlton,0,0,NH
05/03/05,Newcastle,Liverpool,1,0,H
05/03/05,Norwich,Chelsea,1,3,NH
05/03/05,Southampton,Tottenham,1,0,H
06/03/05,Everton,Blackburn,0,1,NH
06/03/05,West Brom,Birmingham,2,0,H
07/03/05,Man City,Bolton,0,1,NH
15/03/05,Chelsea,West Brom,1,0,H
16/03/05,Charlton,Tottenham,2,0,H
16/03/05,Liverpool,Blackburn,0,0,NH
19/03/05,Blackburn,Arsenal,0,1,NH
19/03/05,Bolton,Norwich,1,0,H
19/03/05,Charlton,West Brom,1,4,NH
19/03/05,Chelsea,Crystal Palace,4,1,H
19/03/05,Man United,Fulham,1,0,H
19/03/05,Portsmouth,Newcastle,1,1,NH
19/03/05,Tottenham,Man City,2,1,H
20/03/05,Birmingham,Aston Villa,2,0,H
20/03/05,Liverpool,Everton,2,1,H
20/03/05,Middlesbrough,Southampton,1,3,NH
02/04/05,Arsenal,Norwich,4,1,H
02/04/05,Birmingham,Tottenham,1,1,NH
02/04/05,Charlton,Man City,2,2,NH
02/04/05,Crystal Palace,Middlesbrough,0,1,NH
02/04/05,Liverpool,Bolton,1,0,H
02/04/05,Man United,Blackburn,0,0,NH
02/04/05,Newcastle,Aston Villa,0,3,NH
02/04/05,Southampton,Chelsea,1,3,NH
03/04/05,Fulham,Portsmouth,3,1,H
03/04/05,West Brom,Everton,1,0,H
09/04/05,Blackburn,Southampton,3,0,H
09/04/05,Bolton,Fulham,3,1,H
09/04/05,Chelsea,Birmingham,1,1,NH
09/04/05,Man City,Liverpool,1,0,H
09/04/05,Middlesbrough,Arsenal,0,1,NH
09/04/05,Norwich,Man United,2,0,H
09/04/05,Portsmouth,Charlton,4,2,H
10/04/05,Aston Villa,West Brom,1,1,NH
10/04/05,Everton,Crystal Palace,4,0,H
10/04/05,Tottenham,Newcastle,1,0,H
16/04/05,Birmingham,Portsmouth,0,0,NH
16/04/05,Charlton,Bolton,1,2,NH
16/04/05,Crystal Palace,Norwich,3,3,NH
16/04/05,Fulham,Man City,1,1,NH
16/04/05,Liverpool,Tottenham,2,2,NH
16/04/05,Southampton,Aston Villa,2,3,NH
19/04/05,Bolton,Southampton,1,1,NH
19/04/05,Middlesbrough,Fulham,1,1,NH
20/04/05,Aston Villa,Charlton,0,0,NH
20/04/05,Blackburn,Crystal Palace,1,0,H
20/04/05,Chelsea,Arsenal,0,0,NH
20/04/05,Everton,Man United,1,0,H
20/04/05,Man City,Birmingham,3,0,H
20/04/05,Norwich,Newcastle,2,1,H
20/04/05,Portsmouth,Liverpool,1,2,NH
20/04/05,Tottenham,West Brom,1,1,NH
23/04/05,Aston Villa,Bolton,1,1,NH
23/04/05,Blackburn,Man City,0,0,NH
23/04/05,Chelsea,Fulham,3,1,H
23/04/05,Crystal Palace,Liverpool,1,0,H
23/04/05,Everton,Birmingham,1,1,NH
23/04/05,Middlesbrough,West Brom,4,0,H
23/04/05,Norwich,Charlton,1,0,H
24/04/05,Man United,Newcastle,2,1,H
24/04/05,Portsmouth,Southampton,4,1,H
25/04/05,Arsenal,Tottenham,1,0,H
26/04/05,West Brom,Blackburn,1,1,NH
27/04/05,Newcastle,Middlesbrough,0,0,NH
30/04/05,Birmingham,Blackburn,2,1,H
30/04/05,Bolton,Chelsea,0,2,NH
30/04/05,Fulham,Everton,2,0,H
30/04/05,Liverpool,Middlesbrough,1,1,NH
30/04/05,Man City,Portsmouth,2,0,H
30/04/05,Newcastle,Crystal Palace,0,0,NH
30/04/05,Southampton,Norwich,4,3,H
01/05/05,Charlton,Man United,0,4,NH
01/05/05,Tottenham,Aston Villa,5,1,H
02/05/05,West Brom,Arsenal,0,2,NH
04/05/05,Fulham,Newcastle,1,3,NH
07/05/05,Aston Villa,Man City,1,2,NH
07/05/05,Blackburn,Fulham,1,3,NH
07/05/05,Chelsea,Charlton,1,0,H
07/05/05,Crystal Palace,Southampton,2,2,NH
07/05/05,Everton,Newcastle,2,0,H
07/05/05,Man United,West Brom,1,1,NH
07/05/05,Middlesbrough,Tottenham,1,0,H
07/05/05,Norwich,Birmingham,1,0,H
07/05/05,Portsmouth,Bolton,1,1,NH
08/05/05,Arsenal,Liverpool,3,1,H
10/05/05,Man United,Chelsea,1,3,NH
11/05/05,Arsenal,Everton,7,0,H
15/05/05,Birmingham,Arsenal,2,1,H
15/05/05,Bolton,Everton,3,2,H
15/05/05,Charlton,Crystal Palace,2,2,NH
15/05/05,Fulham,Norwich,6,0,H
15/05/05,Liverpool,Aston Villa,2,1,H
15/05/05,Man City,Middlesbrough,1,1,NH
15/05/05,Newcastle,Chelsea,1,1,NH
15/05/05,Southampton,Man United,1,2,NH
15/05/05,Tottenham,Blackburn,0,0,NH
15/05/05,West Brom,Portsmouth,2,0,H
13/08/05,Aston Villa,Bolton,2,2,NH
13/08/05,Everton,Man United,0,2,NH
13/08/05,Fulham,Birmingham,0,0,NH
13/08/05,Man City,West Brom,0,0,NH
13/08/05,Middlesbrough,Liverpool,0,0,NH
13/08/05,Portsmouth,Tottenham,0,2,NH
13/08/05,Sunderland,Charlton,1,3,NH
13/08/05,West Ham,Blackburn,3,1,H
14/08/05,Arsenal,Newcastle,2,0,H
14/08/05,Wigan,Chelsea,0,1,NH
20/08/05,Birmingham,Man City,1,2,NH
20/08/05,Blackburn,Fulham,2,1,H
20/08/05,Charlton,Wigan,1,0,H
20/08/05,Liverpool,Sunderland,1,0,H
20/08/05,Man United,Aston Villa,1,0,H
20/08/05,Newcastle,West Ham,0,0,NH
20/08/05,Tottenham,Middlesbrough,2,0,H
20/08/05,West Brom,Portsmouth,2,1,H
21/08/05,Bolton,Everton,0,1,NH
21/08/05,Chelsea,Arsenal,1,0,H
23/08/05,Birmingham,Middlesbrough,0,3,NH
23/08/05,Portsmouth,Aston Villa,1,1,NH
23/08/05,Sunderland,Man City,1,2,NH
24/08/05,Arsenal,Fulham,4,1,H
24/08/05,Blackburn,Tottenham,0,0,NH
24/08/05,Bolton,Newcastle,2,0,H
24/08/05,Chelsea,West Brom,4,0,H
27/08/05,Aston Villa,Blackburn,1,0,H
27/08/05,Fulham,Everton,1,0,H
27/08/05,Man City,Portsmouth,2,1,H
27/08/05,Tottenham,Chelsea,0,2,NH
27/08/05,West Brom,Birmingham,2,3,NH
27/08/05,West Ham,Bolton,1,2,NH
27/08/05,Wigan,Sunderland,1,0,H
28/08/05,Middlesbrough,Charlton,0,3,NH
28/08/05,Newcastle,Man United,0,2,NH
10/09/05,Birmingham,Charlton,0,1,NH
10/09/05,Chelsea,Sunderland,2,0,H
10/09/05,Everton,Portsmouth,0,1,NH
10/09/05,Man United,Man City,1,1,NH
10/09/05,Middlesbrough,Arsenal,2,1,H
10/09/05,Newcastle,Fulham,1,1,NH
10/09/05,Tottenham,Liverpool,0,0,NH
10/09/05,West Brom,Wigan,1,2,NH
11/09/05,Bolton,Blackburn,0,0,NH
12/09/05,West Ham,Aston Villa,4,0,H
17/09/05,Aston Villa,Tottenham,1,1,NH
17/09/05,Charlton,Chelsea,0,2,NH
17/09/05,Fulham,West Ham,1,2,NH
17/09/05,Portsmouth,Birmingham,1,1,NH
17/09/05,Sunderland,West Brom,1,1,NH
18/09/05,Blackburn,Newcastle,0,3,NH
18/09/05,Liverpool,Man United,0,0,NH
18/09/05,Man City,Bolton,0,1,NH
18/09/05,Wigan,Middlesbrough,1,1,NH
19/09/05,Arsenal,Everton,2,0,H
24/09/05,Birmingham,Liverpool,2,2,NH
24/09/05,Bolton,Portsmouth,1,0,H
24/09/05,Chelsea,Aston Villa,2,1,H
24/09/05,Everton,Wigan,0,1,NH
24/09/05,Man United,Blackburn,1,2,NH
24/09/05,Newcastle,Man City,1,0,H
24/09/05,West Brom,Charlton,1,2,NH
24/09/05,West Ham,Arsenal,0,0,NH
25/09/05,Middlesbrough,Sunderland,0,2,NH
26/09/05,Tottenham,Fulham,1,0,H
01/10/05,Blackburn,West Brom,2,0,H
01/10/05,Charlton,Tottenham,2,3,NH
01/10/05,Fulham,Man United,2,3,NH
01/10/05,Portsmouth,Newcastle,0,0,NH
01/10/05,Sunderland,West Ham,1,1,NH
02/10/05,Arsenal,Birmingham,1,0,H
02/10/05,Aston Villa,Middlesbrough,2,3,NH
02/10/05,Liverpool,Chelsea,1,4,NH
02/10/05,Man City,Everton,2,0,H
02/10/05,Wigan,Bolton,2,1,H
15/10/05,Chelsea,Bolton,5,1,H
15/10/05,Liverpool,Blackburn,1,0,H
15/10/05,Middlesbrough,Portsmouth,1,1,NH
15/10/05,Sunderland,Man United,1,3,NH
15/10/05,Tottenham,Everton,2,0,H
15/10/05,West Brom,Arsenal,2,1,H
15/10/05,Wigan,Newcastle,1,0,H
16/10/05,Birmingham,Aston Villa,0,1,NH
16/10/05,Man City,West Ham,2,1,H
17/10/05,Charlton,Fulham,1,1,NH
22/10/05,Arsenal,Man City,1,0,H
22/10/05,Aston Villa,Wigan,0,2,NH
22/10/05,Blackburn,Birmingham,2,0,H
22/10/05,Fulham,Liverpool,2,0,H
22/10/05,Man United,Tottenham,1,1,NH
22/10/05,Portsmouth,Charlton,1,2,NH
23/10/05,Bolton,West Brom,2,0,H
23/10/05,Everton,Chelsea,1,1,NH
23/10/05,Newcastle,Sunderland,3,2,H
23/10/05,West Ham,Middlesbrough,2,1,H
29/10/05,Birmingham,Everton,0,1,NH
29/10/05,Charlton,Bolton,0,1,NH
29/10/05,Chelsea,Blackburn,4,2,H
29/10/05,Liverpool,West Ham,2,0,H
29/10/05,Middlesbrough,Man United,4,1,H
29/10/05,Sunderland,Portsmouth,1,4,NH
29/10/05,Tottenham,Arsenal,1,1,NH
29/10/05,Wigan,Fulham,1,0,H
30/10/05,West Brom,Newcastle,0,3,NH
31/10/05,Man City,Aston Villa,3,1,H
05/11/05,Arsenal,Sunderland,3,1,H
05/11/05,Aston Villa,Liverpool,0,2,NH
05/11/05,Blackburn,Charlton,4,1,H
05/11/05,Fulham,Man City,2,1,H
05/11/05,Newcastle,Birmingham,1,0,H
05/11/05,Portsmouth,Wigan,0,2,NH
05/11/05,West Ham,West Brom,1,0,H
06/11/05,Everton,Middlesbrough,1,0,H
06/11/05,Man United,Chelsea,1,0,H
07/11/05,Bolton,Tottenham,1,0,H
19/11/05,Charlton,Man United,1,3,NH
19/11/05,Chelsea,Newcastle,3,0,H
19/11/05,Liverpool,Portsmouth,3,0,H
19/11/05,Man City,Blackburn,0,0,NH
19/11/05,Sunderland,Aston Villa,1,3,NH
19/11/05,West Brom,Everton,4,0,H
19/11/05,Wigan,Arsenal,2,3,NH
20/11/05,Middlesbrough,Fulham,3,2,H
20/11/05,Tottenham,West Ham,1,1,NH
26/11/05,Arsenal,Blackburn,3,0,H
26/11/05,Aston Villa,Charlton,1,0,H
26/11/05,Man City,Liverpool,0,1,NH
26/11/05,Portsmouth,Chelsea,0,2,NH
26/11/05,Sunderland,Birmingham,0,1,NH
26/11/05,Wigan,Tottenham,1,2,NH
27/11/05,Everton,Newcastle,1,0,H
27/11/05,Fulham,Bolton,2,1,H
27/11/05,Middlesbrough,West Brom,2,2,NH
27/11/05,West Ham,Man United,1,2,NH
30/11/05,Sunderland,Liverpool,0,2,NH
03/12/05,Blackburn,Everton,0,2,NH
03/12/05,Bolton,Arsenal,2,0,H
03/12/05,Chelsea,Middlesbrough,1,0,H
03/12/05,Liverpool,Wigan,3,0,H
03/12/05,Man United,Portsmouth,3,0,H
03/12/05,Newcastle,Aston Villa,1,1,NH
03/12/05,Tottenham,Sunderland,3,2,H
03/12/05,West Brom,Fulham,0,0,NH
04/12/05,Charlton,Man City,2,5,NH
05/12/05,Birmingham,West Ham,1,2,NH
10/12/05,Birmingham,Fulham,1,0,H
10/12/05,Blackburn,West Ham,3,2,H
10/12/05,Bolton,Aston Villa,1,1,NH
10/12/05,Charlton,Sunderland,2,0,H
10/12/05,Chelsea,Wigan,1,0,H
10/12/05,Liverpool,Middlesbrough,2,0,H
10/12/05,Newcastle,Arsenal,1,0,H
10/12/05,West Brom,Man City,2,0,H
11/12/05,Man United,Everton,1,1,NH
12/12/05,Tottenham,Portsmouth,3,1,H
14/12/05,Everton,West Ham,1,2,NH
14/12/05,Man United,Wigan,4,0,H
17/12/05,Aston Villa,Man United,0,2,NH
17/12/05,Everton,Bolton,0,4,NH
17/12/05,Fulham,Blackburn,2,1,H
17/12/05,Man City,Birmingham,4,1,H
17/12/05,Portsmouth,West Brom,1,0,H
17/12/05,West Ham,Newcastle,2,4,NH
17/12/05,Wigan,Charlton,3,0,H
18/12/05,Arsenal,Chelsea,0,2,NH
18/12/05,Middlesbrough,Tottenham,3,3,NH
26/12/05,Aston Villa,Everton,4,0,H
26/12/05,Charlton,Arsenal,0,1,NH
26/12/05,Chelsea,Fulham,3,2,H
26/12/05,Liverpool,Newcastle,2,0,H
26/12/05,Man United,West Brom,3,0,H
26/12/05,Middlesbrough,Blackburn,0,2,NH
26/12/05,Portsmouth,West Ham,1,1,NH
26/12/05,Sunderland,Bolton,0,0,NH
26/12/05,Tottenham,Birmingham,2,0,H
26/12/05,Wigan,Man City,4,3,H
28/12/05,Arsenal,Portsmouth,4,0,H
28/12/05,Birmingham,Man United,2,2,NH
28/12/05,Everton,Liverpool,1,3,NH
28/12/05,Fulham,Aston Villa,3,3,NH
28/12/05,Man City,Chelsea,0,1,NH
28/12/05,West Brom,Tottenham,2,0,H
28/12/05,West Ham,Wigan,0,2,NH
31/12/05,Aston Villa,Arsenal,0,0,NH
31/12/05,Charlton,West Ham,2,0,H
31/12/05,Chelsea,Birmingham,2,0,H
31/12/05,Liverpool,West Brom,1,0,H
31/12/05,Man United,Bolton,4,1,H
31/12/05,Middlesbrough,Man City,0,0,NH
31/12/05,Portsmouth,Fulham,1,0,H
31/12/05,Sunderland,Everton,0,1,NH
31/12/05,Tottenham,Newcastle,2,0,H
31/12/05,Wigan,Blackburn,0,3,NH
02/01/06,Birmingham,Wigan,2,0,H
02/01/06,Blackburn,Portsmouth,2,1,H
02/01/06,Bolton,Liverpool,2,2,NH
02/01/06,Everton,Charlton,3,1,H
02/01/06,Fulham,Sunderland,2,1,H
02/01/06,Newcastle,Middlesbrough,2,2,NH
02/01/06,West Brom,Aston Villa,1,2,NH
02/01/06,West Ham,Chelsea,1,3,NH
03/01/06,Arsenal,Man United,0,0,NH
04/01/06,Man City,Tottenham,0,2,NH
14/01/06,Arsenal,Middlesbrough,7,0,H
14/01/06,Aston Villa,West Ham,1,2,NH
14/01/06,Blackburn,Bolton,0,0,NH
14/01/06,Charlton,Birmingham,2,0,H
14/01/06,Fulham,Newcastle,1,0,H
14/01/06,Liverpool,Tottenham,1,0,H
14/01/06,Man City,Man United,3,1,H
14/01/06,Portsmouth,Everton,0,1,NH
15/01/06,Sunderland,Chelsea,1,2,NH
15/01/06,Wigan,West Brom,0,1,NH
21/01/06,Birmingham,Portsmouth,5,0,H
21/01/06,Bolton,Man City,2,0,H
21/01/06,Everton,Arsenal,1,0,H
21/01/06,Middlesbrough,Wigan,2,3,NH
21/01/06,Newcastle,Blackburn,0,1,NH
21/01/06,Tottenham,Aston Villa,0,0,NH
21/01/06,West Brom,Sunderland,0,1,NH
22/01/06,Chelsea,Charlton,1,1,NH
22/01/06,Man United,Liverpool,1,0,H
23/01/06,West Ham,Fulham,2,1,H
31/01/06,Charlton,West Brom,0,0,NH
31/01/06,Fulham,Tottenham,1,0,H
31/01/06,Sunderland,Middlesbrough,0,3,NH
31/01/06,Wigan,Everton,1,1,NH
01/02/06,Arsenal,West Ham,2,3,NH
01/02/06,Aston Villa,Chelsea,1,1,NH
01/02/06,Blackburn,Man United,4,3,H
01/02/06,Liverpool,Birmingham,1,1,NH
01/02/06,Man City,Newcastle,3,0,H
01/02/06,Portsmouth,Bolton,1,1,NH
04/02/06,Birmingham,Arsenal,0,2,NH
04/02/06,Bolton,Wigan,1,1,NH
04/02/06,Everton,Man City,1,0,H
04/02/06,Man United,Fulham,4,2,H
04/02/06,Middlesbrough,Aston Villa,0,4,NH
04/02/06,Newcastle,Portsmouth,2,0,H
04/02/06,West Brom,Blackburn,2,0,H
04/02/06,West Ham,Sunderland,2,0,H
05/02/06,Chelsea,Liverpool,2,0,H
05/02/06,Tottenham,Charlton,3,1,H
08/02/06,Charlton,Liverpool,2,0,H
11/02/06,Arsenal,Bolton,1,1,NH
11/02/06,Aston Villa,Newcastle,1,2,NH
11/02/06,Everton,Blackburn,1,0,H
11/02/06,Fulham,West Brom,6,1,H
11/02/06,Middlesbrough,Chelsea,3,0,H
11/02/06,Portsmouth,Man United,1,3,NH
11/02/06,Wigan,Liverpool,0,1,NH
12/02/06,Man City,Charlton,3,2,H
12/02/06,Sunderland,Tottenham,1,1,NH
13/02/06,West Ham,Birmingham,3,0,H
14/02/06,Liverpool,Arsenal,1,0,H
15/02/06,Blackburn,Sunderland,2,0,H
19/02/06,Tottenham,Wigan,2,2,NH
22/02/06,Newcastle,Charlton,0,0,NH
25/02/06,Birmingham,Sunderland,1,0,H
25/02/06,Blackburn,Arsenal,1,0,H
25/02/06,Charlton,Aston Villa,0,0,NH
25/02/06,Chelsea,Portsmouth,2,0,H
25/02/06,Newcastle,Everton,2,0,H
26/02/06,Bolton,Fulham,2,1,H
26/02/06,Liverpool,Man City,1,0,H
26/02/06,West Brom,Middlesbrough,0,2,NH
04/03/06,Aston Villa,Portsmouth,1,0,H
04/03/06,Fulham,Arsenal,0,4,NH
04/03/06,Liverpool,Charlton,0,0,NH
04/03/06,Middlesbrough,Birmingham,1,0,H
04/03/06,Newcastle,Bolton,3,1,H
04/03/06,West Brom,Chelsea,1,2,NH
04/03/06,West Ham,Everton,2,2,NH
05/03/06,Man City,Sunderland,2,1,H
05/03/06,Tottenham,Blackburn,3,2,H
06/03/06,Wigan,Man United,1,2,NH
11/03/06,Birmingham,West Brom,1,1,NH
11/03/06,Blackburn,Aston Villa,2,0,H
11/03/06,Bolton,West Ham,4,1,H
11/03/06,Chelsea,Tottenham,2,1,H
11/03/06,Everton,Fulham,3,1,H
11/03/06,Portsmouth,Man City,2,1,H
11/03/06,Sunderland,Wigan,0,1,NH
12/03/06,Arsenal,Liverpool,2,1,H
12/03/06,Charlton,Middlesbrough,2,1,H
12/03/06,Man United,Newcastle,2,0,H
15/03/06,Liverpool,Fulham,5,1,H
18/03/06,Arsenal,Charlton,3,0,H
18/03/06,Birmingham,Tottenham,0,2,NH
18/03/06,Blackburn,Middlesbrough,3,2,H
18/03/06,Bolton,Sunderland,2,0,H
18/03/06,Everton,Aston Villa,4,1,H
18/03/06,Man City,Wigan,0,1,NH
18/03/06,West Brom,Man United,1,2,NH
18/03/06,West Ham,Portsmouth,2,4,NH
19/03/06,Fulham,Chelsea,1,0,H
19/03/06,Newcastle,Liverpool,1,3,NH
25/03/06,Aston Villa,Fulham,0,0,NH
25/03/06,Chelsea,Man City,2,0,H
25/03/06,Liverpool,Everton,3,1,H
25/03/06,Sunderland,Blackburn,0,1,NH
25/03/06,Wigan,West Ham,1,2,NH
26/03/06,Charlton,Newcastle,3,1,H
26/03/06,Man United,Birmingham,3,0,H
26/03/06,Middlesbrough,Bolton,4,3,H
27/03/06,Tottenham,West Brom,2,1,H
29/03/06,Man United,West Ham,1,0,H
01/04/06,Arsenal,Aston Villa,5,0,H
01/04/06,Birmingham,Chelsea,0,0,NH
01/04/06,Bolton,Man United,1,2,NH
01/04/06,Everton,Sunderland,2,2,NH
01/04/06,Fulham,Portsmouth,1,3,NH
01/04/06,Newcastle,Tottenham,3,1,H
01/04/06,West Brom,Liverpool,0,2,NH
02/04/06,Man City,Middlesbrough,0,1,NH
02/04/06,West Ham,Charlton,0,0,NH
03/04/06,Blackburn,Wigan,1,1,NH
04/04/06,Birmingham,Bolton,1,0,H
08/04/06,Charlton,Everton,0,0,NH
08/04/06,Portsmouth,Blackburn,2,2,NH
08/04/06,Tottenham,Man City,2,1,H
08/04/06,Wigan,Birmingham,1,1,NH
09/04/06,Aston Villa,West Brom,0,0,NH
09/04/06,Chelsea,West Ham,4,1,H
09/04/06,Liverpool,Bolton,1,0,H
09/04/06,Man United,Arsenal,2,0,H
09/04/06,Middlesbrough,Newcastle,1,2,NH
12/04/06,Portsmouth,Arsenal,1,1,NH
14/04/06,Man United,Sunderland,0,0,NH
15/04/06,Arsenal,West Brom,3,1,H
15/04/06,Bolton,Chelsea,0,2,NH
15/04/06,Everton,Tottenham,0,1,NH
15/04/06,Fulham,Charlton,2,1,H
15/04/06,Newcastle,Wigan,3,1,H
15/04/06,Portsmouth,Middlesbrough,1,0,H
15/04/06,West Ham,Man City,1,0,H
16/04/06,Aston Villa,Birmingham,3,1,H
16/04/06,Blackburn,Liverpool,0,1,NH
17/04/06,Charlton,Portsmouth,2,1,H
17/04/06,Chelsea,Everton,3,0,H
17/04/06,Middlesbrough,West Ham,2,0,H
17/04/06,Sunderland,Newcastle,1,4,NH
17/04/06,Tottenham,Man United,1,2,NH
17/04/06,West Brom,Bolton,0,0,NH
18/04/06,Wigan,Aston Villa,3,2,H
19/04/06,Birmingham,Blackburn,2,1,H
22/04/06,Arsenal,Tottenham,1,1,NH
22/04/06,Bolton,Charlton,4,1,H
22/04/06,Everton,Birmingham,0,0,NH
22/04/06,Newcastle,West Brom,3,0,H
22/04/06,Portsmouth,Sunderland,2,1,H
24/04/06,Fulham,Wigan,1,0,H
25/04/06,Aston Villa,Man City,0,1,NH
26/04/06,West Ham,Liverpool,1,2,NH
29/04/06,Birmingham,Newcastle,0,0,NH
29/04/06,Charlton,Blackburn,0,2,NH
29/04/06,Chelsea,Man United,3,0,H
29/04/06,Liverpool,Aston Villa,3,1,H
29/04/06,Man City,Fulham,1,2,NH
29/04/06,Middlesbrough,Everton,0,1,NH
29/04/06,Wigan,Portsmouth,1,2,NH
30/04/06,Tottenham,Bolton,1,0,H
01/05/06,Man United,Middlesbrough,0,0,NH
01/05/06,Sunderland,Arsenal,0,3,NH
01/05/06,West Brom,West Ham,0,1,NH
02/05/06,Blackburn,Chelsea,1,0,H
03/05/06,Bolton,Middlesbrough,1,1,NH
04/05/06,Man City,Arsenal,1,3,NH
04/05/06,Sunderland,Fulham,2,1,H
07/05/06,Arsenal,Wigan,4,2,H
07/05/06,Aston Villa,Sunderland,2,1,H
07/05/06,Blackburn,Man City,2,0,H
07/05/06,Bolton,Birmingham,1,0,H
07/05/06,Everton,West Brom,2,2,NH
07/05/06,Fulham,Middlesbrough,1,0,H
07/05/06,Man United,Charlton,4,0,H
07/05/06,Newcastle,Chelsea,1,0,H
07/05/06,Portsmouth,Liverpool,1,3,NH
07/05/06,West Ham,Tottenham,2,1,H
19/08/06,Arsenal,Aston Villa,1,1,NH
19/08/06,Bolton,Tottenham,2,0,H
19/08/06,Everton,Watford,2,1,H
19/08/06,Newcastle,Wigan,2,1,H
19/08/06,Portsmouth,Blackburn,3,0,H
19/08/06,Reading,Middlesbrough,3,2,H
19/08/06,Sheffield United,Liverpool,1,1,NH
19/08/06,West Ham,Charlton,3,1,H
20/08/06,Chelsea,Man City,3,0,H
20/08/06,Man United,Fulham,5,1,H
22/08/06,Tottenham,Sheffield United,2,0,H
22/08/06,Watford,West Ham,1,1,NH
23/08/06,Aston Villa,Reading,2,1,H
23/08/06,Blackburn,Everton,1,1,NH
23/08/06,Charlton,Man United,0,3,NH
23/08/06,Fulham,Bolton,1,1,NH
23/08/06,Man City,Portsmouth,0,0,NH
23/08/06,Middlesbrough,Chelsea,2,1,H
26/08/06,Charlton,Bolton,2,0,H
26/08/06,Fulham,Sheffield United,1,0,H
26/08/06,Liverpool,West Ham,2,1,H
26/08/06,Man City,Arsenal,1,0,H
26/08/06,Tottenham,Everton,0,2,NH
26/08/06,Watford,Man United,1,2,NH
26/08/06,Wigan,Reading,1,0,H
27/08/06,Aston Villa,Newcastle,2,0,H
27/08/06,Blackburn,Chelsea,0,2,NH
28/08/06,Middlesbrough,Portsmouth,0,4,NH
09/09/06,Arsenal,Middlesbrough,1,1,NH
09/09/06,Bolton,Watford,1,0,H
09/09/06,Chelsea,Charlton,2,1,H
09/09/06,Everton,Liverpool,3,0,H
09/09/06,Man United,Tottenham,1,0,H
09/09/06,Newcastle,Fulham,1,2,NH
09/09/06,Portsmouth,Wigan,1,0,H
09/09/06,Sheffield United,Blackburn,0,0,NH
10/09/06,West Ham,Aston Villa,1,1,NH
11/09/06,Reading,Man City,1,0,H
16/09/06,Bolton,Middlesbrough,0,0,NH
16/09/06,Charlton,Portsmouth,0,1,NH
16/09/06,Everton,Wigan,2,2,NH
16/09/06,Sheffield United,Reading,1,2,NH
16/09/06,Watford,Aston Villa,0,0,NH
17/09/06,Blackburn,Man City,4,2,H
17/09/06,Chelsea,Liverpool,1,0,H
17/09/06,Man United,Arsenal,0,1,NH
17/09/06,Tottenham,Fulham,0,0,NH
17/09/06,West Ham,Newcastle,0,2,NH
20/09/06,Liverpool,Newcastle,2,0,H
23/09/06,Arsenal,Sheffield United,3,0,H
23/09/06,Aston Villa,Charlton,2,0,H
23/09/06,Fulham,Chelsea,0,2,NH
23/09/06,Liverpool,Tottenham,3,0,H
23/09/06,Man City,West Ham,2,0,H
23/09/06,Middlesbrough,Blackburn,0,1,NH
23/09/06,Reading,Man United,1,1,NH
23/09/06,Wigan,Watford,1,1,NH
24/09/06,Newcastle,Everton,1,1,NH
25/09/06,Portsmouth,Bolton,0,1,NH
30/09/06,Bolton,Liverpool,2,0,H
30/09/06,Charlton,Arsenal,1,2,NH
30/09/06,Chelsea,Aston Villa,1,1,NH
30/09/06,Everton,Man City,1,1,NH
30/09/06,Sheffield United,Middlesbrough,2,1,H
01/10/06,Blackburn,Wigan,2,1,H
01/10/06,Man United,Newcastle,2,0,H
01/10/06,Tottenham,Portsmouth,2,1,H
01/10/06,West Ham,Reading,0,1,NH
02/10/06,Watford,Fulham,3,3,NH
14/10/06,Arsenal,Watford,3,0,H
14/10/06,Aston Villa,Tottenham,1,1,NH
14/10/06,Liverpool,Blackburn,1,1,NH
14/10/06,Man City,Sheffield United,0,0,NH
14/10/06,Middlesbrough,Everton,2,1,H
14/10/06,Portsmouth,West Ham,2,0,H
14/10/06,Reading,Chelsea,0,1,NH
14/10/06,Wigan,Man United,1,3,NH
15/10/06,Newcastle,Bolton,1,2,NH
16/10/06,Fulham,Charlton,2,1,H
21/10/06,Aston Villa,Fulham,1,1,NH
21/10/06,Charlton,Watford,0,0,NH
21/10/06,Chelsea,Portsmouth,2,1,H
21/10/06,Everton,Sheffield United,2,0,H
21/10/06,Wigan,Man City,4,0,H
22/10/06,Blackburn,Bolton,0,1,NH
22/10/06,Man United,Liverpool,2,0,H
22/10/06,Middlesbrough,Newcastle,1,0,H
22/10/06,Reading,Arsenal,0,4,NH
22/10/06,Tottenham,West Ham,1,0,H
28/10/06,Arsenal,Everton,1,1,NH
28/10/06,Bolton,Man United,0,4,NH
28/10/06,Fulham,Wigan,0,1,NH
28/10/06,Liverpool,Aston Villa,3,1,H
28/10/06,Newcastle,Charlton,0,0,NH
28/10/06,Portsmouth,Reading,3,1,H
28/10/06,Sheffield United,Chelsea,0,2,NH
28/10/06,Watford,Tottenham,0,0,NH
29/10/06,West Ham,Blackburn,2,1,H
30/10/06,Man City,Middlesbrough,1,0,H
04/11/06,Bolton,Wigan,0,1,NH
04/11/06,Charlton,Man City,1,0,H
04/11/06,Fulham,Everton,1,0,H
04/11/06,Liverpool,Reading,2,0,H
04/11/06,Man United,Portsmouth,3,0,H
04/11/06,Newcastle,Sheffield United,0,1,NH
04/11/06,Watford,Middlesbrough,2,0,H
05/11/06,Aston Villa,Blackburn,2,0,H
05/11/06,Tottenham,Chelsea,2,1,H
05/11/06,West Ham,Arsenal,1,0,H
11/11/06,Blackburn,Man United,0,1,NH
11/11/06,Chelsea,Watford,4,0,H
11/11/06,Everton,Aston Villa,0,1,NH
11/11/06,Man City,Newcastle,0,0,NH
11/11/06,Middlesbrough,West Ham,1,0,H
11/11/06,Portsmouth,Fulham,1,1,NH
11/11/06,Sheffield United,Bolton,2,2,NH
11/11/06,Wigan,Charlton,3,2,H
12/11/06,Arsenal,Liverpool,3,0,H
12/11/06,Reading,Tottenham,3,1,H
18/11/06,Arsenal,Newcastle,1,1,NH
18/11/06,Chelsea,West Ham,1,0,H
18/11/06,Everton,Bolton,1,0,H
18/11/06,Man City,Fulham,3,1,H
18/11/06,Middlesbrough,Liverpool,0,0,NH
18/11/06,Portsmouth,Watford,2,1,H
18/11/06,Reading,Charlton,2,0,H
18/11/06,Sheffield United,Man United,1,2,NH
19/11/06,Blackburn,Tottenham,1,1,NH
19/11/06,Wigan,Aston Villa,0,0,NH
25/11/06,Aston Villa,Middlesbrough,1,1,NH
25/11/06,Bolton,Arsenal,3,1,H
25/11/06,Charlton,Everton,1,1,NH
25/11/06,Fulham,Reading,0,1,NH
25/11/06,Liverpool,Man City,1,0,H
25/11/06,West Ham,Sheffield United,1,0,H
26/11/06,Man United,Chelsea,1,1,NH
26/11/06,Newcastle,Portsmouth,1,0,H
26/11/06,Tottenham,Wigan,3,1,H
28/11/06,Watford,Sheffield United,0,1,NH
29/11/06,Aston Villa,Man City,1,3,NH
29/11/06,Bolton,Chelsea,0,1,NH
29/11/06,Fulham,Arsenal,2,1,H
29/11/06,Liverpool,Portsmouth,0,0,NH
29/11/06,Man United,Everton,3,0,H
02/12/06,Arsenal,Tottenham,3,0,H
02/12/06,Blackburn,Fulham,2,0,H
02/12/06,Middlesbrough,Man United,1,2,NH
02/12/06,Portsmouth,Aston Villa,2,2,NH
02/12/06,Reading,Bolton,1,0,H
02/12/06,Sheffield United,Charlton,2,1,H
02/12/06,Wigan,Liverpool,0,4,NH
03/12/06,Everton,West Ham,2,0,H
04/12/06,Man City,Watford,0,0,NH
05/12/06,Charlton,Blackburn,1,0,H
05/12/06,Tottenham,Middlesbrough,2,1,H
06/12/06,Newcastle,Reading,3,2,H
06/12/06,West Ham,Wigan,0,2,NH
09/12/06,Blackburn,Newcastle,1,3,NH
09/12/06,Bolton,West Ham,4,0,H
09/12/06,Liverpool,Fulham,4,0,H
09/12/06,Man United,Man City,3,1,H
09/12/06,Middlesbrough,Wigan,1,1,NH
09/12/06,Portsmouth,Everton,2,0,H
09/12/06,Tottenham,Charlton,5,1,H
09/12/06,Watford,Reading,0,0,NH
10/12/06,Chelsea,Arsenal,1,1,NH
11/12/06,Sheffield United,Aston Villa,2,2,NH
13/12/06,Chelsea,Newcastle,1,0,H
13/12/06,Wigan,Arsenal,0,1,NH
16/12/06,Arsenal,Portsmouth,2,2,NH
16/12/06,Aston Villa,Bolton,0,1,NH
16/12/06,Charlton,Liverpool,0,3,NH
16/12/06,Newcastle,Watford,2,1,H
16/12/06,Reading,Blackburn,1,2,NH
16/12/06,Wigan,Sheffield United,0,1,NH
17/12/06,Everton,Chelsea,2,3,NH
17/12/06,Man City,Tottenham,1,2,NH
17/12/06,West Ham,Man United,1,0,H
18/12/06,Fulham,Middlesbrough,2,1,H
23/12/06,Arsenal,Blackburn,6,2,H
23/12/06,Aston Villa,Man United,0,3,NH
23/12/06,Fulham,West Ham,0,0,NH
23/12/06,Liverpool,Watford,2,0,H
23/12/06,Man City,Bolton,0,2,NH
23/12/06,Middlesbrough,Charlton,2,0,H
23/12/06,Newcastle,Tottenham,3,1,H
23/12/06,Portsmouth,Sheffield United,3,1,H
23/12/06,Reading,Everton,0,2,NH
23/12/06,Wigan,Chelsea,2,3,NH
26/12/06,Blackburn,Liverpool,1,0,H
26/12/06,Bolton,Newcastle,2,1,H
26/12/06,Chelsea,Reading,2,2,NH
26/12/06,Everton,Middlesbrough,0,0,NH
26/12/06,Man United,Wigan,3,1,H
26/12/06,Sheffield United,Man City,0,1,NH
26/12/06,Tottenham,Aston Villa,2,1,H
26/12/06,Watford,Arsenal,1,2,NH
26/12/06,West Ham,Portsmouth,1,2,NH
27/12/06,Charlton,Fulham,2,2,NH
30/12/06,Blackburn,Middlesbrough,2,1,H
30/12/06,Bolton,Portsmouth,3,2,H
30/12/06,Charlton,Aston Villa,2,1,H
30/12/06,Chelsea,Fulham,2,2,NH
30/12/06,Everton,Newcastle,3,0,H
30/12/06,Man United,Reading,3,2,H
30/12/06,Sheffield United,Arsenal,1,0,H
30/12/06,Tottenham,Liverpool,0,1,NH
30/12/06,West Ham,Man City,0,1,NH
01/01/07,Fulham,Watford,0,0,NH
01/01/07,Liverpool,Bolton,3,0,H
01/01/07,Man City,Everton,2,1,H
01/01/07,Middlesbrough,Sheffield United,3,1,H
01/01/07,Newcastle,Man United,2,2,NH
01/01/07,Portsmouth,Tottenham,1,1,NH
01/01/07,Reading,West Ham,6,0,H
01/01/07,Wigan,Blackburn,0,3,NH
02/01/07,Arsenal,Charlton,4,0,H
02/01/07,Aston Villa,Chelsea,0,0,NH
13/01/07,Blackburn,Arsenal,0,2,NH
13/01/07,Bolton,Man City,0,0,NH
13/01/07,Charlton,Middlesbrough,1,3,NH
13/01/07,Chelsea,Wigan,4,0,H
13/01/07,Man United,Aston Villa,3,1,H
13/01/07,Sheffield United,Portsmouth,1,1,NH
13/01/07,Watford,Liverpool,0,3,NH
13/01/07,West Ham,Fulham,3,3,NH
14/01/07,Everton,Reading,1,1,NH
14/01/07,Tottenham,Newcastle,2,3,NH
20/01/07,Aston Villa,Watford,2,0,H
20/01/07,Fulham,Tottenham,1,1,NH
20/01/07,Liverpool,Chelsea,2,0,H
20/01/07,Man City,Blackburn,0,3,NH
20/01/07,Middlesbrough,Bolton,5,1,H
20/01/07,Newcastle,West Ham,2,2,NH
20/01/07,Portsmouth,Charlton,0,1,NH
20/01/07,Reading,Sheffield United,3,1,H
21/01/07,Arsenal,Man United,2,1,H
21/01/07,Wigan,Everton,0,2,NH
23/01/07,Watford,Blackburn,2,1,H
30/01/07,Portsmouth,Middlesbrough,0,0,NH
30/01/07,Reading,Wigan,3,2,H
30/01/07,Sheffield United,Fulham,2,0,H
30/01/07,West Ham,Liverpool,1,2,NH
31/01/07,Bolton,Charlton,1,1,NH
31/01/07,Chelsea,Blackburn,3,0,H
31/01/07,Man United,Watford,4,0,H
31/01/07,Newcastle,Aston Villa,3,1,H
03/02/07,Aston Villa,West Ham,1,0,H
03/02/07,Blackburn,Sheffield United,2,1,H
03/02/07,Charlton,Chelsea,0,1,NH
03/02/07,Fulham,Newcastle,2,1,H
03/02/07,Liverpool,Everton,0,0,NH
03/02/07,Man City,Reading,0,2,NH
03/02/07,Middlesbrough,Arsenal,1,1,NH
03/02/07,Watford,Bolton,0,1,NH
03/02/07,Wigan,Portsmouth,1,0,H
04/02/07,Tottenham,Man United,0,4,NH
10/02/07,Chelsea,Middlesbrough,3,0,H
10/02/07,Everton,Blackburn,1,0,H
10/02/07,Man United,Charlton,2,0,H
10/02/07,Newcastle,Liverpool,2,1,H
10/02/07,Portsmouth,Man City,2,1,H
10/02/07,Reading,Aston Villa,2,0,H
10/02/07,Sheffield United,Tottenham,2,1,H
10/02/07,West Ham,Watford,0,1,NH
11/02/07,Arsenal,Wigan,2,1,H
11/02/07,Bolton,Fulham,2,1,H
21/02/07,Everton,Tottenham,1,2,NH
21/02/07,Watford,Wigan,1,1,NH
24/02/07,Charlton,West Ham,4,0,H
24/02/07,Fulham,Man United,1,2,NH
24/02/07,Liverpool,Sheffield United,4,0,H
24/02/07,Middlesbrough,Reading,2,1,H
24/02/07,Watford,Everton,0,3,NH
25/02/07,Blackburn,Portsmouth,3,0,H
25/02/07,Tottenham,Bolton,4,1,H
25/02/07,Wigan,Newcastle,1,0,H
03/03/07,Arsenal,Reading,2,1,H
03/03/07,Fulham,Aston Villa,1,1,NH
03/03/07,Liverpool,Man United,0,1,NH
03/03/07,Man City,Wigan,0,1,NH
03/03/07,Newcastle,Middlesbrough,0,0,NH
03/03/07,Portsmouth,Chelsea,0,2,NH
03/03/07,Sheffield United,Everton,1,1,NH
03/03/07,Watford,Charlton,2,2,NH
04/03/07,Bolton,Blackburn,1,2,NH
04/03/07,West Ham,Tottenham,3,4,NH
14/03/07,Aston Villa,Arsenal,0,1,NH
14/03/07,Man City,Chelsea,0,1,NH
17/03/07,Blackburn,West Ham,1,2,NH
17/03/07,Chelsea,Sheffield United,3,0,H
17/03/07,Man United,Bolton,4,1,H
17/03/07,Middlesbrough,Man City,0,2,NH
17/03/07,Reading,Portsmouth,0,0,NH
17/03/07,Tottenham,Watford,3,1,H
17/03/07,Wigan,Fulham,0,0,NH
18/03/07,Aston Villa,Liverpool,0,0,NH
18/03/07,Charlton,Newcastle,2,0,H
18/03/07,Everton,Arsenal,1,0,H
31/03/07,Bolton,Sheffield United,1,0,H
31/03/07,Charlton,Wigan,1,0,H
31/03/07,Fulham,Portsmouth,1,1,NH
31/03/07,Liverpool,Arsenal,4,1,H
31/03/07,Man United,Blackburn,4,1,H
31/03/07,Newcastle,Man City,0,1,NH
31/03/07,Watford,Chelsea,0,1,NH
31/03/07,West Ham,Middlesbrough,2,0,H
01/04/07,Tottenham,Reading,1,0,H
02/04/07,Aston Villa,Everton,1,1,NH
06/04/07,Everton,Fulham,4,1,H
06/04/07,Man City,Charlton,0,0,NH
07/04/07,Arsenal,West Ham,0,1,NH
07/04/07,Blackburn,Aston Villa,1,2,NH
07/04/07,Chelsea,Tottenham,1,0,H
07/04/07,Middlesbrough,Watford,4,1,H
07/04/07,Portsmouth,Man United,2,1,H
07/04/07,Reading,Liverpool,1,2,NH
07/04/07,Sheffield United,Newcastle,1,2,NH
07/04/07,Wigan,Bolton,1,3,NH
09/04/07,Aston Villa,Wigan,1,1,NH
09/04/07,Bolton,Everton,1,1,NH
09/04/07,Charlton,Reading,0,0,NH
09/04/07,Fulham,Man City,1,3,NH
09/04/07,Newcastle,Arsenal,0,0,NH
09/04/07,Watford,Portsmouth,4,2,H
14/04/07,Arsenal,Bolton,2,1,H
14/04/07,Man City,Liverpool,0,0,NH
14/04/07,Middlesbrough,Aston Villa,1,3,NH
14/04/07,Portsmouth,Newcastle,2,1,H
14/04/07,Reading,Fulham,1,0,H
14/04/07,Sheffield United,West Ham,3,0,H
15/04/07,Everton,Charlton,2,1,H
15/04/07,Wigan,Tottenham,3,3,NH
17/04/07,Arsenal,Man City,3,1,H
17/04/07,Man United,Sheffield United,2,0,H
18/04/07,Blackburn,Watford,3,1,H
18/04/07,Liverpool,Middlesbrough,2,0,H
18/04/07,West Ham,Chelsea,1,4,NH
21/04/07,Bolton,Reading,1,3,NH
21/04/07,Charlton,Sheffield United,1,1,NH
21/04/07,Fulham,Blackburn,1,1,NH
21/04/07,Liverpool,Wigan,2,0,H
21/04/07,Man United,Middlesbrough,1,1,NH
21/04/07,Tottenham,Arsenal,2,2,NH
21/04/07,Watford,Man City,1,1,NH
21/04/07,West Ham,Everton,1,0,H
22/04/07,Aston Villa,Portsmouth,0,0,NH
22/04/07,Newcastle,Chelsea,0,0,NH
28/04/07,Blackburn,Charlton,4,1,H
28/04/07,Chelsea,Bolton,2,2,NH
28/04/07,Everton,Man United,2,4,NH
28/04/07,Man City,Aston Villa,0,2,NH
28/04/07,Middlesbrough,Tottenham,2,3,NH
28/04/07,Portsmouth,Liverpool,2,1,H
28/04/07,Sheffield United,Watford,1,0,H
28/04/07,Wigan,West Ham,0,3,NH
29/04/07,Arsenal,Fulham,3,1,H
30/04/07,Reading,Newcastle,1,0,H
05/05/07,Aston Villa,Sheffield United,3,0,H
05/05/07,Everton,Portsmouth,3,0,H
05/05/07,Fulham,Liverpool,1,0,H
05/05/07,Man City,Man United,0,1,NH
05/05/07,Newcastle,Blackburn,0,2,NH
05/05/07,Reading,Watford,0,2,NH
05/05/07,West Ham,Bolton,3,1,H
05/05/07,Wigan,Middlesbrough,0,1,NH
06/05/07,Arsenal,Chelsea,1,1,NH
07/05/07,Charlton,Tottenham,0,2,NH
09/05/07,Chelsea,Man United,0,0,NH
10/05/07,Tottenham,Blackburn,1,1,NH
13/05/07,Blackburn,Reading,3,3,NH
13/05/07,Bolton,Aston Villa,2,2,NH
13/05/07,Chelsea,Everton,1,1,NH
13/05/07,Liverpool,Charlton,2,2,NH
13/05/07,Man United,West Ham,0,1,NH
13/05/07,Middlesbrough,Fulham,3,1,H
13/05/07,Portsmouth,Arsenal,0,0,NH
13/05/07,Sheffield United,Wigan,1,2,NH
13/05/07,Tottenham,Man City,2,1,H
13/05/07,Watford,Newcastle,1,1,NH
11/08/07,Aston Villa,Liverpool,1,2,NH
11/08/07,Bolton,Newcastle,1,3,NH
11/08/07,Derby,Portsmouth,2,2,NH
11/08/07,Everton,Wigan,2,1,H
11/08/07,Middlesbrough,Blackburn,1,2,NH
11/08/07,Sunderland,Tottenham,1,0,H
11/08/07,West Ham,Man City,0,2,NH
12/08/07,Arsenal,Fulham,2,1,H
12/08/07,Chelsea,Birmingham,3,2,H
12/08/07,Man United,Reading,0,0,NH
14/08/07,Tottenham,Everton,1,3,NH
15/08/07,Birmingham,Sunderland,2,2,NH
15/08/07,Fulham,Bolton,2,1,H
15/08/07,Man City,Derby,1,0,H
15/08/07,Portsmouth,Man United,1,1,NH
15/08/07,Reading,Chelsea,1,2,NH
15/08/07,Wigan,Middlesbrough,1,0,H
18/08/07,Birmingham,West Ham,0,1,NH
18/08/07,Fulham,Middlesbrough,1,2,NH
18/08/07,Newcastle,Aston Villa,0,0,NH
18/08/07,Portsmouth,Bolton,3,1,H
18/08/07,Reading,Everton,1,0,H
18/08/07,Tottenham,Derby,4,0,H
18/08/07,Wigan,Sunderland,3,0,H
19/08/07,Blackburn,Arsenal,1,1,NH
19/08/07,Liverpool,Chelsea,1,1,NH
19/08/07,Man City,Man United,1,0,H
25/08/07,Arsenal,Man City,1,0,H
25/08/07,Aston Villa,Fulham,2,1,H
25/08/07,Bolton,Reading,3,0,H
25/08/07,Chelsea,Portsmouth,1,0,H
25/08/07,Derby,Birmingham,1,2,NH
25/08/07,Everton,Blackburn,1,1,NH
25/08/07,Sunderland,Liverpool,0,2,NH
25/08/07,West Ham,Wigan,1,1,NH
26/08/07,Man United,Tottenham,1,0,H
26/08/07,Middlesbrough,Newcastle,2,2,NH
01/09/07,Bolton,Everton,1,2,NH
01/09/07,Fulham,Tottenham,3,3,NH
01/09/07,Liverpool,Derby,6,0,H
01/09/07,Man United,Sunderland,1,0,H
01/09/07,Middlesbrough,Birmingham,2,0,H
01/09/07,Newcastle,Wigan,1,0,H
01/09/07,Reading,West Ham,0,3,NH
02/09/07,Arsenal,Portsmouth,3,1,H
02/09/07,Aston Villa,Chelsea,2,0,H
02/09/07,Blackburn,Man City,1,0,H
15/09/07,Birmingham,Bolton,1,0,H
15/09/07,Chelsea,Blackburn,0,0,NH
15/09/07,Everton,Man United,0,1,NH
15/09/07,Portsmouth,Liverpool,0,0,NH
15/09/07,Sunderland,Reading,2,1,H
15/09/07,Tottenham,Arsenal,1,3,NH
15/09/07,West Ham,Middlesbrough,3,0,H
15/09/07,Wigan,Fulham,1,1,NH
16/09/07,Man City,Aston Villa,1,0,H
17/09/07,Derby,Newcastle,1,0,H
22/09/07,Arsenal,Derby,5,0,H
22/09/07,Fulham,Man City,3,3,NH
22/09/07,Liverpool,Birmingham,0,0,NH
22/09/07,Middlesbrough,Sunderland,2,2,NH
22/09/07,Reading,Wigan,2,1,H
23/09/07,Aston Villa,Everton,2,0,H
23/09/07,Blackburn,Portsmouth,0,1,NH
23/09/07,Bolton,Tottenham,1,1,NH
23/09/07,Man United,Chelsea,2,0,H
23/09/07,Newcastle,West Ham,3,1,H
29/09/07,Birmingham,Man United,0,1,NH
29/09/07,Chelsea,Fulham,0,0,NH
29/09/07,Derby,Bolton,1,1,NH
29/09/07,Man City,Newcastle,3,1,H
29/09/07,Portsmouth,Reading,7,4,H
29/09/07,Sunderland,Blackburn,1,2,NH
29/09/07,West Ham,Arsenal,0,1,NH
29/09/07,Wigan,Liverpool,0,1,NH
30/09/07,Everton,Middlesbrough,2,0,H
01/10/07,Tottenham,Aston Villa,4,4,NH
06/10/07,Aston Villa,West Ham,1,0,H
06/10/07,Man United,Wigan,4,0,H
07/10/07,Arsenal,Sunderland,3,2,H
07/10/07,Blackburn,Birmingham,2,1,H
07/10/07,Bolton,Chelsea,0,1,NH
07/10/07,Fulham,Portsmouth,0,2,NH
07/10/07,Liverpool,Tottenham,2,2,NH
07/10/07,Man City,Middlesbrough,3,1,H
07/10/07,Newcastle,Everton,3,2,H
07/10/07,Reading,Derby,1,0,H
20/10/07,Arsenal,Bolton,2,0,H
20/10/07,Aston Villa,Man United,1,4,NH
20/10/07,Blackburn,Reading,4,2,H
20/10/07,Everton,Liverpool,1,2,NH
20/10/07,Fulham,Derby,0,0,NH
20/10/07,Man City,Birmingham,1,0,H
20/10/07,Middlesbrough,Chelsea,0,2,NH
20/10/07,Wigan,Portsmouth,0,2,NH
21/10/07,West Ham,Sunderland,3,1,H
22/10/07,Newcastle,Tottenham,3,1,H
27/10/07,Birmingham,Wigan,3,2,H
27/10/07,Chelsea,Man City,6,0,H
27/10/07,Man United,Middlesbrough,4,1,H
27/10/07,Portsmouth,West Ham,0,0,NH
27/10/07,Reading,Newcastle,2,1,H
27/10/07,Sunderland,Fulham,1,1,NH
28/10/07,Bolton,Aston Villa,1,1,NH
28/10/07,Derby,Everton,0,2,NH
28/10/07,Liverpool,Arsenal,1,1,NH
28/10/07,Tottenham,Blackburn,1,2,NH
03/11/07,Arsenal,Man United,2,2,NH
03/11/07,Aston Villa,Derby,2,0,H
03/11/07,Blackburn,Liverpool,0,0,NH
03/11/07,Everton,Birmingham,3,1,H
03/11/07,Fulham,Reading,3,1,H
03/11/07,Middlesbrough,Tottenham,1,1,NH
03/11/07,Newcastle,Portsmouth,1,4,NH
03/11/07,Wigan,Chelsea,0,2,NH
04/11/07,West Ham,Bolton,1,1,NH
05/11/07,Man City,Sunderland,1,0,H
10/11/07,Derby,West Ham,0,5,NH
10/11/07,Liverpool,Fulham,2,0,H
10/11/07,Sunderland,Newcastle,1,1,NH
11/11/07,Birmingham,Aston Villa,1,2,NH
11/11/07,Bolton,Middlesbrough,0,0,NH
11/11/07,Chelsea,Everton,1,1,NH
11/11/07,Man United,Blackburn,2,0,H
11/11/07,Portsmouth,Man City,0,0,NH
11/11/07,Tottenham,Wigan,4,0,H
12/11/07,Reading,Arsenal,1,3,NH
24/11/07,Arsenal,Wigan,2,0,H
24/11/07,Birmingham,Portsmouth,0,2,NH
24/11/07,Bolton,Man United,1,0,H
24/11/07,Derby,Chelsea,0,2,NH
24/11/07,Everton,Sunderland,7,1,H
24/11/07,Man City,Reading,2,1,H
24/11/07,Middlesbrough,Aston Villa,0,3,NH
24/11/07,Newcastle,Liverpool,0,3,NH
25/11/07,Fulham,Blackburn,2,2,NH
25/11/07,West Ham,Tottenham,1,1,NH
28/11/07,Blackburn,Aston Villa,0,4,NH
01/12/07,Aston Villa,Arsenal,1,2,NH
01/12/07,Blackburn,Newcastle,3,1,H
01/12/07,Chelsea,West Ham,1,0,H
01/12/07,Portsmouth,Everton,0,0,NH
01/12/07,Reading,Middlesbrough,1,1,NH
01/12/07,Sunderland,Derby,1,0,H
01/12/07,Wigan,Man City,1,1,NH
02/12/07,Liverpool,Bolton,4,0,H
02/12/07,Tottenham,Birmingham,2,3,NH
03/12/07,Man United,Fulham,2,0,H
05/12/07,Newcastle,Arsenal,1,1,NH
08/12/07,Aston Villa,Portsmouth,1,3,NH
08/12/07,Chelsea,Sunderland,2,0,H
08/12/07,Everton,Fulham,3,0,H
08/12/07,Man United,Derby,4,1,H
08/12/07,Newcastle,Birmingham,2,1,H
08/12/07,Reading,Liverpool,3,1,H
09/12/07,Blackburn,West Ham,0,1,NH
09/12/07,Bolton,Wigan,4,1,H
09/12/07,Middlesbrough,Arsenal,2,1,H
09/12/07,Tottenham,Man City,2,1,H
15/12/07,Birmingham,Reading,1,1,NH
15/12/07,Derby,Middlesbrough,0,1,NH
15/12/07,Fulham,Newcastle,0,1,NH
15/12/07,Man City,Bolton,4,2,H
15/12/07,Portsmouth,Tottenham,0,1,NH
15/12/07,Sunderland,Aston Villa,1,1,NH
15/12/07,West Ham,Everton,0,2,NH
15/12/07,Wigan,Blackburn,5,3,H
16/12/07,Arsenal,Chelsea,1,0,H
16/12/07,Liverpool,Man United,0,1,NH
22/12/07,Arsenal,Tottenham,2,1,H
22/12/07,Aston Villa,Man City,1,1,NH
22/12/07,Bolton,Birmingham,3,0,H
22/12/07,Fulham,Wigan,1,1,NH
22/12/07,Liverpool,Portsmouth,4,1,H
22/12/07,Middlesbrough,West Ham,1,2,NH
22/12/07,Reading,Sunderland,2,1,H
23/12/07,Blackburn,Chelsea,0,1,NH
23/12/07,Man United,Everton,2,1,H
23/12/07,Newcastle,Derby,2,2,NH
26/12/07,Birmingham,Middlesbrough,3,0,H
26/12/07,Chelsea,Aston Villa,4,4,NH
26/12/07,Derby,Liverpool,1,2,NH
26/12/07,Everton,Bolton,2,0,H
26/12/07,Portsmouth,Arsenal,0,0,NH
26/12/07,Sunderland,Man United,0,4,NH
26/12/07,Tottenham,Fulham,5,1,H
26/12/07,West Ham,Reading,1,1,NH
26/12/07,Wigan,Newcastle,1,0,H
27/12/07,Man City,Blackburn,2,2,NH
29/12/07,Birmingham,Fulham,1,1,NH
29/12/07,Chelsea,Newcastle,2,1,H
29/12/07,Everton,Arsenal,1,4,NH
29/12/07,Portsmouth,Middlesbrough,0,1,NH
29/12/07,Sunderland,Bolton,3,1,H
29/12/07,Tottenham,Reading,6,4,H
29/12/07,West Ham,Man United,2,1,H
29/12/07,Wigan,Aston Villa,1,2,NH
30/12/07,Derby,Blackburn,1,2,NH
30/12/07,Man City,Liverpool,0,0,NH
01/01/08,Arsenal,West Ham,2,0,H
01/01/08,Aston Villa,Tottenham,2,1,H
01/01/08,Fulham,Chelsea,1,2,NH
01/01/08,Man United,Birmingham,1,0,H
01/01/08,Middlesbrough,Everton,0,2,NH
01/01/08,Reading,Portsmouth,0,2,NH
02/01/08,Blackburn,Sunderland,1,0,H
02/01/08,Bolton,Derby,1,0,H
02/01/08,Liverpool,Wigan,1,1,NH
02/01/08,Newcastle,Man City,0,2,NH
12/01/08,Arsenal,Birmingham,1,1,NH
12/01/08,Aston Villa,Reading,3,1,H
12/01/08,Chelsea,Tottenham,2,0,H
12/01/08,Derby,Wigan,0,1,NH
12/01/08,Everton,Man City,1,0,H
12/01/08,Man United,Newcastle,6,0,H
12/01/08,Middlesbrough,Liverpool,1,1,NH
12/01/08,West Ham,Fulham,2,1,H
13/01/08,Bolton,Blackburn,1,2,NH
13/01/08,Sunderland,Portsmouth,2,0,H
19/01/08,Birmingham,Chelsea,0,1,NH
19/01/08,Blackburn,Middlesbrough,1,1,NH
19/01/08,Fulham,Arsenal,0,3,NH
19/01/08,Newcastle,Bolton,0,0,NH
19/01/08,Portsmouth,Derby,3,1,H
19/01/08,Reading,Man United,0,2,NH
19/01/08,Tottenham,Sunderland,2,0,H
20/01/08,Man City,West Ham,1,1,NH
20/01/08,Wigan,Everton,1,2,NH
21/01/08,Liverpool,Aston Villa,2,2,NH
26/01/08,Aston Villa,Blackburn,1,1,NH
29/01/08,Arsenal,Newcastle,3,0,H
29/01/08,Bolton,Fulham,0,0,NH
29/01/08,Middlesbrough,Wigan,1,0,H
29/01/08,Sunderland,Birmingham,2,0,H
30/01/08,Chelsea,Reading,1,0,H
30/01/08,Derby,Man City,1,1,NH
30/01/08,Everton,Tottenham,0,0,NH
30/01/08,Man United,Portsmouth,2,0,H
30/01/08,West Ham,Liverpool,1,0,H
02/02/08,Birmingham,Derby,1,1,NH
02/02/08,Blackburn,Everton,0,0,NH
02/02/08,Liverpool,Sunderland,3,0,H
02/02/08,Man City,Arsenal,1,3,NH
02/02/08,Portsmouth,Chelsea,1,1,NH
02/02/08,Reading,Bolton,0,2,NH
02/02/08,Tottenham,Man United,1,1,NH
02/02/08,Wigan,West Ham,1,0,H
03/02/08,Fulham,Aston Villa,2,1,H
03/02/08,Newcastle,Middlesbrough,1,1,NH
09/02/08,Aston Villa,Newcastle,4,1,H
09/02/08,Bolton,Portsmouth,0,1,NH
09/02/08,Derby,Tottenham,0,3,NH
09/02/08,Everton,Reading,1,0,H
09/02/08,Middlesbrough,Fulham,1,0,H
09/02/08,Sunderland,Wigan,2,0,H
09/02/08,West Ham,Birmingham,1,1,NH
10/02/08,Chelsea,Liverpool,0,0,NH
10/02/08,Man United,Man City,1,2,NH
11/02/08,Arsenal,Blackburn,2,0,H
23/02/08,Birmingham,Arsenal,2,2,NH
23/02/08,Fulham,West Ham,0,1,NH
23/02/08,Liverpool,Middlesbrough,3,2,H
23/02/08,Newcastle,Man United,1,5,NH
23/02/08,Portsmouth,Sunderland,1,0,H
23/02/08,Wigan,Derby,2,0,H
24/02/08,Blackburn,Bolton,4,1,H
24/02/08,Reading,Aston Villa,1,2,NH
25/02/08,Man City,Everton,0,2,NH
01/03/08,Arsenal,Aston Villa,1,1,NH
01/03/08,Birmingham,Tottenham,4,1,H
01/03/08,Derby,Sunderland,0,0,NH
01/03/08,Fulham,Man United,0,3,NH
01/03/08,Man City,Wigan,0,0,NH
01/03/08,Middlesbrough,Reading,0,1,NH
01/03/08,Newcastle,Blackburn,0,1,NH
01/03/08,West Ham,Chelsea,0,4,NH
02/03/08,Bolton,Liverpool,1,3,NH
02/03/08,Everton,Portsmouth,3,1,H
05/03/08,Liverpool,West Ham,4,0,H
08/03/08,Blackburn,Fulham,1,1,NH
08/03/08,Liverpool,Newcastle,3,0,H
08/03/08,Reading,Man City,2,0,H
09/03/08,Sunderland,Everton,0,1,NH
09/03/08,Tottenham,West Ham,4,0,H
09/03/08,Wigan,Arsenal,0,0,NH
12/03/08,Aston Villa,Middlesbrough,1,1,NH
12/03/08,Chelsea,Derby,6,1,H
12/03/08,Portsmouth,Birmingham,4,2,H
15/03/08,Arsenal,Middlesbrough,1,1,NH
15/03/08,Derby,Man United,0,1,NH
15/03/08,Liverpool,Reading,2,1,H
15/03/08,Portsmouth,Aston Villa,2,0,H
15/03/08,Sunderland,Chelsea,0,1,NH
15/03/08,West Ham,Blackburn,2,1,H
16/03/08,Fulham,Everton,1,0,H
16/03/08,Man City,Tottenham,2,1,H
16/03/08,Wigan,Bolton,1,0,H
17/03/08,Birmingham,Newcastle,1,1,NH
19/03/08,Man United,Bolton,2,0,H
19/03/08,Tottenham,Chelsea,4,4,NH
22/03/08,Aston Villa,Sunderland,0,1,NH
22/03/08,Blackburn,Wigan,3,1,H
22/03/08,Bolton,Man City,0,0,NH
22/03/08,Everton,West Ham,1,1,NH
22/03/08,Middlesbrough,Derby,1,0,H
22/03/08,Newcastle,Fulham,2,0,H
22/03/08,Reading,Birmingham,2,1,H
22/03/08,Tottenham,Portsmouth,2,0,H
23/03/08,Chelsea,Arsenal,2,1,H
23/03/08,Man United,Liverpool,3,0,H
29/03/08,Birmingham,Man City,3,1,H
29/03/08,Bolton,Arsenal,2,3,NH
29/03/08,Derby,Fulham,2,2,NH
29/03/08,Man United,Aston Villa,4,0,H
29/03/08,Portsmouth,Wigan,2,0,H
29/03/08,Reading,Blackburn,0,0,NH
29/03/08,Sunderland,West Ham,2,1,H
30/03/08,Chelsea,Middlesbrough,1,0,H
30/03/08,Liverpool,Everton,1,0,H
30/03/08,Tottenham,Newcastle,1,4,NH
05/04/08,Arsenal,Liverpool,1,1,NH
05/04/08,Aston Villa,Bolton,4,0,H
05/04/08,Blackburn,Tottenham,1,1,NH
05/04/08,Fulham,Sunderland,1,3,NH
05/04/08,Man City,Chelsea,0,2,NH
05/04/08,Newcastle,Reading,3,0,H
05/04/08,Wigan,Birmingham,2,0,H
06/04/08,Everton,Derby,1,0,H
06/04/08,Middlesbrough,Man United,2,2,NH
08/04/08,West Ham,Portsmouth,0,1,NH
12/04/08,Birmingham,Everton,1,1,NH
12/04/08,Bolton,West Ham,1,0,H
12/04/08,Derby,Aston Villa,0,6,NH
12/04/08,Portsmouth,Newcastle,0,0,NH
12/04/08,Reading,Fulham,0,2,NH
12/04/08,Sunderland,Man City,1,2,NH
12/04/08,Tottenham,Middlesbrough,1,1,NH
13/04/08,Liverpool,Blackburn,3,1,H
13/04/08,Man United,Arsenal,2,1,H
14/04/08,Chelsea,Wigan,1,1,NH
17/04/08,Everton,Chelsea,0,1,NH
19/04/08,Arsenal,Reading,2,0,H
19/04/08,Blackburn,Man United,1,1,NH
19/04/08,Fulham,Liverpool,0,2,NH
19/04/08,Middlesbrough,Bolton,0,1,NH
19/04/08,West Ham,Derby,2,1,H
19/04/08,Wigan,Tottenham,1,1,NH
20/04/08,Aston Villa,Birmingham,5,1,H
20/04/08,Man City,Portsmouth,3,1,H
20/04/08,Newcastle,Sunderland,2,0,H
26/04/08,Birmingham,Liverpool,2,2,NH
26/04/08,Chelsea,Man United,2,1,H
26/04/08,Man City,Fulham,2,3,NH
26/04/08,Sunderland,Middlesbrough,3,2,H
26/04/08,Tottenham,Bolton,1,1,NH
26/04/08,West Ham,Newcastle,2,2,NH
26/04/08,Wigan,Reading,0,0,NH
27/04/08,Everton,Aston Villa,2,2,NH
27/04/08,Portsmouth,Blackburn,0,1,NH
28/04/08,Derby,Arsenal,2,6,NH
03/05/08,Aston Villa,Wigan,0,2,NH
03/05/08,Blackburn,Derby,3,1,H
03/05/08,Bolton,Sunderland,2,0,H
03/05/08,Fulham,Birmingham,2,0,H
03/05/08,Man United,West Ham,4,1,H
03/05/08,Middlesbrough,Portsmouth,2,0,H
03/05/08,Reading,Tottenham,0,1,NH
04/05/08,Arsenal,Everton,1,0,H
04/05/08,Liverpool,Man City,1,0,H
05/05/08,Newcastle,Chelsea,0,2,NH
11/05/08,Birmingham,Blackburn,4,1,H
11/05/08,Chelsea,Bolton,1,1,NH
11/05/08,Derby,Reading,0,4,NH
11/05/08,Everton,Newcastle,3,1,H
11/05/08,Middlesbrough,Man City,8,1,H
11/05/08,Portsmouth,Fulham,0,1,NH
11/05/08,Sunderland,Arsenal,0,1,NH
11/05/08,Tottenham,Liverpool,0,2,NH
11/05/08,West Ham,Aston Villa,2,2,NH
11/05/08,Wigan,Man United,0,2,NH
16/08/08,Arsenal,West Brom,1,0,H
16/08/08,Bolton,Stoke,3,1,H
16/08/08,Everton,Blackburn,2,3,NH
16/08/08,Hull,Fulham,2,1,H
16/08/08,Middlesbrough,Tottenham,2,1,H
16/08/08,Sunderland,Liverpool,0,1,NH
16/08/08,West Ham,Wigan,2,1,H
17/08/08,Aston Villa,Man City,4,2,H
17/08/08,Chelsea,Portsmouth,4,0,H
17/08/08,Man United,Newcastle,1,1,NH
23/08/08,Blackburn,Hull,1,1,NH
23/08/08,Fulham,Arsenal,1,0,H
23/08/08,Liverpool,Middlesbrough,2,1,H
23/08/08,Newcastle,Bolton,1,0,H
23/08/08,Stoke,Aston Villa,3,2,H
23/08/08,Tottenham,Sunderland,1,2,NH
23/08/08,West Brom,Everton,1,2,NH
24/08/08,Man City,West Ham,3,0,H
24/08/08,Wigan,Chelsea,0,1,NH
25/08/08,Portsmouth,Man United,0,1,NH
30/08/08,Arsenal,Newcastle,3,0,H
30/08/08,Bolton,West Brom,0,0,NH
30/08/08,Everton,Portsmouth,0,3,NH
30/08/08,Hull,Wigan,0,5,NH
30/08/08,Middlesbrough,Stoke,2,1,H
30/08/08,West Ham,Blackburn,4,1,H
31/08/08,Aston Villa,Liverpool,0,0,NH
31/08/08,Chelsea,Tottenham,1,1,NH
31/08/08,Sunderland,Man City,0,3,NH
13/09/08,Blackburn,Arsenal,0,4,NH
13/09/08,Fulham,Bolton,2,1,H
13/09/08,Liverpool,Man United,2,1,H
13/09/08,Man City,Chelsea,1,3,NH
13/09/08,Newcastle,Hull,1,2,NH
13/09/08,Portsmouth,Middlesbrough,2,1,H
13/09/08,West Brom,West Ham,3,2,H
13/09/08,Wigan,Sunderland,1,1,NH
14/09/08,Stoke,Everton,2,3,NH
15/09/08,Tottenham,Aston Villa,1,2,NH
20/09/08,Blackburn,Fulham,1,0,H
20/09/08,Bolton,Arsenal,1,3,NH
20/09/08,Liverpool,Stoke,0,0,NH
20/09/08,Sunderland,Middlesbrough,2,0,H
20/09/08,West Ham,Newcastle,3,1,H
21/09/08,Chelsea,Man United,1,1,NH
21/09/08,Hull,Everton,2,2,NH
21/09/08,Man City,Portsmouth,6,0,H
21/09/08,Tottenham,Wigan,0,0,NH
21/09/08,West Brom,Aston Villa,1,2,NH
27/09/08,Arsenal,Hull,1,2,NH
27/09/08,Aston Villa,Sunderland,2,1,H
27/09/08,Everton,Liverpool,0,2,NH
27/09/08,Fulham,West Ham,1,2,NH
27/09/08,Man United,Bolton,2,0,H
27/09/08,Middlesbrough,West Brom,0,1,NH
27/09/08,Newcastle,Blackburn,1,2,NH
27/09/08,Stoke,Chelsea,0,2,NH
28/09/08,Portsmouth,Tottenham,2,0,H
28/09/08,Wigan,Man City,2,1,H
04/10/08,Blackburn,Man United,0,2,NH
04/10/08,Sunderland,Arsenal,1,1,NH
04/10/08,West Brom,Fulham,1,0,H
04/10/08,Wigan,Middlesbrough,0,1,NH
05/10/08,Chelsea,Aston Villa,2,0,H
05/10/08,Everton,Newcastle,2,2,NH
05/10/08,Man City,Liverpool,2,3,NH
05/10/08,Portsmouth,Stoke,2,1,H
05/10/08,Tottenham,Hull,0,1,NH
05/10/08,West Ham,Bolton,1,3,NH
18/10/08,Arsenal,Everton,3,1,H
18/10/08,Aston Villa,Portsmouth,0,0,NH
18/10/08,Bolton,Blackburn,0,0,NH
18/10/08,Fulham,Sunderland,0,0,NH
18/10/08,Liverpool,Wigan,3,2,H
18/10/08,Man United,West Brom,4,0,H
18/10/08,Middlesbrough,Chelsea,0,5,NH
19/10/08,Hull,West Ham,1,0,H
19/10/08,Stoke,Tottenham,2,1,H
20/10/08,Newcastle,Man City,2,2,NH
25/10/08,Blackburn,Middlesbrough,1,1,NH
25/10/08,Everton,Man United,1,1,NH
25/10/08,Sunderland,Newcastle,2,1,H
25/10/08,West Brom,Hull,0,3,NH
26/10/08,Chelsea,Liverpool,0,1,NH
26/10/08,Man City,Stoke,3,0,H
26/10/08,Portsmouth,Fulham,1,1,NH
26/10/08,Tottenham,Bolton,2,0,H
26/10/08,West Ham,Arsenal,0,2,NH
26/10/08,Wigan,Aston Villa,0,4,NH
28/10/08,Newcastle,West Brom,2,1,H
29/10/08,Arsenal,Tottenham,4,4,NH
29/10/08,Aston Villa,Blackburn,3,2,H
29/10/08,Bolton,Everton,0,1,NH
29/10/08,Fulham,Wigan,2,0,H
29/10/08,Hull,Chelsea,0,3,NH
29/10/08,Liverpool,Portsmouth,1,0,H
29/10/08,Man United,West Ham,2,0,H
29/10/08,Middlesbrough,Man City,2,0,H
29/10/08,Stoke,Sunderland,1,0,H
01/11/08,Chelsea,Sunderland,5,0,H
01/11/08,Everton,Fulham,1,0,H
01/11/08,Man United,Hull,4,3,H
01/11/08,Middlesbrough,West Ham,1,1,NH
01/11/08,Portsmouth,Wigan,1,2,NH
01/11/08,Stoke,Arsenal,2,1,H
01/11/08,Tottenham,Liverpool,2,1,H
01/11/08,West Brom,Blackburn,2,2,NH
02/11/08,Bolton,Man City,2,0,H
03/11/08,Newcastle,Aston Villa,2,0,H
08/11/08,Arsenal,Man United,2,1,H
08/11/08,Hull,Bolton,0,1,NH
08/11/08,Liverpool,West Brom,3,0,H
08/11/08,Sunderland,Portsmouth,1,2,NH
08/11/08,West Ham,Everton,1,3,NH
08/11/08,Wigan,Stoke,0,0,NH
09/11/08,Aston Villa,Middlesbrough,1,2,NH
09/11/08,Blackburn,Chelsea,0,2,NH
09/11/08,Fulham,Newcastle,2,1,H
09/11/08,Man City,Tottenham,1,2,NH
15/11/08,Arsenal,Aston Villa,0,2,NH
15/11/08,Blackburn,Sunderland,1,2,NH
15/11/08,Bolton,Liverpool,0,2,NH
15/11/08,Fulham,Tottenham,2,1,H
15/11/08,Man United,Stoke,5,0,H
15/11/08,Newcastle,Wigan,2,2,NH
15/11/08,West Brom,Chelsea,0,3,NH
15/11/08,West Ham,Portsmouth,0,0,NH
16/11/08,Everton,Middlesbrough,1,1,NH
16/11/08,Hull,Man City,2,2,NH
22/11/08,Aston Villa,Man United,0,0,NH
22/11/08,Chelsea,Newcastle,0,0,NH
22/11/08,Liverpool,Fulham,0,0,NH
22/11/08,Man City,Arsenal,3,0,H
22/11/08,Middlesbrough,Bolton,1,3,NH
22/11/08,Portsmouth,Hull,2,2,NH
22/11/08,Stoke,West Brom,1,0,H
23/11/08,Sunderland,West Ham,0,1,NH
23/11/08,Tottenham,Blackburn,1,0,H
24/11/08,Wigan,Everton,1,0,H
29/11/08,Aston Villa,Fulham,0,0,NH
29/11/08,Middlesbrough,Newcastle,0,0,NH
29/11/08,Stoke,Hull,1,1,NH
29/11/08,Sunderland,Bolton,1,4,NH
29/11/08,Wigan,West Brom,2,1,H
30/11/08,Chelsea,Arsenal,1,2,NH
30/11/08,Man City,Man United,0,1,NH
30/11/08,Portsmouth,Blackburn,3,2,H
30/11/08,Tottenham,Everton,0,1,NH
01/12/08,Liverpool,West Ham,0,0,NH
06/12/08,Arsenal,Wigan,1,0,H
06/12/08,Blackburn,Liverpool,1,3,NH
06/12/08,Bolton,Chelsea,0,2,NH
06/12/08,Fulham,Man City,1,1,NH
06/12/08,Hull,Middlesbrough,2,1,H
06/12/08,Man United,Sunderland,1,0,H
06/12/08,Newcastle,Stoke,2,2,NH
07/12/08,Everton,Aston Villa,2,3,NH
07/12/08,West Brom,Portsmouth,1,1,NH
08/12/08,West Ham,Tottenham,0,2,NH
13/12/08,Aston Villa,Bolton,4,2,H
13/12/08,Liverpool,Hull,2,2,NH
13/12/08,Man City,Everton,0,1,NH
13/12/08,Middlesbrough,Arsenal,1,1,NH
13/12/08,Stoke,Fulham,0,0,NH
13/12/08,Sunderland,West Brom,4,0,H
13/12/08,Tottenham,Man United,0,0,NH
13/12/08,Wigan,Blackburn,3,0,H
14/12/08,Chelsea,West Ham,1,1,NH
14/12/08,Portsmouth,Newcastle,0,3,NH
20/12/08,Blackburn,Stoke,3,0,H
20/12/08,Bolton,Portsmouth,2,1,H
20/12/08,Fulham,Middlesbrough,3,0,H
20/12/08,Hull,Sunderland,1,4,NH
20/12/08,West Ham,Aston Villa,0,1,NH
21/12/08,Arsenal,Liverpool,1,1,NH
21/12/08,Newcastle,Tottenham,2,1,H
21/12/08,West Brom,Man City,2,1,H
22/12/08,Everton,Chelsea,0,0,NH
26/12/08,Aston Villa,Arsenal,2,2,NH
26/12/08,Chelsea,West Brom,2,0,H
26/12/08,Liverpool,Bolton,3,0,H
26/12/08,Man City,Hull,5,1,H
26/12/08,Middlesbrough,Everton,0,1,NH
26/12/08,Portsmouth,West Ham,1,4,NH
26/12/08,Stoke,Man United,0,1,NH
26/12/08,Sunderland,Blackburn,0,0,NH
26/12/08,Tottenham,Fulham,0,0,NH
26/12/08,Wigan,Newcastle,2,1,H
28/12/08,Arsenal,Portsmouth,1,0,H
28/12/08,Blackburn,Man City,2,2,NH
28/12/08,Bolton,Wigan,0,1,NH
28/12/08,Everton,Sunderland,3,0,H
28/12/08,Fulham,Chelsea,2,2,NH
28/12/08,Newcastle,Liverpool,1,5,NH
28/12/08,West Brom,Tottenham,2,0,H
28/12/08,West Ham,Stoke,2,1,H
29/12/08,Man United,Middlesbrough,1,0,H
30/12/08,Hull,Aston Villa,0,1,NH
10/01/09,Arsenal,Bolton,1,0,H
10/01/09,Aston Villa,West Brom,2,1,H
10/01/09,Everton,Hull,2,0,H
10/01/09,Middlesbrough,Sunderland,1,1,NH
10/01/09,Newcastle,West Ham,2,2,NH
10/01/09,Stoke,Liverpool,0,0,NH
11/01/09,Man United,Chelsea,3,0,H
11/01/09,Wigan,Tottenham,1,0,H
14/01/09,Man United,Wigan,1,0,H
17/01/09,Blackburn,Newcastle,3,0,H
17/01/09,Bolton,Man United,0,1,NH
17/01/09,Chelsea,Stoke,2,1,H
17/01/09,Hull,Arsenal,1,3,NH
17/01/09,Man City,Wigan,1,0,H
17/01/09,Sunderland,Aston Villa,1,2,NH
17/01/09,West Brom,Middlesbrough,3,0,H
18/01/09,Tottenham,Portsmouth,1,1,NH
18/01/09,West Ham,Fulham,3,1,H
19/01/09,Liverpool,Everton,1,1,NH
27/01/09,Portsmouth,Aston Villa,0,1,NH
27/01/09,Sunderland,Fulham,1,0,H
27/01/09,Tottenham,Stoke,3,1,H
27/01/09,West Brom,Man United,0,5,NH
28/01/09,Blackburn,Bolton,2,2,NH
28/01/09,Chelsea,Middlesbrough,2,0,H
28/01/09,Everton,Arsenal,1,1,NH
28/01/09,Man City,Newcastle,2,1,H
28/01/09,West Ham,Hull,2,0,H
28/01/09,Wigan,Liverpool,1,1,NH
31/01/09,Arsenal,West Ham,0,0,NH
31/01/09,Aston Villa,Wigan,0,0,NH
31/01/09,Bolton,Tottenham,3,2,H
31/01/09,Fulham,Portsmouth,3,1,H
31/01/09,Hull,West Brom,2,2,NH
31/01/09,Man United,Everton,1,0,H
31/01/09,Middlesbrough,Blackburn,0,0,NH
31/01/09,Stoke,Man City,1,0,H
01/02/09,Liverpool,Chelsea,2,0,H
01/02/09,Newcastle,Sunderland,1,1,NH
07/02/09,Blackburn,Aston Villa,0,2,NH
07/02/09,Chelsea,Hull,0,0,NH
07/02/09,Everton,Bolton,3,0,H
07/02/09,Man City,Middlesbrough,1,0,H
07/02/09,Portsmouth,Liverpool,2,3,NH
07/02/09,Sunderland,Stoke,2,0,H
07/02/09,West Brom,Newcastle,2,3,NH
07/02/09,Wigan,Fulham,0,0,NH
08/02/09,Tottenham,Arsenal,0,0,NH
08/02/09,West Ham,Man United,0,1,NH
14/02/09,Portsmouth,Man City,2,0,H
18/02/09,Man United,Fulham,3,0,H
21/02/09,Arsenal,Sunderland,0,0,NH
21/02/09,Aston Villa,Chelsea,0,1,NH
21/02/09,Bolton,West Ham,2,1,H
21/02/09,Man United,Blackburn,2,1,H
21/02/09,Middlesbrough,Wigan,0,0,NH
21/02/09,Stoke,Portsmouth,2,2,NH
22/02/09,Fulham,West Brom,2,0,H
22/02/09,Liverpool,Man City,1,1,NH
22/02/09,Newcastle,Everton,0,0,NH
23/02/09,Hull,Tottenham,1,2,NH
28/02/09,Arsenal,Fulham,0,0,NH
28/02/09,Chelsea,Wigan,2,1,H
28/02/09,Everton,West Brom,2,0,H
28/02/09,Middlesbrough,Liverpool,2,0,H
01/03/09,Aston Villa,Stoke,2,2,NH
01/03/09,Bolton,Newcastle,1,0,H
01/03/09,Hull,Blackburn,1,2,NH
01/03/09,West Ham,Man City,1,0,H
03/03/09,Liverpool,Sunderland,2,0,H
03/03/09,Portsmouth,Chelsea,0,1,NH
03/03/09,West Brom,Arsenal,1,3,NH
04/03/09,Blackburn,Everton,0,0,NH
04/03/09,Fulham,Hull,0,1,NH
04/03/09,Man City,Aston Villa,2,0,H
04/03/09,Newcastle,Man United,1,2,NH
04/03/09,Stoke,Bolton,2,0,H
04/03/09,Tottenham,Middlesbrough,4,0,H
04/03/09,Wigan,West Ham,0,1,NH
07/03/09,Sunderland,Tottenham,1,1,NH
11/03/09,Fulham,Blackburn,1,2,NH
14/03/09,Arsenal,Blackburn,4,0,H
14/03/09,Bolton,Fulham,1,3,NH
14/03/09,Everton,Stoke,3,1,H
14/03/09,Hull,Newcastle,1,1,NH
14/03/09,Man United,Liverpool,1,4,NH
14/03/09,Middlesbrough,Portsmouth,1,1,NH
14/03/09,Sunderland,Wigan,1,2,NH
15/03/09,Aston Villa,Tottenham,1,2,NH
15/03/09,Chelsea,Man City,1,0,H
16/03/09,West Ham,West Brom,0,0,NH
21/03/09,Blackburn,West Ham,1,1,NH
21/03/09,Fulham,Man United,2,0,H
21/03/09,Newcastle,Arsenal,1,3,NH
21/03/09,Portsmouth,Everton,2,1,H
21/03/09,Stoke,Middlesbrough,1,0,H
21/03/09,Tottenham,Chelsea,1,0,H
21/03/09,West Brom,Bolton,1,1,NH
22/03/09,Liverpool,Aston Villa,5,0,H
22/03/09,Man City,Sunderland,1,0,H
22/03/09,Wigan,Hull,1,0,H
04/04/09,Arsenal,Man City,2,0,H
04/04/09,Blackburn,Tottenham,2,1,H
04/04/09,Bolton,Middlesbrough,4,1,H
04/04/09,Fulham,Liverpool,0,1,NH
04/04/09,Hull,Portsmouth,0,0,NH
04/04/09,Newcastle,Chelsea,0,2,NH
04/04/09,West Brom,Stoke,0,2,NH
04/04/09,West Ham,Sunderland,2,0,H
05/04/09,Everton,Wigan,4,0,H
05/04/09,Man United,Aston Villa,3,2,H
11/04/09,Chelsea,Bolton,4,3,H
11/04/09,Liverpool,Blackburn,4,0,H
11/04/09,Middlesbrough,Hull,3,1,H
11/04/09,Portsmouth,West Brom,2,2,NH
11/04/09,Stoke,Newcastle,1,1,NH
11/04/09,Sunderland,Man United,1,2,NH
11/04/09,Tottenham,West Ham,1,0,H
11/04/09,Wigan,Arsenal,1,4,NH
12/04/09,Aston Villa,Everton,3,3,NH
12/04/09,Man City,Fulham,1,3,NH
18/04/09,Aston Villa,West Ham,1,1,NH
18/04/09,Middlesbrough,Fulham,0,0,NH
18/04/09,Portsmouth,Bolton,1,0,H
18/04/09,Stoke,Blackburn,1,0,H
18/04/09,Sunderland,Hull,1,0,H
19/04/09,Man City,West Brom,4,2,H
19/04/09,Tottenham,Newcastle,1,0,H
21/04/09,Liverpool,Arsenal,4,4,NH
22/04/09,Chelsea,Everton,0,0,NH
22/04/09,Man United,Portsmouth,2,0,H
25/04/09,Bolton,Aston Villa,1,1,NH
25/04/09,Everton,Man City,1,2,NH
25/04/09,Fulham,Stoke,1,0,H
25/04/09,Hull,Liverpool,1,3,NH
25/04/09,Man United,Tottenham,5,2,H
25/04/09,West Brom,Sunderland,3,0,H
25/04/09,West Ham,Chelsea,0,1,NH
26/04/09,Arsenal,Middlesbrough,2,0,H
26/04/09,Blackburn,Wigan,2,0,H
27/04/09,Newcastle,Portsmouth,0,0,NH
02/05/09,Chelsea,Fulham,3,1,H
02/05/09,Man City,Blackburn,3,1,H
02/05/09,Middlesbrough,Man United,0,2,NH
02/05/09,Portsmouth,Arsenal,0,3,NH
02/05/09,Stoke,West Ham,0,1,NH
02/05/09,Tottenham,West Brom,1,0,H
02/05/09,Wigan,Bolton,0,0,NH
03/05/09,Liverpool,Newcastle,3,0,H
03/05/09,Sunderland,Everton,0,2,NH
04/05/09,Aston Villa,Hull,1,0,H
09/05/09,Blackburn,Portsmouth,2,0,H
09/05/09,Bolton,Sunderland,0,0,NH
09/05/09,Everton,Tottenham,0,0,NH
09/05/09,Fulham,Aston Villa,3,1,H
09/05/09,Hull,Stoke,1,2,NH
09/05/09,West Brom,Wigan,3,1,H
09/05/09,West Ham,Liverpool,0,3,NH
10/05/09,Arsenal,Chelsea,1,4,NH
10/05/09,Man United,Man City,2,0,H
11/05/09,Newcastle,Middlesbrough,3,1,H
13/05/09,Wigan,Man United,1,2,NH
16/05/09,Bolton,Hull,1,1,NH
16/05/09,Everton,West Ham,3,1,H
16/05/09,Man United,Arsenal,0,0,NH
16/05/09,Middlesbrough,Aston Villa,1,1,NH
16/05/09,Newcastle,Fulham,0,1,NH
16/05/09,Stoke,Wigan,2,0,H
16/05/09,Tottenham,Man City,2,1,H
17/05/09,Chelsea,Blackburn,2,0,H
17/05/09,West Brom,Liverpool,0,2,NH
18/05/09,Portsmouth,Sunderland,3,1,H
24/05/09,Arsenal,Stoke,4,1,H
24/05/09,Aston Villa,Newcastle,1,0,H
24/05/09,Blackburn,West Brom,0,0,NH
24/05/09,Fulham,Everton,0,2,NH
24/05/09,Hull,Man United,0,1,NH
24/05/09,Liverpool,Tottenham,3,1,H
24/05/09,Man City,Bolton,1,0,H
24/05/09,Sunderland,Chelsea,2,3,NH
24/05/09,West Ham,Middlesbrough,2,1,H
24/05/09,Wigan,Portsmouth,1,0,H
15/08/09,Aston Villa,Wigan,0,2,NH
15/08/09,Blackburn,Man City,0,2,NH
15/08/09,Bolton,Sunderland,0,1,NH
15/08/09,Chelsea,Hull,2,1,H
15/08/09,Everton,Arsenal,1,6,NH
15/08/09,Portsmouth,Fulham,0,1,NH
15/08/09,Stoke,Burnley,2,0,H
15/08/09,Wolves,West Ham,0,2,NH
16/08/09,Man United,Birmingham,1,0,H
16/08/09,Tottenham,Liverpool,2,1,H
18/08/09,Sunderland,Chelsea,1,3,NH
18/08/09,Wigan,Wolves,0,1,NH
19/08/09,Birmingham,Portsmouth,1,0,H
19/08/09,Burnley,Man United,1,0,H
19/08/09,Hull,Tottenham,1,5,NH
19/08/09,Liverpool,Stoke,4,0,H
22/08/09,Arsenal,Portsmouth,4,1,H
22/08/09,Birmingham,Stoke,0,0,NH
22/08/09,Hull,Bolton,1,0,H
22/08/09,Man City,Wolves,1,0,H
22/08/09,Sunderland,Blackburn,2,1,H
22/08/09,Wigan,Man United,0,5,NH
23/08/09,Burnley,Everton,1,0,H
23/08/09,Fulham,Chelsea,0,2,NH
23/08/09,West Ham,Tottenham,1,2,NH
24/08/09,Liverpool,Aston Villa,1,3,NH
29/08/09,Blackburn,West Ham,0,0,NH
29/08/09,Bolton,Liverpool,2,3,NH
29/08/09,Chelsea,Burnley,3,0,H
29/08/09,Man United,Arsenal,2,1,H
29/08/09,Stoke,Sunderland,1,0,H
29/08/09,Tottenham,Birmingham,2,1,H
29/08/09,Wolves,Hull,1,1,NH
30/08/09,Aston Villa,Fulham,2,0,H
30/08/09,Everton,Wigan,2,1,H
30/08/09,Portsmouth,Man City,0,1,NH
12/09/09,Blackburn,Wolves,3,1,H
12/09/09,Liverpool,Burnley,4,0,H
12/09/09,Man City,Arsenal,4,2,H
12/09/09,Portsmouth,Bolton,2,3,NH
12/09/09,Stoke,Chelsea,1,2,NH
12/09/09,Sunderland,Hull,4,1,H
12/09/09,Tottenham,Man United,1,3,NH
12/09/09,Wigan,West Ham,1,0,H
13/09/09,Birmingham,Aston Villa,0,1,NH
13/09/09,Fulham,Everton,2,1,H
19/09/09,Arsenal,Wigan,4,0,H
19/09/09,Aston Villa,Portsmouth,2,0,H
19/09/09,Bolton,Stoke,1,1,NH
19/09/09,Burnley,Sunderland,3,1,H
19/09/09,Hull,Birmingham,0,1,NH
19/09/09,West Ham,Liverpool,2,3,NH
20/09/09,Chelsea,Tottenham,3,0,H
20/09/09,Everton,Blackburn,3,0,H
20/09/09,Man United,Man City,4,3,H
20/09/09,Wolves,Fulham,2,1,H
26/09/09,Birmingham,Bolton,1,2,NH
26/09/09,Blackburn,Aston Villa,2,1,H
26/09/09,Fulham,Arsenal,0,1,NH
26/09/09,Liverpool,Hull,6,1,H
26/09/09,Portsmouth,Everton,0,1,NH
26/09/09,Stoke,Man United,0,2,NH
26/09/09,Tottenham,Burnley,5,0,H
26/09/09,Wigan,Chelsea,3,1,H
27/09/09,Sunderland,Wolves,5,2,H
28/09/09,Man City,West Ham,3,1,H
03/10/09,Bolton,Tottenham,2,2,NH
03/10/09,Burnley,Birmingham,2,1,H
03/10/09,Hull,Wigan,2,1,H
03/10/09,Man United,Sunderland,2,2,NH
03/10/09,Wolves,Portsmouth,0,1,NH
04/10/09,Arsenal,Blackburn,6,2,H
04/10/09,Chelsea,Liverpool,2,0,H
04/10/09,Everton,Stoke,1,1,NH
04/10/09,West Ham,Fulham,2,2,NH
05/10/09,Aston Villa,Man City,1,1,NH
17/10/09,Arsenal,Birmingham,3,1,H
17/10/09,Aston Villa,Chelsea,2,1,H
17/10/09,Everton,Wolves,1,1,NH
17/10/09,Man United,Bolton,2,1,H
17/10/09,Portsmouth,Tottenham,1,2,NH
17/10/09,Stoke,West Ham,2,1,H
17/10/09,Sunderland,Liverpool,1,0,H
18/10/09,Blackburn,Burnley,3,2,H
18/10/09,Wigan,Man City,1,1,NH
19/10/09,Fulham,Hull,2,0,H
24/10/09,Birmingham,Sunderland,2,1,H
24/10/09,Burnley,Wigan,1,3,NH
24/10/09,Chelsea,Blackburn,5,0,H
24/10/09,Hull,Portsmouth,0,0,NH
24/10/09,Tottenham,Stoke,0,1,NH
24/10/09,Wolves,Aston Villa,1,1,NH
25/10/09,Bolton,Everton,3,2,H
25/10/09,Liverpool,Man United,2,0,H
25/10/09,Man City,Fulham,2,2,NH
25/10/09,West Ham,Arsenal,2,2,NH
31/10/09,Arsenal,Tottenham,3,0,H
31/10/09,Bolton,Chelsea,0,4,NH
31/10/09,Burnley,Hull,2,0,H
31/10/09,Everton,Aston Villa,1,1,NH
31/10/09,Fulham,Liverpool,3,1,H
31/10/09,Man United,Blackburn,2,0,H
31/10/09,Portsmouth,Wigan,4,0,H
31/10/09,Stoke,Wolves,2,2,NH
31/10/09,Sunderland,West Ham,2,2,NH
01/11/09,Birmingham,Man City,0,0,NH
04/11/09,West Ham,Aston Villa,2,1,H
07/11/09,Aston Villa,Bolton,5,1,H
07/11/09,Blackburn,Portsmouth,3,1,H
07/11/09,Man City,Burnley,3,3,NH
07/11/09,Tottenham,Sunderland,2,0,H
07/11/09,Wolves,Arsenal,1,4,NH
08/11/09,Chelsea,Man United,1,0,H
08/11/09,Hull,Stoke,2,1,H
08/11/09,West Ham,Everton,1,2,NH
08/11/09,Wigan,Fulham,1,1,NH
09/11/09,Liverpool,Birmingham,2,2,NH
21/11/09,Birmingham,Fulham,1,0,H
21/11/09,Burnley,Aston Villa,1,1,NH
21/11/09,Chelsea,Wolves,4,0,H
21/11/09,Hull,West Ham,3,3,NH
21/11/09,Liverpool,Man City,2,2,NH
21/11/09,Man United,Everton,3,0,H
21/11/09,Sunderland,Arsenal,1,0,H
22/11/09,Bolton,Blackburn,0,2,NH
22/11/09,Stoke,Portsmouth,1,0,H
22/11/09,Tottenham,Wigan,9,1,H
25/11/09,Fulham,Blackburn,3,0,H
25/11/09,Hull,Everton,3,2,H
28/11/09,Aston Villa,Tottenham,1,1,NH
28/11/09,Blackburn,Stoke,0,0,NH
28/11/09,Fulham,Bolton,1,1,NH
28/11/09,Man City,Hull,1,1,NH
28/11/09,Portsmouth,Man United,1,4,NH
28/11/09,West Ham,Burnley,5,3,H
28/11/09,Wigan,Sunderland,1,0,H
29/11/09,Arsenal,Chelsea,0,3,NH
29/11/09,Everton,Liverpool,0,2,NH
29/11/09,Wolves,Birmingham,0,1,NH
05/12/09,Arsenal,Stoke,2,0,H
05/12/09,Aston Villa,Hull,3,0,H
05/12/09,Blackburn,Liverpool,0,0,NH
05/12/09,Man City,Chelsea,2,1,H
05/12/09,Portsmouth,Burnley,2,0,H
05/12/09,West Ham,Man United,0,4,NH
05/12/09,Wigan,Birmingham,2,3,NH
05/12/09,Wolves,Bolton,2,1,H
06/12/09,Everton,Tottenham,2,2,NH
06/12/09,Fulham,Sunderland,1,0,H
12/12/09,Birmingham,West Ham,1,0,H
12/12/09,Bolton,Man City,3,3,NH
12/12/09,Burnley,Fulham,1,1,NH
12/12/09,Chelsea,Everton,3,3,NH
12/12/09,Hull,Blackburn,0,0,NH
12/12/09,Man United,Aston Villa,0,1,NH
12/12/09,Stoke,Wigan,2,2,NH
12/12/09,Sunderland,Portsmouth,1,1,NH
12/12/09,Tottenham,Wolves,0,1,NH
13/12/09,Liverpool,Arsenal,1,2,NH
15/12/09,Birmingham,Blackburn,2,1,H
15/12/09,Bolton,West Ham,3,1,H
15/12/09,Man United,Wolves,3,0,H
15/12/09,Sunderland,Aston Villa,0,2,NH
16/12/09,Burnley,Arsenal,1,1,NH
16/12/09,Chelsea,Portsmouth,2,1,H
16/12/09,Liverpool,Wigan,2,1,H
16/12/09,Tottenham,Man City,3,0,H
19/12/09,Arsenal,Hull,3,0,H
19/12/09,Aston Villa,Stoke,1,0,H
19/12/09,Blackburn,Tottenham,0,2,NH
19/12/09,Fulham,Man United,3,0,H
19/12/09,Man City,Sunderland,4,3,H
19/12/09,Portsmouth,Liverpool,2,0,H
20/12/09,Everton,Birmingham,1,1,NH
20/12/09,West Ham,Chelsea,1,1,NH
20/12/09,Wolves,Burnley,2,0,H
26/12/09,Birmingham,Chelsea,0,0,NH
26/12/09,Burnley,Bolton,1,1,NH
26/12/09,Fulham,Tottenham,0,0,NH
26/12/09,Liverpool,Wolves,2,0,H
26/12/09,Man City,Stoke,2,0,H
26/12/09,Sunderland,Everton,1,1,NH
26/12/09,West Ham,Portsmouth,2,0,H
26/12/09,Wigan,Blackburn,1,1,NH
27/12/09,Arsenal,Aston Villa,3,0,H
27/12/09,Hull,Man United,1,3,NH
28/12/09,Blackburn,Sunderland,2,2,NH
28/12/09,Chelsea,Fulham,2,1,H
28/12/09,Everton,Burnley,2,0,H
28/12/09,Stoke,Birmingham,0,1,NH
28/12/09,Tottenham,West Ham,2,0,H
28/12/09,Wolves,Man City,0,3,NH
29/12/09,Aston Villa,Liverpool,0,1,NH
29/12/09,Bolton,Hull,2,2,NH
30/12/09,Man United,Wigan,5,0,H
30/12/09,Portsmouth,Arsenal,1,4,NH
05/01/10,Stoke,Fulham,3,2,H
09/01/10,Arsenal,Everton,2,2,NH
09/01/10,Birmingham,Man United,1,1,NH
11/01/10,Man City,Blackburn,4,1,H
16/01/10,Chelsea,Sunderland,7,2,H
16/01/10,Everton,Man City,2,0,H
16/01/10,Man United,Burnley,3,0,H
16/01/10,Stoke,Liverpool,1,1,NH
16/01/10,Tottenham,Hull,0,0,NH
16/01/10,Wolves,Wigan,0,2,NH
17/01/10,Aston Villa,West Ham,0,0,NH
17/01/10,Blackburn,Fulham,2,0,H
17/01/10,Bolton,Arsenal,0,2,NH
20/01/10,Arsenal,Bolton,4,2,H
20/01/10,Liverpool,Tottenham,2,0,H
23/01/10,Man United,Hull,4,0,H
26/01/10,Bolton,Burnley,1,0,H
26/01/10,Portsmouth,West Ham,1,1,NH
26/01/10,Tottenham,Fulham,2,0,H
26/01/10,Wolves,Liverpool,0,0,NH
27/01/10,Aston Villa,Arsenal,0,0,NH
27/01/10,Blackburn,Wigan,2,1,H
27/01/10,Chelsea,Birmingham,3,0,H
27/01/10,Everton,Sunderland,2,0,H
30/01/10,Birmingham,Tottenham,1,1,NH
30/01/10,Burnley,Chelsea,1,2,NH
30/01/10,Fulham,Aston Villa,0,2,NH
30/01/10,Hull,Wolves,2,2,NH
30/01/10,Liverpool,Bolton,2,0,H
30/01/10,West Ham,Blackburn,0,0,NH
30/01/10,Wigan,Everton,0,1,NH
31/01/10,Arsenal,Man United,1,3,NH
31/01/10,Man City,Portsmouth,2,0,H
01/02/10,Sunderland,Stoke,0,0,NH
02/02/10,Hull,Chelsea,1,1,NH
03/02/10,Fulham,Portsmouth,1,0,H
06/02/10,Bolton,Fulham,0,0,NH
06/02/10,Burnley,West Ham,2,1,H
06/02/10,Hull,Man City,2,1,H
06/02/10,Liverpool,Everton,1,0,H
06/02/10,Man United,Portsmouth,5,0,H
06/02/10,Stoke,Blackburn,3,0,H
06/02/10,Sunderland,Wigan,1,1,NH
06/02/10,Tottenham,Aston Villa,0,0,NH
07/02/10,Birmingham,Wolves,2,1,H
07/02/10,Chelsea,Arsenal,2,0,H
09/02/10,Fulham,Burnley,3,0,H
09/02/10,Man City,Bolton,2,0,H
09/02/10,Portsmouth,Sunderland,1,1,NH
09/02/10,Wigan,Stoke,1,1,NH
10/02/10,Arsenal,Liverpool,1,0,H
10/02/10,Aston Villa,Man United,1,1,NH
10/02/10,Blackburn,Hull,1,0,H
10/02/10,Everton,Chelsea,2,1,H
10/02/10,West Ham,Birmingham,2,0,H
10/02/10,Wolves,Tottenham,1,0,H
16/02/10,Stoke,Man City,1,1,NH
17/02/10,Wigan,Bolton,0,0,NH
20/02/10,Arsenal,Sunderland,2,0,H
20/02/10,Everton,Man United,3,1,H
20/02/10,Portsmouth,Stoke,1,2,NH
20/02/10,West Ham,Hull,3,0,H
20/02/10,Wolves,Chelsea,0,2,NH
21/02/10,Aston Villa,Burnley,5,2,H
21/02/10,Blackburn,Bolton,3,0,H
21/02/10,Fulham,Birmingham,2,1,H
21/02/10,Man City,Liverpool,0,0,NH
21/02/10,Wigan,Tottenham,0,3,NH
23/02/10,Man United,West Ham,3,0,H
27/02/10,Birmingham,Wigan,1,0,H
27/02/10,Bolton,Wolves,1,0,H
27/02/10,Burnley,Portsmouth,1,2,NH
27/02/10,Chelsea,Man City,2,4,NH
27/02/10,Stoke,Arsenal,1,3,NH
28/02/10,Liverpool,Blackburn,2,1,H
28/02/10,Sunderland,Fulham,0,0,NH
28/02/10,Tottenham,Everton,2,1,H
06/03/10,Arsenal,Burnley,3,1,H
06/03/10,West Ham,Bolton,1,2,NH
06/03/10,Wolves,Man United,0,1,NH
07/03/10,Everton,Hull,5,1,H
08/03/10,Wigan,Liverpool,1,0,H
09/03/10,Portsmouth,Birmingham,1,2,NH
09/03/10,Sunderland,Bolton,4,0,H
10/03/10,Burnley,Stoke,1,1,NH
13/03/10,Birmingham,Everton,2,2,NH
13/03/10,Bolton,Wigan,4,0,H
13/03/10,Burnley,Wolves,1,2,NH
13/03/10,Chelsea,West Ham,4,1,H
13/03/10,Hull,Arsenal,1,2,NH
13/03/10,Stoke,Aston Villa,0,0,NH
13/03/10,Tottenham,Blackburn,3,1,H
14/03/10,Man United,Fulham,3,0,H
14/03/10,Sunderland,Man City,1,1,NH
15/03/10,Liverpool,Portsmouth,4,1,H
16/03/10,Wigan,Aston Villa,1,2,NH
20/03/10,Arsenal,West Ham,2,0,H
20/03/10,Aston Villa,Wolves,2,2,NH
20/03/10,Everton,Bolton,2,0,H
20/03/10,Portsmouth,Hull,3,2,H
20/03/10,Stoke,Tottenham,1,2,NH
20/03/10,Sunderland,Birmingham,3,1,H
20/03/10,Wigan,Burnley,1,0,H
21/03/10,Blackburn,Chelsea,1,1,NH
21/03/10,Fulham,Man City,1,2,NH
21/03/10,Man United,Liverpool,2,1,H
23/03/10,West Ham,Wolves,1,3,NH
24/03/10,Aston Villa,Sunderland,1,1,NH
24/03/10,Blackburn,Birmingham,2,1,H
24/03/10,Man City,Everton,0,2,NH
24/03/10,Portsmouth,Chelsea,0,5,NH
27/03/10,Birmingham,Arsenal,1,1,NH
27/03/10,Bolton,Man United,0,4,NH
27/03/10,Chelsea,Aston Villa,7,1,H
27/03/10,Hull,Fulham,2,0,H
27/03/10,Tottenham,Portsmouth,2,0,H
27/03/10,West Ham,Stoke,0,1,NH
27/03/10,Wolves,Everton,0,0,NH
28/03/10,Burnley,Blackburn,0,1,NH
28/03/10,Liverpool,Sunderland,3,0,H
29/03/10,Man City,Wigan,3,0,H
03/04/10,Arsenal,Wolves,1,0,H
03/04/10,Bolton,Aston Villa,0,1,NH
03/04/10,Burnley,Man City,1,6,NH
03/04/10,Man United,Chelsea,1,2,NH
03/04/10,Portsmouth,Blackburn,0,0,NH
03/04/10,Stoke,Hull,2,0,H
03/04/10,Sunderland,Tottenham,3,1,H
04/04/10,Birmingham,Liverpool,1,1,NH
04/04/10,Everton,West Ham,2,2,NH
04/04/10,Fulham,Wigan,2,1,H
10/04/10,Hull,Burnley,1,4,NH
10/04/10,West Ham,Sunderland,1,0,H
11/04/10,Blackburn,Man United,0,0,NH
11/04/10,Liverpool,Fulham,0,0,NH
11/04/10,Man City,Birmingham,5,1,H
11/04/10,Wolves,Stoke,0,0,NH
13/04/10,Chelsea,Bolton,1,0,H
14/04/10,Aston Villa,Everton,2,2,NH
14/04/10,Tottenham,Arsenal,2,1,H
14/04/10,Wigan,Portsmouth,0,0,NH
17/04/10,Birmingham,Hull,0,0,NH
17/04/10,Blackburn,Everton,2,3,NH
17/04/10,Fulham,Wolves,0,0,NH
17/04/10,Man City,Man United,0,1,NH
17/04/10,Stoke,Bolton,1,2,NH
17/04/10,Sunderland,Burnley,2,1,H
17/04/10,Tottenham,Chelsea,2,1,H
18/04/10,Portsmouth,Aston Villa,1,2,NH
18/04/10,Wigan,Arsenal,3,2,H
19/04/10,Liverpool,West Ham,3,0,H
21/04/10,Hull,Aston Villa,0,2,NH
24/04/10,Arsenal,Man City,0,0,NH
24/04/10,Bolton,Portsmouth,2,2,NH
24/04/10,Hull,Sunderland,0,1,NH
24/04/10,Man United,Tottenham,3,1,H
24/04/10,West Ham,Wigan,3,2,H
24/04/10,Wolves,Blackburn,1,1,NH
25/04/10,Aston Villa,Birmingham,1,0,H
25/04/10,Burnley,Liverpool,0,4,NH
25/04/10,Chelsea,Stoke,7,0,H
25/04/10,Everton,Fulham,2,1,H
01/05/10,Birmingham,Burnley,2,1,H
01/05/10,Man City,Aston Villa,3,1,H
01/05/10,Portsmouth,Wolves,3,1,H
01/05/10,Stoke,Everton,0,0,NH
01/05/10,Tottenham,Bolton,1,0,H
02/05/10,Fulham,West Ham,3,2,H
02/05/10,Liverpool,Chelsea,0,2,NH
02/05/10,Sunderland,Man United,0,1,NH
03/05/10,Blackburn,Arsenal,2,1,H
03/05/10,Wigan,Hull,2,2,NH
05/05/10,Fulham,Stoke,0,1,NH
05/05/10,Man City,Tottenham,0,1,NH
09/05/10,Arsenal,Fulham,4,0,H
09/05/10,Aston Villa,Blackburn,0,1,NH
09/05/10,Bolton,Birmingham,2,1,H
09/05/10,Burnley,Tottenham,4,2,H
09/05/10,Chelsea,Wigan,8,0,H
09/05/10,Everton,Portsmouth,1,0,H
09/05/10,Hull,Liverpool,0,0,NH
09/05/10,Man United,Stoke,4,0,H
09/05/10,West Ham,Man City,1,1,NH
09/05/10,Wolves,Sunderland,2,1,H
14/08/10,Aston Villa,West Ham,3,0,H
14/08/10,Blackburn,Everton,1,0,H
14/08/10,Bolton,Fulham,0,0,NH
14/08/10,Chelsea,West Brom,6,0,H
14/08/10,Sunderland,Birmingham,2,2,NH
14/08/10,Tottenham,Man City,0,0,NH
14/08/10,Wigan,Blackpool,0,4,NH
14/08/10,Wolves,Stoke,2,1,H
15/08/10,Liverpool,Arsenal,1,1,NH
16/08/10,Man United,Newcastle,3,0,H
21/08/10,Arsenal,Blackpool,6,0,H
21/08/10,Birmingham,Blackburn,2,1,H
21/08/10,Everton,Wolves,1,1,NH
21/08/10,Stoke,Tottenham,1,2,NH
21/08/10,West Brom,Sunderland,1,0,H
21/08/10,West Ham,Bolton,1,3,NH
21/08/10,Wigan,Chelsea,0,6,NH
22/08/10,Fulham,Man United,2,2,NH
22/08/10,Newcastle,Aston Villa,6,0,H
23/08/10,Man City,Liverpool,3,0,H
28/08/10,Blackburn,Arsenal,1,2,NH
28/08/10,Blackpool,Fulham,2,2,NH
28/08/10,Chelsea,Stoke,2,0,H
28/08/10,Man United,West Ham,3,0,H
28/08/10,Tottenham,Wigan,0,1,NH
28/08/10,Wolves,Newcastle,1,1,NH
29/08/10,Aston Villa,Everton,1,0,H
29/08/10,Bolton,Birmingham,2,2,NH
29/08/10,Liverpool,West Brom,1,0,H
29/08/10,Sunderland,Man City,1,0,H
11/09/10,Arsenal,Bolton,4,1,H
11/09/10,Everton,Man United,3,3,NH
11/09/10,Fulham,Wolves,2,1,H
11/09/10,Man City,Blackburn,1,1,NH
11/09/10,Newcastle,Blackpool,0,2,NH
11/09/10,West Brom,Tottenham,1,1,NH
11/09/10,West Ham,Chelsea,1,3,NH
11/09/10,Wigan,Sunderland,1,1,NH
12/09/10,Birmingham,Liverpool,0,0,NH
13/09/10,Stoke,Aston Villa,2,1,H
18/09/10,Aston Villa,Bolton,1,1,NH
18/09/10,Blackburn,Fulham,1,1,NH
18/09/10,Everton,Newcastle,0,1,NH
18/09/10,Stoke,West Ham,1,1,NH
18/09/10,Sunderland,Arsenal,1,1,NH
18/09/10,Tottenham,Wolves,3,1,H
18/09/10,West Brom,Birmingham,3,1,H
19/09/10,Chelsea,Blackpool,4,0,H
19/09/10,Man United,Liverpool,3,2,H
19/09/10,Wigan,Man City,0,2,NH
25/09/10,Arsenal,West Brom,2,3,NH
25/09/10,Birmingham,Wigan,0,0,NH
25/09/10,Blackpool,Blackburn,1,2,NH
25/09/10,Fulham,Everton,0,0,NH
25/09/10,Liverpool,Sunderland,2,2,NH
25/09/10,Man City,Chelsea,1,0,H
25/09/10,West Ham,Tottenham,1,0,H
26/09/10,Bolton,Man United,2,2,NH
26/09/10,Newcastle,Stoke,1,2,NH
26/09/10,Wolves,Aston Villa,1,2,NH
02/10/10,Birmingham,Everton,0,2,NH
02/10/10,Stoke,Blackburn,1,0,H
02/10/10,Sunderland,Man United,0,0,NH
02/10/10,Tottenham,Aston Villa,2,1,H
02/10/10,West Brom,Bolton,1,1,NH
02/10/10,West Ham,Fulham,1,1,NH
02/10/10,Wigan,Wolves,2,0,H
03/10/10,Chelsea,Arsenal,2,0,H
03/10/10,Liverpool,Blackpool,1,2,NH
03/10/10,Man City,Newcastle,2,1,H
16/10/10,Arsenal,Birmingham,2,1,H
16/10/10,Aston Villa,Chelsea,0,0,NH
16/10/10,Bolton,Stoke,2,1,H
16/10/10,Fulham,Tottenham,1,2,NH
16/10/10,Man United,West Brom,2,2,NH
16/10/10,Newcastle,Wigan,2,2,NH
16/10/10,Wolves,West Ham,1,1,NH
17/10/10,Blackpool,Man City,2,3,NH
17/10/10,Everton,Liverpool,2,0,H
18/10/10,Blackburn,Sunderland,0,0,NH
23/10/10,Birmingham,Blackpool,2,0,H
23/10/10,Chelsea,Wolves,2,0,H
23/10/10,Sunderland,Aston Villa,1,0,H
23/10/10,Tottenham,Everton,1,1,NH
23/10/10,West Brom,Fulham,2,1,H
23/10/10,West Ham,Newcastle,1,2,NH
23/10/10,Wigan,Bolton,1,1,NH
24/10/10,Liverpool,Blackburn,2,1,H
24/10/10,Man City,Arsenal,0,3,NH
24/10/10,Stoke,Man United,1,2,NH
30/10/10,Arsenal,West Ham,1,0,H
30/10/10,Blackburn,Chelsea,1,2,NH
30/10/10,Everton,Stoke,1,0,H
30/10/10,Fulham,Wigan,2,0,H
30/10/10,Man United,Tottenham,2,0,H
30/10/10,Wolves,Man City,2,1,H
31/10/10,Aston Villa,Birmingham,0,0,NH
31/10/10,Bolton,Liverpool,0,1,NH
31/10/10,Newcastle,Sunderland,5,1,H
01/11/10,Blackpool,West Brom,2,1,H
06/11/10,Birmingham,West Ham,2,2,NH
06/11/10,Blackburn,Wigan,2,1,H
06/11/10,Blackpool,Everton,2,2,NH
06/11/10,Bolton,Tottenham,4,2,H
06/11/10,Fulham,Aston Villa,1,1,NH
06/11/10,Man United,Wolves,2,1,H
06/11/10,Sunderland,Stoke,2,0,H
07/11/10,Arsenal,Newcastle,0,1,NH
07/11/10,Liverpool,Chelsea,2,0,H
07/11/10,West Brom,Man City,0,2,NH
09/11/10,Stoke,Birmingham,3,2,H
09/11/10,Tottenham,Sunderland,1,1,NH
10/11/10,Aston Villa,Blackpool,3,2,H
10/11/10,Chelsea,Fulham,1,0,H
10/11/10,Everton,Bolton,1,1,NH
10/11/10,Man City,Man United,0,0,NH
10/11/10,Newcastle,Blackburn,1,2,NH
10/11/10,West Ham,West Brom,2,2,NH
10/11/10,Wigan,Liverpool,1,1,NH
10/11/10,Wolves,Arsenal,0,2,NH
13/11/10,Aston Villa,Man United,2,2,NH
13/11/10,Man City,Birmingham,0,0,NH
13/11/10,Newcastle,Fulham,0,0,NH
13/11/10,Stoke,Liverpool,2,0,H
13/11/10,Tottenham,Blackburn,4,2,H
13/11/10,West Ham,Blackpool,0,0,NH
13/11/10,Wigan,West Brom,1,0,H
13/11/10,Wolves,Bolton,2,3,NH
14/11/10,Chelsea,Sunderland,0,3,NH
14/11/10,Everton,Arsenal,1,2,NH
20/11/10,Arsenal,Tottenham,2,3,NH
20/11/10,Birmingham,Chelsea,1,0,H
20/11/10,Blackpool,Wolves,2,1,H
20/11/10,Bolton,Newcastle,5,1,H
20/11/10,Liverpool,West Ham,3,0,H
20/11/10,Man United,Wigan,2,0,H
20/11/10,West Brom,Stoke,0,3,NH
21/11/10,Blackburn,Aston Villa,2,0,H
21/11/10,Fulham,Man City,1,4,NH
22/11/10,Sunderland,Everton,2,2,NH
27/11/10,Aston Villa,Arsenal,2,4,NH
27/11/10,Bolton,Blackpool,2,2,NH
27/11/10,Everton,West Brom,1,4,NH
27/11/10,Fulham,Birmingham,1,1,NH
27/11/10,Man United,Blackburn,7,1,H
27/11/10,Stoke,Man City,1,1,NH
27/11/10,West Ham,Wigan,3,1,H
27/11/10,Wolves,Sunderland,3,2,H
28/11/10,Newcastle,Chelsea,1,1,NH
28/11/10,Tottenham,Liverpool,2,1,H
04/12/10,Arsenal,Fulham,2,1,H
04/12/10,Birmingham,Tottenham,1,1,NH
04/12/10,Blackburn,Wolves,3,0,H
04/12/10,Chelsea,Everton,1,1,NH
04/12/10,Man City,Bolton,1,0,H
04/12/10,Wigan,Stoke,2,2,NH
05/12/10,Sunderland,West Ham,1,0,H
05/12/10,West Brom,Newcastle,3,1,H
06/12/10,Liverpool,Aston Villa,3,0,H
11/12/10,Aston Villa,West Brom,2,1,H
11/12/10,Everton,Wigan,0,0,NH
11/12/10,Fulham,Sunderland,0,0,NH
11/12/10,Newcastle,Liverpool,3,1,H
11/12/10,Stoke,Blackpool,0,1,NH
11/12/10,West Ham,Man City,1,3,NH
12/12/10,Bolton,Blackburn,2,1,H
12/12/10,Tottenham,Chelsea,1,1,NH
12/12/10,Wolves,Birmingham,1,0,H
13/12/10,Man United,Arsenal,1,0,H
18/12/10,Blackburn,West Ham,1,1,NH
18/12/10,Sunderland,Bolton,1,0,H
20/12/10,Man City,Everton,1,2,NH
26/12/10,Aston Villa,Tottenham,1,2,NH
26/12/10,Blackburn,Stoke,0,2,NH
26/12/10,Bolton,West Brom,2,0,H
26/12/10,Fulham,West Ham,1,3,NH
26/12/10,Man United,Sunderland,2,0,H
26/12/10,Newcastle,Man City,1,3,NH
26/12/10,Wolves,Wigan,1,2,NH
27/12/10,Arsenal,Chelsea,3,1,H
28/12/10,Birmingham,Man United,1,1,NH
28/12/10,Man City,Aston Villa,4,0,H
28/12/10,Stoke,Fulham,0,2,NH
28/12/10,Sunderland,Blackpool,0,2,NH
28/12/10,Tottenham,Newcastle,2,0,H
28/12/10,West Brom,Blackburn,1,3,NH
28/12/10,West Ham,Everton,1,1,NH
29/12/10,Chelsea,Bolton,1,0,H
29/12/10,Liverpool,Wolves,0,1,NH
29/12/10,Wigan,Arsenal,2,2,NH
01/01/11,Birmingham,Arsenal,0,3,NH
01/01/11,Liverpool,Bolton,2,1,H
01/01/11,Man City,Blackpool,1,0,H
01/01/11,Stoke,Everton,2,0,H
01/01/11,Sunderland,Blackburn,3,0,H
01/01/11,Tottenham,Fulham,1,0,H
01/01/11,West Brom,Man United,1,2,NH
01/01/11,West Ham,Wolves,2,0,H
02/01/11,Chelsea,Aston Villa,3,3,NH
02/01/11,Wigan,Newcastle,0,1,NH
04/01/11,Blackpool,Birmingham,1,2,NH
04/01/11,Fulham,West Brom,3,0,H
04/01/11,Man United,Stoke,2,1,H
05/01/11,Arsenal,Man City,0,0,NH
05/01/11,Aston Villa,Sunderland,0,1,NH
05/01/11,Blackburn,Liverpool,3,1,H
05/01/11,Bolton,Wigan,1,1,NH
05/01/11,Everton,Tottenham,2,1,H
05/01/11,Newcastle,West Ham,5,0,H
05/01/11,Wolves,Chelsea,1,0,H
12/01/11,Blackpool,Liverpool,2,1,H
15/01/11,Chelsea,Blackburn,2,0,H
15/01/11,Man City,Wolves,4,3,H
15/01/11,Stoke,Bolton,2,0,H
15/01/11,West Brom,Blackpool,3,2,H
15/01/11,West Ham,Arsenal,0,3,NH
15/01/11,Wigan,Fulham,1,1,NH
16/01/11,Birmingham,Aston Villa,1,1,NH
16/01/11,Liverpool,Everton,2,2,NH
16/01/11,Sunderland,Newcastle,1,1,NH
16/01/11,Tottenham,Man United,0,0,NH
22/01/11,Arsenal,Wigan,3,0,H
22/01/11,Aston Villa,Man City,1,0,H
22/01/11,Blackpool,Sunderland,1,2,NH
22/01/11,Everton,West Ham,2,2,NH
22/01/11,Fulham,Stoke,2,0,H
22/01/11,Man United,Birmingham,5,0,H
22/01/11,Newcastle,Tottenham,1,1,NH
22/01/11,Wolves,Liverpool,0,3,NH
23/01/11,Blackburn,West Brom,2,0,H
24/01/11,Bolton,Chelsea,0,4,NH
25/01/11,Blackpool,Man United,2,3,NH
25/01/11,Wigan,Aston Villa,1,2,NH
26/01/11,Liverpool,Fulham,1,0,H
01/02/11,Arsenal,Everton,2,1,H
01/02/11,Man United,Aston Villa,3,1,H
01/02/11,Sunderland,Chelsea,2,4,NH
01/02/11,West Brom,Wigan,2,2,NH
02/02/11,Birmingham,Man City,2,2,NH
02/02/11,Blackburn,Tottenham,0,1,NH
02/02/11,Blackpool,West Ham,1,3,NH
02/02/11,Bolton,Wolves,1,0,H
02/02/11,Fulham,Newcastle,1,0,H
02/02/11,Liverpool,Stoke,2,0,H
05/02/11,Aston Villa,Fulham,2,2,NH
05/02/11,Everton,Blackpool,5,3,H
05/02/11,Man City,West Brom,3,0,H
05/02/11,Newcastle,Arsenal,4,4,NH
05/02/11,Stoke,Sunderland,3,2,H
05/02/11,Tottenham,Bolton,2,1,H
05/02/11,Wigan,Blackburn,4,3,H
05/02/11,Wolves,Man United,2,1,H
06/02/11,Chelsea,Liverpool,0,1,NH
06/02/11,West Ham,Birmingham,0,1,NH
12/02/11,Arsenal,Wolves,2,0,H
12/02/11,Birmingham,Stoke,1,0,H
12/02/11,Blackburn,Newcastle,0,0,NH
12/02/11,Blackpool,Aston Villa,1,1,NH
12/02/11,Liverpool,Wigan,1,1,NH
12/02/11,Man United,Man City,2,1,H
12/02/11,Sunderland,Tottenham,1,2,NH
12/02/11,West Brom,West Ham,3,3,NH
13/02/11,Bolton,Everton,2,0,H
14/02/11,Fulham,Chelsea,0,0,NH
15/02/11,Birmingham,Newcastle,0,2,NH
20/02/11,West Brom,Wolves,1,1,NH
22/02/11,Blackpool,Tottenham,3,1,H
23/02/11,Arsenal,Stoke,1,0,H
26/02/11,Aston Villa,Blackburn,4,1,H
26/02/11,Everton,Sunderland,2,0,H
26/02/11,Newcastle,Bolton,1,1,NH
26/02/11,Wigan,Man United,0,4,NH
26/02/11,Wolves,Blackpool,4,0,H
27/02/11,Man City,Fulham,1,1,NH
27/02/11,West Ham,Liverpool,3,1,H
28/02/11,Stoke,West Brom,1,1,NH
01/03/11,Chelsea,Man United,2,1,H
05/03/11,Arsenal,Sunderland,0,0,NH
05/03/11,Birmingham,West Brom,1,3,NH
05/03/11,Bolton,Aston Villa,3,2,H
05/03/11,Fulham,Blackburn,3,2,H
05/03/11,Man City,Wigan,1,0,H
05/03/11,Newcastle,Everton,1,2,NH
05/03/11,West Ham,Stoke,3,0,H
06/03/11,Liverpool,Man United,3,1,H
06/03/11,Wolves,Tottenham,3,3,NH
07/03/11,Blackpool,Chelsea,1,3,NH
09/03/11,Everton,Birmingham,1,1,NH
19/03/11,Aston Villa,Wolves,0,1,NH
19/03/11,Blackburn,Blackpool,2,2,NH
19/03/11,Everton,Fulham,2,1,H
19/03/11,Man United,Bolton,1,0,H
19/03/11,Stoke,Newcastle,4,0,H
19/03/11,Tottenham,West Ham,0,0,NH
19/03/11,West Brom,Arsenal,2,2,NH
19/03/11,Wigan,Birmingham,2,1,H
20/03/11,Chelsea,Man City,2,0,H
20/03/11,Sunderland,Liverpool,0,2,NH
02/04/11,Arsenal,Blackburn,0,0,NH
02/04/11,Birmingham,Bolton,2,1,H
02/04/11,Everton,Aston Villa,2,2,NH
02/04/11,Newcastle,Wolves,4,1,H
02/04/11,Stoke,Chelsea,1,1,NH
02/04/11,West Brom,Liverpool,2,1,H
02/04/11,West Ham,Man United,2,4,NH
02/04/11,Wigan,Tottenham,0,0,NH
03/04/11,Fulham,Blackpool,3,0,H
03/04/11,Man City,Sunderland,5,0,H
09/04/11,Blackburn,Birmingham,1,1,NH
09/04/11,Bolton,West Ham,3,0,H
09/04/11,Chelsea,Wigan,1,0,H
09/04/11,Man United,Fulham,2,0,H
09/04/11,Sunderland,West Brom,2,3,NH
09/04/11,Tottenham,Stoke,3,2,H
09/04/11,Wolves,Everton,0,3,NH
10/04/11,Aston Villa,Newcastle,1,0,H
10/04/11,Blackpool,Arsenal,1,3,NH
11/04/11,Liverpool,Man City,3,0,H
16/04/11,Birmingham,Sunderland,2,0,H
16/04/11,Blackpool,Wigan,1,3,NH
16/04/11,Everton,Blackburn,2,0,H
16/04/11,West Brom,Chelsea,1,3,NH
16/04/11,West Ham,Aston Villa,1,2,NH
17/04/11,Arsenal,Liverpool,1,1,NH
19/04/11,Newcastle,Man United,0,0,NH
20/04/11,Chelsea,Birmingham,3,1,H
20/04/11,Tottenham,Arsenal,3,3,NH
23/04/11,Aston Villa,Stoke,1,1,NH
23/04/11,Blackpool,Newcastle,1,1,NH
23/04/11,Chelsea,West Ham,3,0,H
23/04/11,Liverpool,Birmingham,5,0,H
23/04/11,Man United,Everton,1,0,H
23/04/11,Sunderland,Wigan,4,2,H
23/04/11,Tottenham,West Brom,2,2,NH
23/04/11,Wolves,Fulham,1,1,NH
24/04/11,Bolton,Arsenal,2,1,H
25/04/11,Blackburn,Man City,0,1,NH
26/04/11,Stoke,Wolves,3,0,H
27/04/11,Fulham,Bolton,3,0,H
30/04/11,Blackburn,Bolton,1,0,H
30/04/11,Blackpool,Stoke,0,0,NH
30/04/11,Chelsea,Tottenham,2,1,H
30/04/11,Sunderland,Fulham,0,3,NH
30/04/11,West Brom,Aston Villa,2,1,H
30/04/11,Wigan,Everton,1,1,NH
01/05/11,Arsenal,Man United,1,0,H
01/05/11,Birmingham,Wolves,1,1,NH
01/05/11,Liverpool,Newcastle,3,0,H
01/05/11,Man City,West Ham,2,1,H
07/05/11,Aston Villa,Wigan,1,1,NH
07/05/11,Bolton,Sunderland,1,2,NH
07/05/11,Everton,Man City,2,1,H
07/05/11,Newcastle,Birmingham,2,1,H
07/05/11,Tottenham,Blackpool,1,1,NH
07/05/11,West Ham,Blackburn,1,1,NH
08/05/11,Man United,Chelsea,2,1,H
08/05/11,Stoke,Arsenal,3,1,H
08/05/11,Wolves,West Brom,3,1,H
09/05/11,Fulham,Liverpool,2,5,NH
10/05/11,Man City,Tottenham,1,0,H
14/05/11,Blackburn,Man United,1,1,NH
14/05/11,Blackpool,Bolton,4,3,H
14/05/11,Sunderland,Wolves,1,3,NH
14/05/11,West Brom,Everton,1,0,H
15/05/11,Arsenal,Aston Villa,1,2,NH
15/05/11,Birmingham,Fulham,0,2,NH
15/05/11,Chelsea,Newcastle,2,2,NH
15/05/11,Liverpool,Tottenham,0,2,NH
15/05/11,Wigan,West Ham,3,2,H
17/05/11,Man City,Stoke,3,0,H
22/05/11,Aston Villa,Liverpool,1,0,H
22/05/11,Bolton,Man City,0,2,NH
22/05/11,Everton,Chelsea,1,0,H
22/05/11,Fulham,Arsenal,2,2,NH
22/05/11,Man United,Blackpool,4,2,H
22/05/11,Newcastle,West Brom,3,3,NH
22/05/11,Stoke,Wigan,0,1,NH
22/05/11,Tottenham,Birmingham,2,1,H
22/05/11,West Ham,Sunderland,0,3,NH
22/05/11,Wolves,Blackburn,2,3,NH
13/08/11,Blackburn,Wolves,1,2,NH
13/08/11,Fulham,Aston Villa,0,0,NH
13/08/11,Liverpool,Sunderland,1,1,NH
13/08/11,Newcastle,Arsenal,0,0,NH
13/08/11,QPR,Bolton,0,4,NH
13/08/11,Wigan,Norwich,1,1,NH
14/08/11,Stoke,Chelsea,0,0,NH
14/08/11,West Brom,Man United,1,2,NH
15/08/11,Man City,Swansea,4,0,H
20/08/11,Arsenal,Liverpool,0,2,NH
20/08/11,Aston Villa,Blackburn,3,1,H
20/08/11,Chelsea,West Brom,2,1,H
20/08/11,Everton,QPR,0,1,NH
20/08/11,Sunderland,Newcastle,0,1,NH
20/08/11,Swansea,Wigan,0,0,NH
21/08/11,Bolton,Man City,2,3,NH
21/08/11,Norwich,Stoke,1,1,NH
21/08/11,Wolves,Fulham,2,0,H
22/08/11,Man United,Tottenham,3,0,H
27/08/11,Aston Villa,Wolves,0,0,NH
27/08/11,Blackburn,Everton,0,1,NH
27/08/11,Chelsea,Norwich,3,1,H
27/08/11,Liverpool,Bolton,3,1,H
27/08/11,Swansea,Sunderland,0,0,NH
27/08/11,Wigan,QPR,2,0,H
28/08/11,Man United,Arsenal,8,2,H
28/08/11,Newcastle,Fulham,2,1,H
28/08/11,Tottenham,Man City,1,5,NH
28/08/11,West Brom,Stoke,0,1,NH
10/09/11,Arsenal,Swansea,1,0,H
10/09/11,Bolton,Man United,0,5,NH
10/09/11,Everton,Aston Villa,2,2,NH
10/09/11,Man City,Wigan,3,0,H
10/09/11,Stoke,Liverpool,1,0,H
10/09/11,Sunderland,Chelsea,1,2,NH
10/09/11,Wolves,Tottenham,0,2,NH
11/09/11,Fulham,Blackburn,1,1,NH
11/09/11,Norwich,West Brom,0,1,NH
12/09/11,QPR,Newcastle,0,0,NH
17/09/11,Aston Villa,Newcastle,1,1,NH
17/09/11,Blackburn,Arsenal,4,3,H
17/09/11,Bolton,Norwich,1,2,NH
17/09/11,Everton,Wigan,3,1,H
17/09/11,Swansea,West Brom,3,0,H
17/09/11,Wolves,QPR,0,3,NH
18/09/11,Fulham,Man City,2,2,NH
18/09/11,Man United,Chelsea,3,1,H
18/09/11,Sunderland,Stoke,4,0,H
18/09/11,Tottenham,Liverpool,4,0,H
24/09/11,Arsenal,Bolton,3,0,H
24/09/11,Chelsea,Swansea,4,1,H
24/09/11,Liverpool,Wolves,2,1,H
24/09/11,Man City,Everton,2,0,H
24/09/11,Newcastle,Blackburn,3,1,H
24/09/11,Stoke,Man United,1,1,NH
24/09/11,West Brom,Fulham,0,0,NH
24/09/11,Wigan,Tottenham,1,2,NH
25/09/11,QPR,Aston Villa,1,1,NH
26/09/11,Norwich,Sunderland,2,1,H
01/10/11,Aston Villa,Wigan,2,0,H
01/10/11,Blackburn,Man City,0,4,NH
01/10/11,Everton,Liverpool,0,2,NH
01/10/11,Man United,Norwich,2,0,H
01/10/11,Sunderland,West Brom,2,2,NH
01/10/11,Wolves,Newcastle,1,2,NH
02/10/11,Bolton,Chelsea,1,5,NH
02/10/11,Fulham,QPR,6,0,H
02/10/11,Swansea,Stoke,2,0,H
02/10/11,Tottenham,Arsenal,2,1,H
15/10/11,Chelsea,Everton,3,1,H
15/10/11,Liverpool,Man United,1,1,NH
15/10/11,Man City,Aston Villa,4,1,H
15/10/11,Norwich,Swansea,3,1,H
15/10/11,QPR,Blackburn,1,1,NH
15/10/11,Stoke,Fulham,2,0,H
15/10/11,Wigan,Bolton,1,3,NH
16/10/11,Arsenal,Sunderland,2,1,H
16/10/11,Newcastle,Tottenham,2,2,NH
16/10/11,West Brom,Wolves,2,0,H
22/10/11,Aston Villa,West Brom,1,2,NH
22/10/11,Bolton,Sunderland,0,2,NH
22/10/11,Liverpool,Norwich,1,1,NH
22/10/11,Newcastle,Wigan,1,0,H
22/10/11,Wolves,Swansea,2,2,NH
23/10/11,Arsenal,Stoke,3,1,H
23/10/11,Blackburn,Tottenham,1,2,NH
23/10/11,Fulham,Everton,1,3,NH
23/10/11,Man United,Man City,1,6,NH
23/10/11,QPR,Chelsea,1,0,H
29/10/11,Chelsea,Arsenal,3,5,NH
29/10/11,Everton,Man United,0,1,NH
29/10/11,Man City,Wolves,3,1,H
29/10/11,Norwich,Blackburn,3,3,NH
29/10/11,Sunderland,Aston Villa,2,2,NH
29/10/11,Swansea,Bolton,3,1,H
29/10/11,West Brom,Liverpool,0,2,NH
29/10/11,Wigan,Fulham,0,2,NH
30/10/11,Tottenham,QPR,3,1,H
31/10/11,Stoke,Newcastle,1,3,NH
05/11/11,Arsenal,West Brom,3,0,H
05/11/11,Aston Villa,Norwich,3,2,H
05/11/11,Blackburn,Chelsea,0,1,NH
05/11/11,Liverpool,Swansea,0,0,NH
05/11/11,Man United,Sunderland,1,0,H
05/11/11,Newcastle,Everton,2,1,H
05/11/11,QPR,Man City,2,3,NH
06/11/11,Bolton,Stoke,5,0,H
06/11/11,Fulham,Tottenham,1,3,NH
06/11/11,Wolves,Wigan,3,1,H
19/11/11,Everton,Wolves,2,1,H
19/11/11,Man City,Newcastle,3,1,H
19/11/11,Norwich,Arsenal,1,2,NH
19/11/11,Stoke,QPR,2,3,NH
19/11/11,Sunderland,Fulham,0,0,NH
19/11/11,Swansea,Man United,0,1,NH
19/11/11,West Brom,Bolton,2,1,H
19/11/11,Wigan,Blackburn,3,3,NH
20/11/11,Chelsea,Liverpool,1,2,NH
21/11/11,Tottenham,Aston Villa,2,0,H
26/11/11,Arsenal,Fulham,1,1,NH
26/11/11,Bolton,Everton,0,2,NH
26/11/11,Chelsea,Wolves,3,0,H
26/11/11,Man United,Newcastle,1,1,NH
26/11/11,Norwich,QPR,2,1,H
26/11/11,Stoke,Blackburn,3,1,H
26/11/11,Sunderland,Wigan,1,2,NH
26/11/11,West Brom,Tottenham,1,3,NH
27/11/11,Liverpool,Man City,1,1,NH
27/11/11,Swansea,Aston Villa,0,0,NH
03/12/11,Aston Villa,Man United,0,1,NH
03/12/11,Blackburn,Swansea,4,2,H
03/12/11,Man City,Norwich,5,1,H
03/12/11,Newcastle,Chelsea,0,3,NH
03/12/11,QPR,West Brom,1,1,NH
03/12/11,Tottenham,Bolton,3,0,H
03/12/11,Wigan,Arsenal,0,4,NH
04/12/11,Everton,Stoke,0,1,NH
04/12/11,Wolves,Sunderland,2,1,H
05/12/11,Fulham,Liverpool,1,0,H
10/12/11,Arsenal,Everton,1,0,H
10/12/11,Bolton,Aston Villa,1,2,NH
10/12/11,Liverpool,QPR,1,0,H
10/12/11,Man United,Wolves,4,1,H
10/12/11,Norwich,Newcastle,4,2,H
10/12/11,Swansea,Fulham,2,0,H
10/12/11,West Brom,Wigan,1,2,NH
11/12/11,Stoke,Tottenham,2,1,H
11/12/11,Sunderland,Blackburn,2,1,H
12/12/11,Chelsea,Man City,2,1,H
17/12/11,Blackburn,West Brom,1,2,NH
17/12/11,Everton,Norwich,1,1,NH
17/12/11,Fulham,Bolton,2,0,H
17/12/11,Newcastle,Swansea,0,0,NH
17/12/11,Wigan,Chelsea,1,1,NH
17/12/11,Wolves,Stoke,1,2,NH
18/12/11,Aston Villa,Liverpool,0,2,NH
18/12/11,Man City,Arsenal,1,0,H
18/12/11,QPR,Man United,0,2,NH
18/12/11,Tottenham,Sunderland,1,0,H
20/12/11,Blackburn,Bolton,1,2,NH
20/12/11,Wolves,Norwich,2,2,NH
21/12/11,Aston Villa,Arsenal,1,2,NH
21/12/11,Everton,Swansea,1,0,H
21/12/11,Fulham,Man United,0,5,NH
21/12/11,Man City,Stoke,3,0,H
21/12/11,Newcastle,West Brom,2,3,NH
21/12/11,QPR,Sunderland,2,3,NH
21/12/11,Wigan,Liverpool,0,0,NH
22/12/11,Tottenham,Chelsea,1,1,NH
26/12/11,Bolton,Newcastle,0,2,NH
26/12/11,Chelsea,Fulham,1,1,NH
26/12/11,Liverpool,Blackburn,1,1,NH
26/12/11,Man United,Wigan,5,0,H
26/12/11,Stoke,Aston Villa,0,0,NH
26/12/11,Sunderland,Everton,1,1,NH
26/12/11,West Brom,Man City,0,0,NH
27/12/11,Arsenal,Wolves,1,1,NH
27/12/11,Norwich,Tottenham,0,2,NH
27/12/11,Swansea,QPR,1,1,NH
30/12/11,Liverpool,Newcastle,3,1,H
31/12/11,Arsenal,QPR,1,0,H
31/12/11,Bolton,Wolves,1,1,NH
31/12/11,Chelsea,Aston Villa,1,3,NH
31/12/11,Man United,Blackburn,2,3,NH
31/12/11,Norwich,Fulham,1,1,NH
31/12/11,Stoke,Wigan,2,2,NH
31/12/11,Swansea,Tottenham,1,1,NH
01/01/12,Sunderland,Man City,1,0,H
01/01/12,West Brom,Everton,0,1,NH
02/01/12,Aston Villa,Swansea,0,2,NH
02/01/12,Blackburn,Stoke,1,2,NH
02/01/12,Fulham,Arsenal,2,1,H
02/01/12,QPR,Norwich,1,2,NH
02/01/12,Wolves,Chelsea,1,2,NH
03/01/12,Man City,Liverpool,3,0,H
03/01/12,Tottenham,West Brom,1,0,H
03/01/12,Wigan,Sunderland,1,4,NH
04/01/12,Everton,Bolton,1,2,NH
04/01/12,Newcastle,Man United,3,0,H
11/01/12,Tottenham,Everton,2,0,H
14/01/12,Aston Villa,Everton,1,1,NH
14/01/12,Blackburn,Fulham,3,1,H
14/01/12,Chelsea,Sunderland,1,0,H
14/01/12,Liverpool,Stoke,0,0,NH
14/01/12,Man United,Bolton,3,0,H
14/01/12,Tottenham,Wolves,1,1,NH
14/01/12,West Brom,Norwich,1,2,NH
15/01/12,Newcastle,QPR,1,0,H
15/01/12,Swansea,Arsenal,3,2,H
16/01/12,Wigan,Man City,0,1,NH
21/01/12,Bolton,Liverpool,3,1,H
21/01/12,Everton,Blackburn,1,1,NH
21/01/12,Fulham,Newcastle,5,2,H
21/01/12,Norwich,Chelsea,0,0,NH
21/01/12,QPR,Wigan,3,1,H
21/01/12,Stoke,West Brom,1,2,NH
21/01/12,Sunderland,Swansea,2,0,H
21/01/12,Wolves,Aston Villa,2,3,NH
22/01/12,Arsenal,Man United,1,2,NH
22/01/12,Man City,Tottenham,3,2,H
31/01/12,Everton,Man City,1,0,H
31/01/12,Man United,Stoke,2,0,H
31/01/12,Swansea,Chelsea,1,1,NH
31/01/12,Tottenham,Wigan,3,1,H
31/01/12,Wolves,Liverpool,0,3,NH
01/02/12,Aston Villa,QPR,2,2,NH
01/02/12,Blackburn,Newcastle,0,2,NH
01/02/12,Bolton,Arsenal,0,0,NH
01/02/12,Fulham,West Brom,1,1,NH
01/02/12,Sunderland,Norwich,3,0,H
04/02/12,Arsenal,Blackburn,7,1,H
04/02/12,Man City,Fulham,3,0,H
04/02/12,Norwich,Bolton,2,0,H
04/02/12,QPR,Wolves,1,2,NH
04/02/12,Stoke,Sunderland,0,1,NH
04/02/12,West Brom,Swansea,1,2,NH
04/02/12,Wigan,Everton,1,1,NH
05/02/12,Chelsea,Man United,3,3,NH
05/02/12,Newcastle,Aston Villa,2,1,H
06/02/12,Liverpool,Tottenham,0,0,NH
11/02/12,Blackburn,QPR,3,2,H
11/02/12,Bolton,Wigan,1,2,NH
11/02/12,Everton,Chelsea,2,0,H
11/02/12,Fulham,Stoke,2,1,H
11/02/12,Man United,Liverpool,2,1,H
11/02/12,Sunderland,Arsenal,1,2,NH
11/02/12,Swansea,Norwich,2,3,NH
11/02/12,Tottenham,Newcastle,5,0,H
12/02/12,Aston Villa,Man City,0,1,NH
12/02/12,Wolves,West Brom,1,5,NH
25/02/12,Chelsea,Bolton,3,0,H
25/02/12,Man City,Blackburn,3,0,H
25/02/12,Newcastle,Wolves,2,2,NH
25/02/12,QPR,Fulham,0,1,NH
25/02/12,West Brom,Sunderland,4,0,H
25/02/12,Wigan,Aston Villa,0,0,NH
26/02/12,Arsenal,Tottenham,5,2,H
26/02/12,Norwich,Man United,1,2,NH
26/02/12,Stoke,Swansea,2,0,H
03/03/12,Blackburn,Aston Villa,1,1,NH
03/03/12,Liverpool,Arsenal,1,2,NH
03/03/12,Man City,Bolton,2,0,H
03/03/12,QPR,Everton,1,1,NH
03/03/12,Stoke,Norwich,1,0,H
03/03/12,West Brom,Chelsea,1,0,H
03/03/12,Wigan,Swansea,0,2,NH
04/03/12,Fulham,Wolves,5,0,H
04/03/12,Newcastle,Sunderland,1,1,NH
04/03/12,Tottenham,Man United,1,3,NH
10/03/12,Aston Villa,Fulham,1,0,H
10/03/12,Bolton,QPR,2,1,H
10/03/12,Chelsea,Stoke,1,0,H
10/03/12,Everton,Tottenham,1,0,H
10/03/12,Sunderland,Liverpool,1,0,H
10/03/12,Wolves,Blackburn,0,2,NH
11/03/12,Man United,West Brom,2,0,H
11/03/12,Norwich,Wigan,1,1,NH
11/03/12,Swansea,Man City,1,0,H
12/03/12,Arsenal,Newcastle,2,1,H
13/03/12,Liverpool,Everton,3,0,H
17/03/12,Fulham,Swansea,0,3,NH
17/03/12,Wigan,West Brom,1,1,NH
18/03/12,Newcastle,Norwich,1,0,H
18/03/12,Wolves,Man United,0,5,NH
20/03/12,Blackburn,Sunderland,2,0,H
21/03/12,Everton,Arsenal,0,1,NH
21/03/12,Man City,Chelsea,2,1,H
21/03/12,QPR,Liverpool,3,2,H
21/03/12,Tottenham,Stoke,1,1,NH
24/03/12,Arsenal,Aston Villa,3,0,H
24/03/12,Bolton,Blackburn,2,1,H
24/03/12,Chelsea,Tottenham,0,0,NH
24/03/12,Liverpool,Wigan,1,2,NH
24/03/12,Norwich,Wolves,2,1,H
24/03/12,Stoke,Man City,1,1,NH
24/03/12,Sunderland,QPR,3,1,H
24/03/12,Swansea,Everton,0,2,NH
25/03/12,West Brom,Newcastle,1,3,NH
26/03/12,Man United,Fulham,1,0,H
31/03/12,Aston Villa,Chelsea,2,4,NH
31/03/12,Everton,West Brom,2,0,H
31/03/12,Fulham,Norwich,2,1,H
31/03/12,Man City,Sunderland,3,3,NH
31/03/12,QPR,Arsenal,2,1,H
31/03/12,Wigan,Stoke,2,0,H
31/03/12,Wolves,Bolton,2,3,NH
01/04/12,Newcastle,Liverpool,2,0,H
01/04/12,Tottenham,Swansea,3,1,H
02/04/12,Blackburn,Man United,0,2,NH
06/04/12,Swansea,Newcastle,0,2,NH
07/04/12,Bolton,Fulham,0,3,NH
07/04/12,Chelsea,Wigan,2,1,H
07/04/12,Liverpool,Aston Villa,1,1,NH
07/04/12,Norwich,Everton,2,2,NH
07/04/12,Stoke,Wolves,2,1,H
07/04/12,Sunderland,Tottenham,0,0,NH
07/04/12,West Brom,Blackburn,3,0,H
08/04/12,Arsenal,Man City,1,0,H
08/04/12,Man United,QPR,2,0,H
09/04/12,Aston Villa,Stoke,1,1,NH
09/04/12,Everton,Sunderland,4,0,H
09/04/12,Fulham,Chelsea,1,1,NH
09/04/12,Newcastle,Bolton,2,0,H
09/04/12,Tottenham,Norwich,1,2,NH
10/04/12,Blackburn,Liverpool,2,3,NH
11/04/12,Man City,West Brom,4,0,H
11/04/12,QPR,Swansea,3,0,H
11/04/12,Wigan,Man United,1,0,H
11/04/12,Wolves,Arsenal,0,3,NH
14/04/12,Norwich,Man City,1,6,NH
14/04/12,Sunderland,Wolves,0,0,NH
14/04/12,Swansea,Blackburn,3,0,H
14/04/12,West Brom,QPR,1,0,H
15/04/12,Man United,Aston Villa,4,0,H
16/04/12,Arsenal,Wigan,1,2,NH
21/04/12,Arsenal,Chelsea,0,0,NH
21/04/12,Aston Villa,Sunderland,0,0,NH
21/04/12,Blackburn,Norwich,2,0,H
21/04/12,Bolton,Swansea,1,1,NH
21/04/12,Fulham,Wigan,2,1,H
21/04/12,Newcastle,Stoke,3,0,H
21/04/12,QPR,Tottenham,1,0,H
22/04/12,Liverpool,West Brom,0,1,NH
22/04/12,Man United,Everton,4,4,NH
22/04/12,Wolves,Man City,0,2,NH
24/04/12,Aston Villa,Bolton,1,2,NH
28/04/12,Everton,Fulham,4,0,H
28/04/12,Norwich,Liverpool,0,3,NH
28/04/12,Stoke,Arsenal,1,1,NH
28/04/12,Sunderland,Bolton,2,2,NH
28/04/12,Swansea,Wolves,4,4,NH
28/04/12,West Brom,Aston Villa,0,0,NH
28/04/12,Wigan,Newcastle,4,0,H
29/04/12,Chelsea,QPR,6,1,H
29/04/12,Tottenham,Blackburn,2,0,H
30/04/12,Man City,Man United,1,0,H
01/05/12,Liverpool,Fulham,0,1,NH
01/05/12,Stoke,Everton,1,1,NH
02/05/12,Bolton,Tottenham,1,4,NH
02/05/12,Chelsea,Newcastle,0,2,NH
05/05/12,Arsenal,Norwich,3,3,NH
06/05/12,Aston Villa,Tottenham,1,1,NH
06/05/12,Bolton,West Brom,2,2,NH
06/05/12,Fulham,Sunderland,2,1,H
06/05/12,Man United,Swansea,2,0,H
06/05/12,Newcastle,Man City,0,2,NH
06/05/12,QPR,Stoke,1,0,H
06/05/12,Wolves,Everton,0,0,NH
07/05/12,Blackburn,Wigan,0,1,NH
08/05/12,Liverpool,Chelsea,4,1,H
13/05/12,Chelsea,Blackburn,2,1,H
13/05/12,Everton,Newcastle,3,1,H
13/05/12,Man City,QPR,3,2,H
13/05/12,Norwich,Aston Villa,2,0,H
13/05/12,Stoke,Bolton,2,2,NH
13/05/12,Sunderland,Man United,0,1,NH
13/05/12,Swansea,Liverpool,1,0,H
13/05/12,Tottenham,Fulham,2,0,H
13/05/12,West Brom,Arsenal,2,3,NH
13/05/12,Wigan,Wolves,3,2,H
18/08/12,Arsenal,Sunderland,0,0,NH
18/08/12,Fulham,Norwich,5,0,H
18/08/12,Newcastle,Tottenham,2,1,H
18/08/12,QPR,Swansea,0,5,NH
18/08/12,Reading,Stoke,1,1,NH
18/08/12,West Brom,Liverpool,3,0,H
18/08/12,West Ham,Aston Villa,1,0,H
19/08/12,Man City,Southampton,3,2,H
19/08/12,Wigan,Chelsea,0,2,NH
20/08/12,Everton,Man United,1,0,H
22/08/12,Chelsea,Reading,4,2,H
25/08/12,Aston Villa,Everton,1,3,NH
25/08/12,Chelsea,Newcastle,2,0,H
25/08/12,Man United,Fulham,3,2,H
25/08/12,Norwich,QPR,1,1,NH
25/08/12,Southampton,Wigan,0,2,NH
25/08/12,Swansea,West Ham,3,0,H
25/08/12,Tottenham,West Brom,1,1,NH
26/08/12,Liverpool,Man City,2,2,NH
26/08/12,Stoke,Arsenal,0,0,NH
01/09/12,Man City,QPR,3,1,H
01/09/12,Swansea,Sunderland,2,2,NH
01/09/12,Tottenham,Norwich,1,1,NH
01/09/12,West Brom,Everton,2,0,H
01/09/12,West Ham,Fulham,3,0,H
01/09/12,Wigan,Stoke,2,2,NH
02/09/12,Liverpool,Arsenal,0,2,NH
02/09/12,Newcastle,Aston Villa,1,1,NH
02/09/12,Southampton,Man United,2,3,NH
15/09/12,Arsenal,Southampton,6,1,H
15/09/12,Aston Villa,Swansea,2,0,H
15/09/12,Fulham,West Brom,3,0,H
15/09/12,Man United,Wigan,4,0,H
15/09/12,Norwich,West Ham,0,0,NH
15/09/12,QPR,Chelsea,0,0,NH
15/09/12,Stoke,Man City,1,1,NH
15/09/12,Sunderland,Liverpool,1,1,NH
16/09/12,Reading,Tottenham,1,3,NH
17/09/12,Everton,Newcastle,2,2,NH
22/09/12,Chelsea,Stoke,1,0,H
22/09/12,Southampton,Aston Villa,4,1,H
22/09/12,Swansea,Everton,0,3,NH
22/09/12,West Brom,Reading,1,0,H
22/09/12,West Ham,Sunderland,1,1,NH
22/09/12,Wigan,Fulham,1,2,NH
23/09/12,Liverpool,Man United,1,2,NH
23/09/12,Man City,Arsenal,1,1,NH
23/09/12,Newcastle,Norwich,1,0,H
23/09/12,Tottenham,QPR,2,1,H
29/09/12,Arsenal,Chelsea,1,2,NH
29/09/12,Everton,Southampton,3,1,H
29/09/12,Fulham,Man City,1,2,NH
29/09/12,Man United,Tottenham,2,3,NH
29/09/12,Norwich,Liverpool,2,5,NH
29/09/12,Reading,Newcastle,2,2,NH
29/09/12,Stoke,Swansea,2,0,H
29/09/12,Sunderland,Wigan,1,0,H
30/09/12,Aston Villa,West Brom,1,1,NH
01/10/12,QPR,West Ham,1,2,NH
06/10/12,Chelsea,Norwich,4,1,H
06/10/12,Man City,Sunderland,3,0,H
06/10/12,Swansea,Reading,2,2,NH
06/10/12,West Brom,QPR,3,2,H
06/10/12,West Ham,Arsenal,1,3,NH
06/10/12,Wigan,Everton,2,2,NH
07/10/12,Liverpool,Stoke,0,0,NH
07/10/12,Newcastle,Man United,0,3,NH
07/10/12,Southampton,Fulham,2,2,NH
07/10/12,Tottenham,Aston Villa,2,0,H
20/10/12,Fulham,Aston Villa,1,0,H
20/10/12,Liverpool,Reading,1,0,H
20/10/12,Man United,Stoke,4,2,H
20/10/12,Norwich,Arsenal,1,0,H
20/10/12,Swansea,Wigan,2,1,H
20/10/12,Tottenham,Chelsea,2,4,NH
20/10/12,West Brom,Man City,1,2,NH
20/10/12,West Ham,Southampton,4,1,H
21/10/12,QPR,Everton,1,1,NH
21/10/12,Sunderland,Newcastle,1,1,NH
27/10/12,Arsenal,QPR,1,0,H
27/10/12,Aston Villa,Norwich,1,1,NH
27/10/12,Man City,Swansea,1,0,H
27/10/12,Reading,Fulham,3,3,NH
27/10/12,Stoke,Sunderland,0,0,NH
27/10/12,Wigan,West Ham,2,1,H
28/10/12,Chelsea,Man United,2,3,NH
28/10/12,Everton,Liverpool,2,2,NH
28/10/12,Newcastle,West Brom,2,1,H
28/10/12,Southampton,Tottenham,1,2,NH
03/11/12,Fulham,Everton,2,2,NH
03/11/12,Man United,Arsenal,2,1,H
03/11/12,Norwich,Stoke,1,0,H
03/11/12,Sunderland,Aston Villa,0,1,NH
03/11/12,Swansea,Chelsea,1,1,NH
03/11/12,Tottenham,Wigan,0,1,NH
03/11/12,West Ham,Man City,0,0,NH
04/11/12,Liverpool,Newcastle,1,1,NH
04/11/12,QPR,Reading,1,1,NH
05/11/12,West Brom,Southampton,2,0,H
10/11/12,Arsenal,Fulham,3,3,NH
10/11/12,Aston Villa,Man United,2,3,NH
10/11/12,Everton,Sunderland,2,1,H
10/11/12,Reading,Norwich,0,0,NH
10/11/12,Southampton,Swansea,1,1,NH
10/11/12,Stoke,QPR,1,0,H
10/11/12,Wigan,West Brom,1,2,NH
11/11/12,Chelsea,Liverpool,1,1,NH
11/11/12,Man City,Tottenham,2,1,H
11/11/12,Newcastle,West Ham,0,1,NH
17/11/12,Arsenal,Tottenham,5,2,H
17/11/12,Liverpool,Wigan,3,0,H
17/11/12,Man City,Aston Villa,5,0,H
17/11/12,Newcastle,Swansea,1,2,NH
17/11/12,Norwich,Man United,1,0,H
17/11/12,QPR,Southampton,1,3,NH
17/11/12,Reading,Everton,2,1,H
17/11/12,West Brom,Chelsea,2,1,H
18/11/12,Fulham,Sunderland,1,3,NH
19/11/12,West Ham,Stoke,1,1,NH
24/11/12,Aston Villa,Arsenal,0,0,NH
24/11/12,Everton,Norwich,1,1,NH
24/11/12,Man United,QPR,3,1,H
24/11/12,Stoke,Fulham,1,0,H
24/11/12,Sunderland,West Brom,2,4,NH
24/11/12,Wigan,Reading,3,2,H
25/11/12,Chelsea,Man City,0,0,NH
25/11/12,Southampton,Newcastle,2,0,H
25/11/12,Swansea,Liverpool,0,0,NH
25/11/12,Tottenham,West Ham,3,1,H
27/11/12,Aston Villa,Reading,1,0,H
27/11/12,Sunderland,QPR,0,0,NH
28/11/12,Chelsea,Fulham,0,0,NH
28/11/12,Everton,Arsenal,1,1,NH
28/11/12,Man United,West Ham,1,0,H
28/11/12,Southampton,Norwich,1,1,NH
28/11/12,Stoke,Newcastle,2,1,H
28/11/12,Swansea,West Brom,3,1,H
28/11/12,Tottenham,Liverpool,2,1,H
28/11/12,Wigan,Man City,0,2,NH
01/12/12,Arsenal,Swansea,0,2,NH
01/12/12,Fulham,Tottenham,0,3,NH
01/12/12,Liverpool,Southampton,1,0,H
01/12/12,Man City,Everton,1,1,NH
01/12/12,QPR,Aston Villa,1,1,NH
01/12/12,Reading,Man United,3,4,NH
01/12/12,West Brom,Stoke,0,1,NH
01/12/12,West Ham,Chelsea,3,1,H
02/12/12,Norwich,Sunderland,2,1,H
03/12/12,Newcastle,Wigan,3,0,H
08/12/12,Arsenal,West Brom,2,0,H
08/12/12,Aston Villa,Stoke,0,0,NH
08/12/12,Southampton,Reading,1,0,H
08/12/12,Sunderland,Chelsea,1,3,NH
08/12/12,Swansea,Norwich,3,4,NH
08/12/12,Wigan,QPR,2,2,NH
09/12/12,Everton,Tottenham,2,1,H
09/12/12,Man City,Man United,2,3,NH
09/12/12,West Ham,Liverpool,2,3,NH
10/12/12,Fulham,Newcastle,2,1,H
11/12/12,Sunderland,Reading,3,0,H
15/12/12,Liverpool,Aston Villa,1,3,NH
15/12/12,Man United,Sunderland,3,1,H
15/12/12,Newcastle,Man City,1,3,NH
15/12/12,Norwich,Wigan,2,1,H
15/12/12,QPR,Fulham,2,1,H
15/12/12,Stoke,Everton,1,1,NH
16/12/12,Tottenham,Swansea,1,0,H
16/12/12,West Brom,West Ham,0,0,NH
17/12/12,Reading,Arsenal,2,5,NH
22/12/12,Liverpool,Fulham,4,0,H
22/12/12,Man City,Reading,1,0,H
22/12/12,Newcastle,QPR,1,0,H
22/12/12,Southampton,Sunderland,0,1,NH
22/12/12,Tottenham,Stoke,0,0,NH
22/12/12,West Brom,Norwich,2,1,H
22/12/12,West Ham,Everton,1,2,NH
22/12/12,Wigan,Arsenal,0,1,NH
23/12/12,Chelsea,Aston Villa,8,0,H
23/12/12,Swansea,Man United,1,1,NH
26/12/12,Aston Villa,Tottenham,0,4,NH
26/12/12,Everton,Wigan,2,1,H
26/12/12,Fulham,Southampton,1,1,NH
26/12/12,Man United,Newcastle,4,3,H
26/12/12,Norwich,Chelsea,0,1,NH
26/12/12,QPR,West Brom,1,2,NH
26/12/12,Reading,Swansea,0,0,NH
26/12/12,Stoke,Liverpool,3,1,H
26/12/12,Sunderland,Man City,1,0,H
29/12/12,Arsenal,Newcastle,7,3,H
29/12/12,Aston Villa,Wigan,0,3,NH
29/12/12,Fulham,Swansea,1,2,NH
29/12/12,Man United,West Brom,2,0,H
29/12/12,Norwich,Man City,3,4,NH
29/12/12,Reading,West Ham,1,0,H
29/12/12,Stoke,Southampton,3,3,NH
29/12/12,Sunderland,Tottenham,1,2,NH
30/12/12,Everton,Chelsea,1,2,NH
30/12/12,QPR,Liverpool,0,3,NH
01/01/13,Man City,Stoke,3,0,H
01/01/13,Southampton,Arsenal,1,1,NH
01/01/13,Swansea,Aston Villa,2,2,NH
01/01/13,Tottenham,Reading,3,1,H
01/01/13,West Brom,Fulham,1,2,NH
01/01/13,West Ham,Norwich,2,1,H
01/01/13,Wigan,Man United,0,4,NH
02/01/13,Chelsea,QPR,0,1,NH
02/01/13,Liverpool,Sunderland,3,0,H
02/01/13,Newcastle,Everton,1,2,NH
12/01/13,Aston Villa,Southampton,0,1,NH
12/01/13,Everton,Swansea,0,0,NH
12/01/13,Fulham,Wigan,1,1,NH
12/01/13,Norwich,Newcastle,0,0,NH
12/01/13,QPR,Tottenham,0,0,NH
12/01/13,Reading,West Brom,3,2,H
12/01/13,Stoke,Chelsea,0,4,NH
12/01/13,Sunderland,West Ham,3,0,H
13/01/13,Arsenal,Man City,0,2,NH
13/01/13,Man United,Liverpool,2,1,H
16/01/13,Chelsea,Southampton,2,2,NH
19/01/13,Liverpool,Norwich,5,0,H
19/01/13,Man City,Fulham,2,0,H
19/01/13,Newcastle,Reading,1,2,NH
19/01/13,Swansea,Stoke,3,1,H
19/01/13,West Brom,Aston Villa,2,2,NH
19/01/13,West Ham,QPR,1,1,NH
19/01/13,Wigan,Sunderland,2,3,NH
20/01/13,Chelsea,Arsenal,2,1,H
20/01/13,Tottenham,Man United,1,1,NH
21/01/13,Southampton,Everton,0,0,NH
23/01/13,Arsenal,West Ham,5,1,H
29/01/13,Aston Villa,Newcastle,1,2,NH
29/01/13,QPR,Man City,0,0,NH
29/01/13,Stoke,Wigan,2,2,NH
29/01/13,Sunderland,Swansea,0,0,NH
30/01/13,Arsenal,Liverpool,2,2,NH
30/01/13,Everton,West Brom,2,1,H
30/01/13,Fulham,West Ham,3,1,H
30/01/13,Man United,Southampton,2,1,H
30/01/13,Norwich,Tottenham,1,1,NH
30/01/13,Reading,Chelsea,2,2,NH
02/02/13,Arsenal,Stoke,1,0,H
02/02/13,Everton,Aston Villa,3,3,NH
02/02/13,Fulham,Man United,0,1,NH
02/02/13,Newcastle,Chelsea,3,2,H
02/02/13,QPR,Norwich,0,0,NH
02/02/13,Reading,Sunderland,2,1,H
02/02/13,West Ham,Swansea,1,0,H
02/02/13,Wigan,Southampton,2,2,NH
03/02/13,Man City,Liverpool,2,2,NH
03/02/13,West Brom,Tottenham,0,1,NH
09/02/13,Chelsea,Wigan,4,1,H
09/02/13,Norwich,Fulham,0,0,NH
09/02/13,Southampton,Man City,3,1,H
09/02/13,Stoke,Reading,2,1,H
09/02/13,Sunderland,Arsenal,0,1,NH
09/02/13,Swansea,QPR,4,1,H
09/02/13,Tottenham,Newcastle,2,1,H
10/02/13,Aston Villa,West Ham,2,1,H
10/02/13,Man United,Everton,2,0,H
11/02/13,Liverpool,West Brom,0,2,NH
17/02/13,Liverpool,Swansea,5,0,H
23/02/13,Arsenal,Aston Villa,2,1,H
23/02/13,Fulham,Stoke,1,0,H
23/02/13,Norwich,Everton,2,1,H
23/02/13,QPR,Man United,0,2,NH
23/02/13,Reading,Wigan,0,3,NH
23/02/13,West Brom,Sunderland,2,1,H
24/02/13,Man City,Chelsea,2,0,H
24/02/13,Newcastle,Southampton,4,2,H
25/02/13,West Ham,Tottenham,2,3,NH
02/03/13,Chelsea,West Brom,1,0,H
02/03/13,Everton,Reading,3,1,H
02/03/13,Man United,Norwich,4,0,H
02/03/13,Southampton,QPR,1,2,NH
02/03/13,Stoke,West Ham,0,1,NH
02/03/13,Sunderland,Fulham,2,2,NH
02/03/13,Swansea,Newcastle,1,0,H
02/03/13,Wigan,Liverpool,0,4,NH
03/03/13,Tottenham,Arsenal,2,1,H
04/03/13,Aston Villa,Man City,0,1,NH
09/03/13,Norwich,Southampton,0,0,NH
09/03/13,QPR,Sunderland,3,1,H
09/03/13,Reading,Aston Villa,1,2,NH
09/03/13,West Brom,Swansea,2,1,H
10/03/13,Liverpool,Tottenham,3,2,H
10/03/13,Newcastle,Stoke,2,1,H
16/03/13,Aston Villa,QPR,3,2,H
16/03/13,Everton,Man City,2,0,H
16/03/13,Man United,Reading,1,0,H
16/03/13,Southampton,Liverpool,3,1,H
16/03/13,Stoke,West Brom,0,0,NH
16/03/13,Swansea,Arsenal,0,2,NH
17/03/13,Chelsea,West Ham,2,0,H
17/03/13,Sunderland,Norwich,1,1,NH
17/03/13,Tottenham,Fulham,0,1,NH
17/03/13,Wigan,Newcastle,2,1,H
30/03/13,Arsenal,Reading,4,1,H
30/03/13,Everton,Stoke,1,0,H
30/03/13,Man City,Newcastle,4,0,H
30/03/13,Southampton,Chelsea,2,1,H
30/03/13,Sunderland,Man United,0,1,NH
30/03/13,Swansea,Tottenham,1,2,NH
30/03/13,West Ham,West Brom,3,1,H
30/03/13,Wigan,Norwich,1,0,H
31/03/13,Aston Villa,Liverpool,1,2,NH
01/04/13,Fulham,QPR,3,2,H
06/04/13,Norwich,Swansea,2,2,NH
06/04/13,Reading,Southampton,0,2,NH
06/04/13,Stoke,Aston Villa,1,3,NH
06/04/13,West Brom,Arsenal,1,2,NH
07/04/13,Chelsea,Sunderland,2,1,H
07/04/13,Liverpool,West Ham,0,0,NH
07/04/13,Newcastle,Fulham,1,0,H
07/04/13,QPR,Wigan,1,1,NH
07/04/13,Tottenham,Everton,2,2,NH
08/04/13,Man United,Man City,1,2,NH
13/04/13,Arsenal,Norwich,3,1,H
13/04/13,Aston Villa,Fulham,1,1,NH
13/04/13,Everton,QPR,2,0,H
13/04/13,Reading,Liverpool,0,0,NH
13/04/13,Southampton,West Ham,1,1,NH
14/04/13,Newcastle,Sunderland,0,3,NH
14/04/13,Stoke,Man United,0,2,NH
16/04/13,Arsenal,Everton,0,0,NH
17/04/13,Fulham,Chelsea,0,3,NH
17/04/13,Man City,Wigan,1,0,H
17/04/13,West Ham,Man United,2,2,NH
20/04/13,Fulham,Arsenal,0,1,NH
20/04/13,Norwich,Reading,2,1,H
20/04/13,QPR,Stoke,0,2,NH
20/04/13,Sunderland,Everton,1,0,H
20/04/13,Swansea,Southampton,0,0,NH
20/04/13,West Brom,Newcastle,1,1,NH
20/04/13,West Ham,Wigan,2,0,H
21/04/13,Liverpool,Chelsea,2,2,NH
21/04/13,Tottenham,Man City,3,1,H
22/04/13,Man United,Aston Villa,3,0,H
27/04/13,Everton,Fulham,1,0,H
27/04/13,Man City,West Ham,2,1,H
27/04/13,Newcastle,Liverpool,0,6,NH
27/04/13,Southampton,West Brom,0,3,NH
27/04/13,Stoke,Norwich,1,0,H
27/04/13,Wigan,Tottenham,2,2,NH
28/04/13,Arsenal,Man United,1,1,NH
28/04/13,Chelsea,Swansea,2,0,H
28/04/13,Reading,QPR,0,0,NH
29/04/13,Aston Villa,Sunderland,6,1,H
04/05/13,Fulham,Reading,2,4,NH
04/05/13,Norwich,Aston Villa,1,2,NH
04/05/13,QPR,Arsenal,0,1,NH
04/05/13,Swansea,Man City,0,0,NH
04/05/13,Tottenham,Southampton,1,0,H
04/05/13,West Brom,Wigan,2,3,NH
04/05/13,West Ham,Newcastle,0,0,NH
05/05/13,Liverpool,Everton,0,0,NH
05/05/13,Man United,Chelsea,0,1,NH
06/05/13,Sunderland,Stoke,1,1,NH
07/05/13,Man City,West Brom,1,0,H
07/05/13,Wigan,Swansea,2,3,NH
08/05/13,Chelsea,Tottenham,2,2,NH
11/05/13,Aston Villa,Chelsea,1,2,NH
12/05/13,Everton,West Ham,2,0,H
12/05/13,Fulham,Liverpool,1,3,NH
12/05/13,Man United,Swansea,2,1,H
12/05/13,Norwich,West Brom,4,0,H
12/05/13,QPR,Newcastle,1,2,NH
12/05/13,Stoke,Tottenham,1,2,NH
12/05/13,Sunderland,Southampton,1,1,NH
14/05/13,Arsenal,Wigan,4,1,H
14/05/13,Reading,Man City,0,2,NH
19/05/13,Chelsea,Everton,2,1,H
19/05/13,Liverpool,QPR,1,0,H
19/05/13,Man City,Norwich,2,3,NH
19/05/13,Newcastle,Arsenal,0,1,NH
19/05/13,Southampton,Stoke,1,1,NH
19/05/13,Swansea,Fulham,0,3,NH
19/05/13,Tottenham,Sunderland,1,0,H
19/05/13,West Brom,Man United,5,5,NH
19/05/13,West Ham,Reading,4,2,H
19/05/13,Wigan,Aston Villa,2,2,NH
17/08/13,Arsenal,Aston Villa,1,3,NH
17/08/13,Liverpool,Stoke,1,0,H
17/08/13,Norwich,Everton,2,2,NH
17/08/13,Sunderland,Fulham,0,1,NH
17/08/13,Swansea,Man United,1,4,NH
17/08/13,West Brom,Southampton,0,1,NH
17/08/13,West Ham,Cardiff,2,0,H
18/08/13,Chelsea,Hull,2,0,H
18/08/13,Crystal Palace,Tottenham,0,1,NH
19/08/13,Man City,Newcastle,4,0,H
21/08/13,Chelsea,Aston Villa,2,1,H
24/08/13,Aston Villa,Liverpool,0,1,NH
24/08/13,Everton,West Brom,0,0,NH
24/08/13,Fulham,Arsenal,1,3,NH
24/08/13,Hull,Norwich,1,0,H
24/08/13,Newcastle,West Ham,0,0,NH
24/08/13,Southampton,Sunderland,1,1,NH
24/08/13,Stoke,Crystal Palace,2,1,H
25/08/13,Cardiff,Man City,3,2,H
25/08/13,Tottenham,Swansea,1,0,H
26/08/13,Man United,Chelsea,0,0,NH
31/08/13,Cardiff,Everton,0,0,NH
31/08/13,Crystal Palace,Sunderland,3,1,H
31/08/13,Man City,Hull,2,0,H
31/08/13,Newcastle,Fulham,1,0,H
31/08/13,Norwich,Southampton,1,0,H
31/08/13,West Ham,Stoke,0,1,NH
01/09/13,Arsenal,Tottenham,1,0,H
01/09/13,Liverpool,Man United,1,0,H
01/09/13,West Brom,Swansea,0,2,NH
14/09/13,Aston Villa,Newcastle,1,2,NH
14/09/13,Everton,Chelsea,1,0,H
14/09/13,Fulham,West Brom,1,1,NH
14/09/13,Hull,Cardiff,1,1,NH
14/09/13,Man United,Crystal Palace,2,0,H
14/09/13,Stoke,Man City,0,0,NH
14/09/13,Sunderland,Arsenal,1,3,NH
14/09/13,Tottenham,Norwich,2,0,H
15/09/13,Southampton,West Ham,0,0,NH
16/09/13,Swansea,Liverpool,2,2,NH
21/09/13,Chelsea,Fulham,2,0,H
21/09/13,Liverpool,Southampton,0,1,NH
21/09/13,Newcastle,Hull,2,3,NH
21/09/13,Norwich,Aston Villa,0,1,NH
21/09/13,West Brom,Sunderland,3,0,H
21/09/13,West Ham,Everton,2,3,NH
22/09/13,Arsenal,Stoke,3,1,H
22/09/13,Cardiff,Tottenham,0,1,NH
22/09/13,Crystal Palace,Swansea,0,2,NH
22/09/13,Man City,Man United,4,1,H
28/09/13,Aston Villa,Man City,3,2,H
28/09/13,Fulham,Cardiff,1,2,NH
28/09/13,Hull,West Ham,1,0,H
28/09/13,Man United,West Brom,1,2,NH
28/09/13,Southampton,Crystal Palace,2,0,H
28/09/13,Swansea,Arsenal,1,2,NH
28/09/13,Tottenham,Chelsea,1,1,NH
29/09/13,Stoke,Norwich,0,1,NH
29/09/13,Sunderland,Liverpool,1,3,NH
30/09/13,Everton,Newcastle,3,2,H
05/10/13,Cardiff,Newcastle,1,2,NH
05/10/13,Fulham,Stoke,1,0,H
05/10/13,Hull,Aston Villa,0,0,NH
05/10/13,Liverpool,Crystal Palace,3,1,H
05/10/13,Man City,Everton,3,1,H
05/10/13,Sunderland,Man United,1,2,NH
06/10/13,Norwich,Chelsea,1,3,NH
06/10/13,Southampton,Swansea,2,0,H
06/10/13,Tottenham,West Ham,0,3,NH
06/10/13,West Brom,Arsenal,1,1,NH
19/10/13,Arsenal,Norwich,4,1,H
19/10/13,Chelsea,Cardiff,4,1,H
19/10/13,Everton,Hull,2,1,H
19/10/13,Man United,Southampton,1,1,NH
19/10/13,Newcastle,Liverpool,2,2,NH
19/10/13,Stoke,West Brom,0,0,NH
19/10/13,Swansea,Sunderland,4,0,H
19/10/13,West Ham,Man City,1,3,NH
20/10/13,Aston Villa,Tottenham,0,2,NH
21/10/13,Crystal Palace,Fulham,1,4,NH
26/10/13,Aston Villa,Everton,0,2,NH
26/10/13,Crystal Palace,Arsenal,0,2,NH
26/10/13,Liverpool,West Brom,4,1,H
26/10/13,Man United,Stoke,3,2,H
26/10/13,Norwich,Cardiff,0,0,NH
26/10/13,Southampton,Fulham,2,0,H
27/10/13,Chelsea,Man City,2,1,H
27/10/13,Sunderland,Newcastle,2,1,H
27/10/13,Swansea,West Ham,0,0,NH
27/10/13,Tottenham,Hull,1,0,H
02/11/13,Arsenal,Liverpool,2,0,H
02/11/13,Fulham,Man United,1,3,NH
02/11/13,Hull,Sunderland,1,0,H
02/11/13,Man City,Norwich,7,0,H
02/11/13,Newcastle,Chelsea,2,0,H
02/11/13,Stoke,Southampton,1,1,NH
02/11/13,West Brom,Crystal Palace,2,0,H
02/11/13,West Ham,Aston Villa,0,0,NH
03/11/13,Cardiff,Swansea,1,0,H
03/11/13,Everton,Tottenham,0,0,NH
09/11/13,Aston Villa,Cardiff,2,0,H
09/11/13,Chelsea,West Brom,2,2,NH
09/11/13,Crystal Palace,Everton,0,0,NH
09/11/13,Liverpool,Fulham,4,0,H
09/11/13,Norwich,West Ham,3,1,H
09/11/13,Southampton,Hull,4,1,H
10/11/13,Man United,Arsenal,1,0,H
10/11/13,Sunderland,Man City,1,0,H
10/11/13,Swansea,Stoke,3,3,NH
10/11/13,Tottenham,Newcastle,0,1,NH
23/11/13,Arsenal,Southampton,2,0,H
23/11/13,Everton,Liverpool,3,3,NH
23/11/13,Fulham,Swansea,1,2,NH
23/11/13,Hull,Crystal Palace,0,1,NH
23/11/13,Newcastle,Norwich,2,1,H
23/11/13,Stoke,Sunderland,2,0,H
23/11/13,West Ham,Chelsea,0,3,NH
24/11/13,Cardiff,Man United,2,2,NH
24/11/13,Man City,Tottenham,6,0,H
25/11/13,West Brom,Aston Villa,2,2,NH
30/11/13,Aston Villa,Sunderland,0,0,NH
30/11/13,Cardiff,Arsenal,0,3,NH
30/11/13,Everton,Stoke,4,0,H
30/11/13,Newcastle,West Brom,2,1,H
30/11/13,Norwich,Crystal Palace,1,0,H
30/11/13,West Ham,Fulham,3,0,H
01/12/13,Chelsea,Southampton,3,1,H
01/12/13,Hull,Liverpool,3,1,H
01/12/13,Man City,Swansea,3,0,H
01/12/13,Tottenham,Man United,2,2,NH
03/12/13,Crystal Palace,West Ham,1,0,H
04/12/13,Arsenal,Hull,2,0,H
04/12/13,Fulham,Tottenham,1,2,NH
04/12/13,Liverpool,Norwich,5,1,H
04/12/13,Man United,Everton,0,1,NH
04/12/13,Southampton,Aston Villa,2,3,NH
04/12/13,Stoke,Cardiff,0,0,NH
04/12/13,Sunderland,Chelsea,3,4,NH
04/12/13,Swansea,Newcastle,3,0,H
04/12/13,West Brom,Man City,2,3,NH
07/12/13,Crystal Palace,Cardiff,2,0,H
07/12/13,Liverpool,West Ham,4,1,H
07/12/13,Man United,Newcastle,0,1,NH
07/12/13,Southampton,Man City,1,1,NH
07/12/13,Stoke,Chelsea,3,2,H
07/12/13,Sunderland,Tottenham,1,2,NH
07/12/13,West Brom,Norwich,0,2,NH
08/12/13,Arsenal,Everton,1,1,NH
08/12/13,Fulham,Aston Villa,2,0,H
09/12/13,Swansea,Hull,1,1,NH
14/12/13,Cardiff,West Brom,1,0,H
14/12/13,Chelsea,Crystal Palace,2,1,H
14/12/13,Everton,Fulham,4,1,H
14/12/13,Hull,Stoke,0,0,NH
14/12/13,Man City,Arsenal,6,3,H
14/12/13,Newcastle,Southampton,1,1,NH
14/12/13,West Ham,Sunderland,0,0,NH
15/12/13,Aston Villa,Man United,0,3,NH
15/12/13,Norwich,Swansea,1,1,NH
15/12/13,Tottenham,Liverpool,0,5,NH
21/12/13,Crystal Palace,Newcastle,0,3,NH
21/12/13,Fulham,Man City,2,4,NH
21/12/13,Liverpool,Cardiff,3,1,H
21/12/13,Man United,West Ham,3,1,H
21/12/13,Stoke,Aston Villa,2,1,H
21/12/13,Sunderland,Norwich,0,0,NH
21/12/13,West Brom,Hull,1,1,NH
22/12/13,Southampton,Tottenham,2,3,NH
22/12/13,Swansea,Everton,1,2,NH
23/12/13,Arsenal,Chelsea,0,0,NH
26/12/13,Aston Villa,Crystal Palace,0,1,NH
26/12/13,Cardiff,Southampton,0,3,NH
26/12/13,Chelsea,Swansea,1,0,H
26/12/13,Everton,Sunderland,0,1,NH
26/12/13,Hull,Man United,2,3,NH
26/12/13,Man City,Liverpool,2,1,H
26/12/13,Newcastle,Stoke,5,1,H
26/12/13,Norwich,Fulham,1,2,NH
26/12/13,Tottenham,West Brom,1,1,NH
26/12/13,West Ham,Arsenal,1,3,NH
28/12/13,Aston Villa,Swansea,1,1,NH
28/12/13,Cardiff,Sunderland,2,2,NH
28/12/13,Hull,Fulham,6,0,H
28/12/13,Man City,Crystal Palace,1,0,H
28/12/13,Norwich,Man United,0,1,NH
28/12/13,West Ham,West Brom,3,3,NH
29/12/13,Chelsea,Liverpool,2,1,H
29/12/13,Everton,Southampton,2,1,H
29/12/13,Newcastle,Arsenal,0,1,NH
29/12/13,Tottenham,Stoke,3,0,H
01/01/14,Arsenal,Cardiff,2,0,H
01/01/14,Crystal Palace,Norwich,1,1,NH
01/01/14,Fulham,West Ham,2,1,H
01/01/14,Liverpool,Hull,2,0,H
01/01/14,Man United,Tottenham,1,2,NH
01/01/14,Southampton,Chelsea,0,3,NH
01/01/14,Stoke,Everton,1,1,NH
01/01/14,Sunderland,Aston Villa,0,1,NH
01/01/14,Swansea,Man City,2,3,NH
01/01/14,West Brom,Newcastle,1,0,H
11/01/14,Cardiff,West Ham,0,2,NH
11/01/14,Everton,Norwich,2,0,H
11/01/14,Fulham,Sunderland,1,4,NH
11/01/14,Hull,Chelsea,0,2,NH
11/01/14,Man United,Swansea,2,0,H
11/01/14,Southampton,West Brom,1,0,H
11/01/14,Tottenham,Crystal Palace,2,0,H
12/01/14,Newcastle,Man City,0,2,NH
12/01/14,Stoke,Liverpool,3,5,NH
13/01/14,Aston Villa,Arsenal,1,2,NH
18/01/14,Arsenal,Fulham,2,0,H
18/01/14,Crystal Palace,Stoke,1,0,H
18/01/14,Liverpool,Aston Villa,2,2,NH
18/01/14,Man City,Cardiff,4,2,H
18/01/14,Norwich,Hull,1,0,H
18/01/14,Sunderland,Southampton,2,2,NH
18/01/14,West Ham,Newcastle,1,3,NH
19/01/14,Chelsea,Man United,3,1,H
19/01/14,Swansea,Tottenham,1,3,NH
20/01/14,West Brom,Everton,1,1,NH
28/01/14,Crystal Palace,Hull,1,0,H
28/01/14,Liverpool,Everton,4,0,H
28/01/14,Man United,Cardiff,2,0,H
28/01/14,Norwich,Newcastle,0,0,NH
28/01/14,Southampton,Arsenal,2,2,NH
28/01/14,Swansea,Fulham,2,0,H
29/01/14,Aston Villa,West Brom,4,3,H
29/01/14,Chelsea,West Ham,0,0,NH
29/01/14,Sunderland,Stoke,1,0,H
29/01/14,Tottenham,Man City,1,5,NH
01/02/14,Cardiff,Norwich,2,1,H
01/02/14,Everton,Aston Villa,2,1,H
01/02/14,Fulham,Southampton,0,3,NH
01/02/14,Hull,Tottenham,1,1,NH
01/02/14,Newcastle,Sunderland,0,3,NH
01/02/14,Stoke,Man United,2,1,H
01/02/14,West Ham,Swansea,2,0,H
02/02/14,Arsenal,Crystal Palace,2,0,H
02/02/14,West Brom,Liverpool,1,1,NH
03/02/14,Man City,Chelsea,0,1,NH
08/02/14,Aston Villa,West Ham,0,2,NH
08/02/14,Chelsea,Newcastle,3,0,H
08/02/14,Crystal Palace,West Brom,3,1,H
08/02/14,Liverpool,Arsenal,5,1,H
08/02/14,Norwich,Man City,0,0,NH
08/02/14,Southampton,Stoke,2,2,NH
08/02/14,Sunderland,Hull,0,2,NH
08/02/14,Swansea,Cardiff,3,0,H
09/02/14,Man United,Fulham,2,2,NH
09/02/14,Tottenham,Everton,1,0,H
11/02/14,Cardiff,Aston Villa,0,0,NH
11/02/14,Hull,Southampton,0,1,NH
11/02/14,West Brom,Chelsea,1,1,NH
11/02/14,West Ham,Norwich,2,0,H
12/02/14,Arsenal,Man United,0,0,NH
12/02/14,Fulham,Liverpool,2,3,NH
12/02/14,Newcastle,Tottenham,0,4,NH
12/02/14,Stoke,Swansea,1,1,NH
22/02/14,Arsenal,Sunderland,4,1,H
22/02/14,Cardiff,Hull,0,4,NH
22/02/14,Chelsea,Everton,1,0,H
22/02/14,Crystal Palace,Man United,0,2,NH
22/02/14,Man City,Stoke,1,0,H
22/02/14,West Brom,Fulham,1,1,NH
22/02/14,West Ham,Southampton,3,1,H
23/02/14,Liverpool,Swansea,4,3,H
23/02/14,Newcastle,Aston Villa,1,0,H
23/02/14,Norwich,Tottenham,1,0,H
01/03/14,Everton,West Ham,1,0,H
01/03/14,Fulham,Chelsea,1,3,NH
01/03/14,Hull,Newcastle,1,4,NH
01/03/14,Southampton,Liverpool,0,3,NH
01/03/14,Stoke,Arsenal,1,0,H
02/03/14,Aston Villa,Norwich,4,1,H
02/03/14,Swansea,Crystal Palace,1,1,NH
02/03/14,Tottenham,Cardiff,1,0,H
08/03/14,Cardiff,Fulham,3,1,H
08/03/14,Chelsea,Tottenham,4,0,H
08/03/14,Crystal Palace,Southampton,0,1,NH
08/03/14,Norwich,Stoke,1,1,NH
08/03/14,West Brom,Man United,0,3,NH
15/03/14,Aston Villa,Chelsea,1,0,H
15/03/14,Everton,Cardiff,2,1,H
15/03/14,Fulham,Newcastle,1,0,H
15/03/14,Hull,Man City,0,2,NH
15/03/14,Southampton,Norwich,4,2,H
15/03/14,Stoke,West Ham,3,1,H
15/03/14,Sunderland,Crystal Palace,0,0,NH
15/03/14,Swansea,West Brom,1,2,NH
16/03/14,Man United,Liverpool,0,3,NH
16/03/14,Tottenham,Arsenal,0,1,NH
22/03/14,Cardiff,Liverpool,3,6,NH
22/03/14,Chelsea,Arsenal,6,0,H
22/03/14,Everton,Swansea,3,2,H
22/03/14,Hull,West Brom,2,0,H
22/03/14,Man City,Fulham,5,0,H
22/03/14,Newcastle,Crystal Palace,1,0,H
22/03/14,Norwich,Sunderland,2,0,H
22/03/14,West Ham,Man United,0,2,NH
23/03/14,Aston Villa,Stoke,1,4,NH
23/03/14,Tottenham,Southampton,3,2,H
25/03/14,Arsenal,Swansea,2,2,NH
25/03/14,Man United,Man City,0,3,NH
25/03/14,Newcastle,Everton,0,3,NH
26/03/14,Liverpool,Sunderland,2,1,H
26/03/14,West Ham,Hull,2,1,H
29/03/14,Arsenal,Man City,1,1,NH
29/03/14,Crystal Palace,Chelsea,1,0,H
29/03/14,Man United,Aston Villa,4,1,H
29/03/14,Southampton,Newcastle,4,0,H
29/03/14,Stoke,Hull,1,0,H
29/03/14,Swansea,Norwich,3,0,H
29/03/14,West Brom,Cardiff,3,3,NH
30/03/14,Fulham,Everton,1,3,NH
30/03/14,Liverpool,Tottenham,4,0,H
31/03/14,Sunderland,West Ham,1,2,NH
05/04/14,Aston Villa,Fulham,1,2,NH
05/04/14,Cardiff,Crystal Palace,0,3,NH
05/04/14,Chelsea,Stoke,3,0,H
05/04/14,Hull,Swansea,1,0,H
05/04/14,Man City,Southampton,4,1,H
05/04/14,Newcastle,Man United,0,4,NH
05/04/14,Norwich,West Brom,0,1,NH
06/04/14,Everton,Arsenal,3,0,H
06/04/14,West Ham,Liverpool,1,2,NH
07/04/14,Tottenham,Sunderland,5,1,H
12/04/14,Crystal Palace,Aston Villa,1,0,H
12/04/14,Fulham,Norwich,1,0,H
12/04/14,Southampton,Cardiff,0,1,NH
12/04/14,Stoke,Newcastle,1,0,H
12/04/14,Sunderland,Everton,0,1,NH
12/04/14,West Brom,Tottenham,3,3,NH
13/04/14,Liverpool,Man City,3,2,H
13/04/14,Swansea,Chelsea,0,1,NH
15/04/14,Arsenal,West Ham,3,1,H
16/04/14,Everton,Crystal Palace,2,3,NH
16/04/14,Man City,Sunderland,2,2,NH
19/04/14,Aston Villa,Southampton,0,0,NH
19/04/14,Cardiff,Stoke,1,1,NH
19/04/14,Chelsea,Sunderland,1,2,NH
19/04/14,Newcastle,Swansea,1,2,NH
19/04/14,Tottenham,Fulham,3,1,H
19/04/14,West Ham,Crystal Palace,0,1,NH
20/04/14,Everton,Man United,2,0,H
20/04/14,Hull,Arsenal,0,3,NH
20/04/14,Norwich,Liverpool,2,3,NH
21/04/14,Man City,West Brom,3,1,H
26/04/14,Fulham,Hull,2,2,NH
26/04/14,Man United,Norwich,4,0,H
26/04/14,Southampton,Everton,2,0,H
26/04/14,Stoke,Tottenham,0,1,NH
26/04/14,Swansea,Aston Villa,4,1,H
26/04/14,West Brom,West Ham,1,0,H
27/04/14,Crystal Palace,Man City,0,2,NH
27/04/14,Liverpool,Chelsea,0,2,NH
27/04/14,Sunderland,Cardiff,4,0,H
28/04/14,Arsenal,Newcastle,3,0,H
03/05/14,Aston Villa,Hull,3,1,H
03/05/14,Man United,Sunderland,0,1,NH
03/05/14,Newcastle,Cardiff,3,0,H
03/05/14,Stoke,Fulham,4,1,H
03/05/14,Swansea,Southampton,0,1,NH
03/05/14,West Ham,Tottenham,2,0,H
03/05/14,Everton,Man City,2,3,NH
04/05/14,Arsenal,West Brom,1,0,H
04/05/14,Chelsea,Norwich,0,0,NH
05/05/14,Crystal Palace,Liverpool,3,3,NH
06/05/14,Man United,Hull,3,1,H
07/05/14,Man City,Aston Villa,4,0,H
07/05/14,Sunderland,West Brom,2,0,H
11/05/14,Cardiff,Chelsea,1,2,NH
11/05/14,Fulham,Crystal Palace,2,2,NH
11/05/14,Hull,Everton,0,2,NH
11/05/14,Liverpool,Newcastle,2,1,H
11/05/14,Man City,West Ham,2,0,H
11/05/14,Norwich,Arsenal,0,2,NH
11/05/14,Southampton,Man United,1,1,NH
11/05/14,Sunderland,Swansea,1,3,NH
11/05/14,Tottenham,Aston Villa,3,0,H
11/05/14,West Brom,Stoke,1,2,NH
16/08/14,Arsenal,Crystal Palace,2,1,H
16/08/14,Leicester,Everton,2,2,NH
16/08/14,Man United,Swansea,1,2,NH
16/08/14,QPR,Hull,0,1,NH
16/08/14,Stoke,Aston Villa,0,1,NH
16/08/14,West Brom,Sunderland,2,2,NH
16/08/14,West Ham,Tottenham,0,1,NH
17/08/14,Liverpool,Southampton,2,1,H
17/08/14,Newcastle,Man City,0,2,NH
18/08/14,Burnley,Chelsea,1,3,NH
23/08/14,Aston Villa,Newcastle,0,0,NH
23/08/14,Chelsea,Leicester,2,0,H
23/08/14,Crystal Palace,West Ham,1,3,NH
23/08/14,Everton,Arsenal,2,2,NH
23/08/14,Southampton,West Brom,0,0,NH
23/08/14,Swansea,Burnley,1,0,H
24/08/14,Hull,Stoke,1,1,NH
24/08/14,Sunderland,Man United,1,1,NH
24/08/14,Tottenham,QPR,4,0,H
25/08/14,Man City,Liverpool,3,1,H
30/08/14,Burnley,Man United,0,0,NH
30/08/14,Everton,Chelsea,3,6,NH
30/08/14,Man City,Stoke,0,1,NH
30/08/14,Newcastle,Crystal Palace,3,3,NH
30/08/14,QPR,Sunderland,1,0,H
30/08/14,Swansea,West Brom,3,0,H
30/08/14,West Ham,Southampton,1,3,NH
31/08/14,Aston Villa,Hull,2,1,H
31/08/14,Leicester,Arsenal,1,1,NH
31/08/14,Tottenham,Liverpool,0,3,NH
13/09/14,Arsenal,Man City,2,2,NH
13/09/14,Chelsea,Swansea,4,2,H
13/09/14,Crystal Palace,Burnley,0,0,NH
13/09/14,Liverpool,Aston Villa,0,1,NH
13/09/14,Southampton,Newcastle,4,0,H
13/09/14,Stoke,Leicester,0,1,NH
13/09/14,Sunderland,Tottenham,2,2,NH
13/09/14,West Brom,Everton,0,2,NH
14/09/14,Man United,QPR,4,0,H
15/09/14,Hull,West Ham,2,2,NH
20/09/14,Aston Villa,Arsenal,0,3,NH
20/09/14,Burnley,Sunderland,0,0,NH
20/09/14,Newcastle,Hull,2,2,NH
20/09/14,QPR,Stoke,2,2,NH
20/09/14,Swansea,Southampton,0,1,NH
20/09/14,West Ham,Liverpool,3,1,H
21/09/14,Everton,Crystal Palace,2,3,NH
21/09/14,Leicester,Man United,5,3,H
21/09/14,Man City,Chelsea,1,1,NH
21/09/14,Tottenham,West Brom,0,1,NH
27/09/14,Arsenal,Tottenham,1,1,NH
27/09/14,Chelsea,Aston Villa,3,0,H
27/09/14,Crystal Palace,Leicester,2,0,H
27/09/14,Hull,Man City,2,4,NH
27/09/14,Liverpool,Everton,1,1,NH
27/09/14,Man United,West Ham,2,1,H
27/09/14,Southampton,QPR,2,1,H
27/09/14,Sunderland,Swansea,0,0,NH
28/09/14,West Brom,Burnley,4,0,H
29/09/14,Stoke,Newcastle,1,0,H
04/10/14,Aston Villa,Man City,0,2,NH
04/10/14,Hull,Crystal Palace,2,0,H
04/10/14,Leicester,Burnley,2,2,NH
04/10/14,Liverpool,West Brom,2,1,H
04/10/14,Sunderland,Stoke,3,1,H
04/10/14,Swansea,Newcastle,2,2,NH
05/10/14,Chelsea,Arsenal,2,0,H
05/10/14,Man United,Everton,2,1,H
05/10/14,Tottenham,Southampton,1,0,H
05/10/14,West Ham,QPR,2,0,H
18/10/14,Arsenal,Hull,2,2,NH
18/10/14,Burnley,West Ham,1,3,NH
18/10/14,Crystal Palace,Chelsea,1,2,NH
18/10/14,Everton,Aston Villa,3,0,H
18/10/14,Man City,Tottenham,4,1,H
18/10/14,Newcastle,Leicester,1,0,H
18/10/14,Southampton,Sunderland,8,0,H
19/10/14,QPR,Liverpool,2,3,NH
19/10/14,Stoke,Swansea,2,1,H
20/10/14,West Brom,Man United,2,2,NH
25/10/14,Liverpool,Hull,0,0,NH
25/10/14,Southampton,Stoke,1,0,H
25/10/14,Sunderland,Arsenal,0,2,NH
25/10/14,Swansea,Leicester,2,0,H
25/10/14,West Brom,Crystal Palace,2,2,NH
25/10/14,West Ham,Man City,2,1,H
26/10/14,Burnley,Everton,1,3,NH
26/10/14,Man United,Chelsea,1,1,NH
26/10/14,Tottenham,Newcastle,1,2,NH
27/10/14,QPR,Aston Villa,2,0,H
01/11/14,Arsenal,Burnley,3,0,H
01/11/14,Chelsea,QPR,2,1,H
01/11/14,Everton,Swansea,0,0,NH
01/11/14,Hull,Southampton,0,1,NH
01/11/14,Leicester,West Brom,0,1,NH
01/11/14,Newcastle,Liverpool,1,0,H
01/11/14,Stoke,West Ham,2,2,NH
02/11/14,Aston Villa,Tottenham,1,2,NH
02/11/14,Man City,Man United,1,0,H
03/11/14,Crystal Palace,Sunderland,1,3,NH
08/11/14,Burnley,Hull,1,0,H
08/11/14,Liverpool,Chelsea,1,2,NH
08/11/14,Man United,Crystal Palace,1,0,H
08/11/14,QPR,Man City,2,2,NH
08/11/14,Southampton,Leicester,2,0,H
08/11/14,West Ham,Aston Villa,0,0,NH
09/11/14,Sunderland,Everton,1,1,NH
09/11/14,Swansea,Arsenal,2,1,H
09/11/14,Tottenham,Stoke,1,2,NH
09/11/14,West Brom,Newcastle,0,2,NH
22/11/14,Arsenal,Man United,1,2,NH
22/11/14,Chelsea,West Brom,2,0,H
22/11/14,Everton,West Ham,2,1,H
22/11/14,Leicester,Sunderland,0,0,NH
22/11/14,Man City,Swansea,2,1,H
22/11/14,Newcastle,QPR,1,0,H
22/11/14,Stoke,Burnley,1,2,NH
23/11/14,Crystal Palace,Liverpool,3,1,H
23/11/14,Hull,Tottenham,1,2,NH
24/11/14,Aston Villa,Southampton,1,1,NH
29/11/14,Burnley,Aston Villa,1,1,NH
29/11/14,Liverpool,Stoke,1,0,H
29/11/14,Man United,Hull,3,0,H
29/11/14,QPR,Leicester,3,2,H
29/11/14,Sunderland,Chelsea,0,0,NH
29/11/14,Swansea,Crystal Palace,1,1,NH
29/11/14,West Brom,Arsenal,0,1,NH
29/11/14,West Ham,Newcastle,1,0,H
30/11/14,Southampton,Man City,0,3,NH
30/11/14,Tottenham,Everton,2,1,H
02/12/14,Burnley,Newcastle,1,1,NH
02/12/14,Crystal Palace,Aston Villa,0,1,NH
02/12/14,Leicester,Liverpool,1,3,NH
02/12/14,Man United,Stoke,2,1,H
02/12/14,Swansea,QPR,2,0,H
02/12/14,West Brom,West Ham,1,2,NH
03/12/14,Arsenal,Southampton,1,0,H
03/12/14,Chelsea,Tottenham,3,0,H
03/12/14,Everton,Hull,1,1,NH
03/12/14,Sunderland,Man City,1,4,NH
06/12/14,Hull,West Brom,0,0,NH
06/12/14,Liverpool,Sunderland,0,0,NH
06/12/14,Man City,Everton,1,0,H
06/12/14,Newcastle,Chelsea,2,1,H
06/12/14,QPR,Burnley,2,0,H
06/12/14,Stoke,Arsenal,3,2,H
06/12/14,Tottenham,Crystal Palace,0,0,NH
07/12/14,Aston Villa,Leicester,2,1,H
07/12/14,West Ham,Swansea,3,1,H
08/12/14,Southampton,Man United,1,2,NH
13/12/14,Arsenal,Newcastle,4,1,H
13/12/14,Burnley,Southampton,1,0,H
13/12/14,Chelsea,Hull,2,0,H
13/12/14,Crystal Palace,Stoke,1,1,NH
13/12/14,Leicester,Man City,0,1,NH
13/12/14,Sunderland,West Ham,1,1,NH
13/12/14,West Brom,Aston Villa,1,0,H
14/12/14,Man United,Liverpool,3,0,H
14/12/14,Swansea,Tottenham,1,2,NH
15/12/14,Everton,QPR,3,1,H
20/12/14,Aston Villa,Man United,1,1,NH
20/12/14,Hull,Swansea,0,1,NH
20/12/14,Man City,Crystal Palace,3,0,H
20/12/14,QPR,West Brom,3,2,H
20/12/14,Southampton,Everton,3,0,H
20/12/14,Tottenham,Burnley,2,1,H
20/12/14,West Ham,Leicester,2,0,H
21/12/14,Liverpool,Arsenal,2,2,NH
21/12/14,Newcastle,Sunderland,0,1,NH
22/12/14,Stoke,Chelsea,0,2,NH
26/12/14,Arsenal,QPR,2,1,H
26/12/14,Burnley,Liverpool,0,1,NH
26/12/14,Chelsea,West Ham,2,0,H
26/12/14,Crystal Palace,Southampton,1,3,NH
26/12/14,Everton,Stoke,0,1,NH
26/12/14,Leicester,Tottenham,1,2,NH
26/12/14,Man United,Newcastle,3,1,H
26/12/14,Sunderland,Hull,1,3,NH
26/12/14,Swansea,Aston Villa,1,0,H
26/12/14,West Brom,Man City,1,3,NH
28/12/14,Aston Villa,Sunderland,0,0,NH
28/12/14,Hull,Leicester,0,1,NH
28/12/14,Man City,Burnley,2,2,NH
28/12/14,Newcastle,Everton,3,2,H
28/12/14,QPR,Crystal Palace,0,0,NH
28/12/14,Southampton,Chelsea,1,1,NH
28/12/14,Stoke,West Brom,2,0,H
28/12/14,Tottenham,Man United,0,0,NH
28/12/14,West Ham,Arsenal,1,2,NH
29/12/14,Liverpool,Swansea,4,1,H
01/01/15,Aston Villa,Crystal Palace,0,0,NH
01/01/15,Hull,Everton,2,0,H
01/01/15,Liverpool,Leicester,2,2,NH
01/01/15,Man City,Sunderland,3,2,H
01/01/15,Newcastle,Burnley,3,3,NH
01/01/15,QPR,Swansea,1,1,NH
01/01/15,Southampton,Arsenal,2,0,H
01/01/15,Stoke,Man United,1,1,NH
01/01/15,Tottenham,Chelsea,5,3,H
01/01/15,West Ham,West Brom,1,1,NH
10/01/15,Burnley,QPR,2,1,H
10/01/15,Chelsea,Newcastle,2,0,H
10/01/15,Crystal Palace,Tottenham,2,1,H
10/01/15,Everton,Man City,1,1,NH
10/01/15,Leicester,Aston Villa,1,0,H
10/01/15,Sunderland,Liverpool,0,1,NH
10/01/15,Swansea,West Ham,1,1,NH
10/01/15,West Brom,Hull,1,0,H
11/01/15,Arsenal,Stoke,3,0,H
11/01/15,Man United,Southampton,0,1,NH
17/01/15,Aston Villa,Liverpool,0,2,NH
17/01/15,Burnley,Crystal Palace,2,3,NH
17/01/15,Leicester,Stoke,0,1,NH
17/01/15,Newcastle,Southampton,1,2,NH
17/01/15,QPR,Man United,0,2,NH
17/01/15,Swansea,Chelsea,0,5,NH
17/01/15,Tottenham,Sunderland,2,1,H
18/01/15,Man City,Arsenal,0,2,NH
18/01/15,West Ham,Hull,3,0,H
19/01/15,Everton,West Brom,0,0,NH
31/01/15,Chelsea,Man City,1,1,NH
31/01/15,Crystal Palace,Everton,0,1,NH
31/01/15,Hull,Newcastle,0,3,NH
31/01/15,Liverpool,West Ham,2,0,H
31/01/15,Man United,Leicester,3,1,H
31/01/15,Stoke,QPR,3,1,H
31/01/15,Sunderland,Burnley,2,0,H
31/01/15,West Brom,Tottenham,0,3,NH
01/02/15,Arsenal,Aston Villa,5,0,H
01/02/15,Southampton,Swansea,0,1,NH
07/02/15,Aston Villa,Chelsea,1,2,NH
07/02/15,Everton,Liverpool,0,0,NH
07/02/15,Leicester,Crystal Palace,0,1,NH
07/02/15,Man City,Hull,1,1,NH
07/02/15,QPR,Southampton,0,1,NH
07/02/15,Swansea,Sunderland,1,1,NH
07/02/15,Tottenham,Arsenal,2,1,H
08/02/15,Burnley,West Brom,2,2,NH
08/02/15,Newcastle,Stoke,1,1,NH
08/02/15,West Ham,Man United,1,1,NH
10/02/15,Arsenal,Leicester,2,1,H
10/02/15,Hull,Aston Villa,2,0,H
10/02/15,Liverpool,Tottenham,3,2,H
10/02/15,Sunderland,QPR,0,2,NH
11/02/15,Chelsea,Everton,1,0,H
11/02/15,Crystal Palace,Newcastle,1,1,NH
11/02/15,Man United,Burnley,3,1,H
11/02/15,Southampton,West Ham,0,0,NH
11/02/15,Stoke,Man City,1,4,NH
11/02/15,West Brom,Swansea,2,0,H
21/02/15,Aston Villa,Stoke,1,2,NH
21/02/15,Chelsea,Burnley,1,1,NH
21/02/15,Crystal Palace,Arsenal,1,2,NH
21/02/15,Hull,QPR,2,1,H
21/02/15,Man City,Newcastle,5,0,H
21/02/15,Sunderland,West Brom,0,0,NH
21/02/15,Swansea,Man United,2,1,H
22/02/15,Everton,Leicester,2,2,NH
22/02/15,Southampton,Liverpool,0,2,NH
22/02/15,Tottenham,West Ham,2,2,NH
28/02/15,Burnley,Swansea,0,1,NH
28/02/15,Man United,Sunderland,2,0,H
28/02/15,Newcastle,Aston Villa,1,0,H
28/02/15,Stoke,Hull,1,0,H
28/02/15,West Brom,Southampton,1,0,H
28/02/15,West Ham,Crystal Palace,1,3,NH
01/03/15,Arsenal,Everton,2,0,H
01/03/15,Liverpool,Man City,2,1,H
03/03/15,Aston Villa,West Brom,2,1,H
03/03/15,Hull,Sunderland,1,1,NH
03/03/15,Southampton,Crystal Palace,1,0,H
04/03/15,Liverpool,Burnley,2,0,H
04/03/15,Man City,Leicester,2,0,H
04/03/15,Newcastle,Man United,0,1,NH
04/03/15,QPR,Arsenal,1,2,NH
04/03/15,Stoke,Everton,2,0,H
04/03/15,Tottenham,Swansea,3,2,H
04/03/15,West Ham,Chelsea,0,1,NH
07/03/15,QPR,Tottenham,1,2,NH
14/03/15,Arsenal,West Ham,3,0,H
14/03/15,Burnley,Man City,1,0,H
14/03/15,Crystal Palace,QPR,3,1,H
14/03/15,Leicester,Hull,0,0,NH
14/03/15,Sunderland,Aston Villa,0,4,NH
14/03/15,West Brom,Stoke,1,0,H
15/03/15,Chelsea,Southampton,1,1,NH
15/03/15,Everton,Newcastle,3,0,H
15/03/15,Man United,Tottenham,3,0,H
16/03/15,Swansea,Liverpool,0,1,NH
21/03/15,Aston Villa,Swansea,0,1,NH
21/03/15,Man City,West Brom,3,0,H
21/03/15,Newcastle,Arsenal,1,2,NH
21/03/15,Southampton,Burnley,2,0,H
21/03/15,Stoke,Crystal Palace,1,2,NH
21/03/15,Tottenham,Leicester,4,3,H
21/03/15,West Ham,Sunderland,1,0,H
22/03/15,Hull,Chelsea,2,3,NH
22/03/15,Liverpool,Man United,1,2,NH
22/03/15,QPR,Everton,1,2,NH
04/04/15,Arsenal,Liverpool,4,1,H
04/04/15,Chelsea,Stoke,2,1,H
04/04/15,Everton,Southampton,1,0,H
04/04/15,Leicester,West Ham,2,1,H
04/04/15,Man United,Aston Villa,3,1,H
04/04/15,Swansea,Hull,3,1,H
04/04/15,West Brom,QPR,1,4,NH
05/04/15,Burnley,Tottenham,0,0,NH
05/04/15,Sunderland,Newcastle,1,0,H
06/04/15,Crystal Palace,Man City,2,1,H
07/04/15,Aston Villa,QPR,3,3,NH
11/04/15,Burnley,Arsenal,0,1,NH
11/04/15,Southampton,Hull,2,0,H
11/04/15,Sunderland,Crystal Palace,1,4,NH
11/04/15,Swansea,Everton,1,1,NH
11/04/15,Tottenham,Aston Villa,0,1,NH
11/04/15,West Brom,Leicester,2,3,NH
11/04/15,West Ham,Stoke,1,1,NH
12/04/15,Man United,Man City,4,2,H
12/04/15,QPR,Chelsea,0,1,NH
13/04/15,Liverpool,Newcastle,2,0,H
18/04/15,Chelsea,Man United,1,0,H
18/04/15,Crystal Palace,West Brom,0,2,NH
18/04/15,Everton,Burnley,1,0,H
18/04/15,Leicester,Swansea,2,0,H
18/04/15,Stoke,Southampton,2,1,H
19/04/15,Man City,West Ham,2,0,H
19/04/15,Newcastle,Tottenham,1,3,NH
25/04/15,Burnley,Leicester,0,1,NH
25/04/15,Crystal Palace,Hull,0,2,NH
25/04/15,Man City,Aston Villa,3,2,H
25/04/15,Newcastle,Swansea,2,3,NH
25/04/15,QPR,West Ham,0,0,NH
25/04/15,Southampton,Tottenham,2,2,NH
25/04/15,Stoke,Sunderland,1,1,NH
25/04/15,West Brom,Liverpool,0,0,NH
26/04/15,Arsenal,Chelsea,0,0,NH
26/04/15,Everton,Man United,3,0,H
28/04/15,Hull,Liverpool,1,0,H
29/04/15,Leicester,Chelsea,1,3,NH
02/05/15,Aston Villa,Everton,3,2,H
02/05/15,Leicester,Newcastle,3,0,H
02/05/15,Liverpool,QPR,2,1,H
02/05/15,Man United,West Brom,0,1,NH
02/05/15,Sunderland,Southampton,2,1,H
02/05/15,Swansea,Stoke,2,0,H
02/05/15,West Ham,Burnley,1,0,H
03/05/15,Chelsea,Crystal Palace,1,0,H
03/05/15,Tottenham,Man City,0,1,NH
04/05/15,Hull,Arsenal,1,3,NH
09/05/15,Aston Villa,West Ham,1,0,H
09/05/15,Crystal Palace,Man United,1,2,NH
09/05/15,Everton,Sunderland,0,2,NH
09/05/15,Hull,Burnley,0,1,NH
09/05/15,Leicester,Southampton,2,0,H
09/05/15,Newcastle,West Brom,1,1,NH
09/05/15,Stoke,Tottenham,3,0,H
10/05/15,Chelsea,Liverpool,1,1,NH
10/05/15,Man City,QPR,6,0,H
11/05/15,Arsenal,Swansea,0,1,NH
16/05/15,Burnley,Stoke,0,0,NH
16/05/15,Liverpool,Crystal Palace,1,3,NH
16/05/15,QPR,Newcastle,2,1,H
16/05/15,Southampton,Aston Villa,6,1,H
16/05/15,Sunderland,Leicester,0,0,NH
16/05/15,Tottenham,Hull,2,0,H
16/05/15,West Ham,Everton,1,2,NH
17/05/15,Man United,Arsenal,1,1,NH
17/05/15,Swansea,Man City,2,4,NH
18/05/15,West Brom,Chelsea,3,0,H
20/05/15,Arsenal,Sunderland,0,0,NH
24/05/15,Arsenal,West Brom,4,1,H
24/05/15,Aston Villa,Burnley,0,1,NH
24/05/15,Chelsea,Sunderland,3,1,H
24/05/15,Crystal Palace,Swansea,1,0,H
24/05/15,Everton,Tottenham,0,1,NH
24/05/15,Hull,Man United,0,0,NH
24/05/15,Leicester,QPR,5,1,H
24/05/15,Man City,Southampton,2,0,H
24/05/15,Newcastle,West Ham,2,0,H
24/05/15,Stoke,Liverpool,6,1,H
08/08/15,Bournemouth,Aston Villa,0,1,NH
08/08/15,Chelsea,Swansea,2,2,NH
08/08/15,Everton,Watford,2,2,NH
08/08/15,Leicester,Sunderland,4,2,H
08/08/15,Man United,Tottenham,1,0,H
08/08/15,Norwich,Crystal Palace,1,3,NH
09/08/15,Arsenal,West Ham,0,2,NH
09/08/15,Newcastle,Southampton,2,2,NH
09/08/15,Stoke,Liverpool,0,1,NH
10/08/15,West Brom,Man City,0,3,NH
14/08/15,Aston Villa,Man United,0,1,NH
15/08/15,Southampton,Everton,0,3,NH
15/08/15,Sunderland,Norwich,1,3,NH
15/08/15,Swansea,Newcastle,2,0,H
15/08/15,Tottenham,Stoke,2,2,NH
15/08/15,Watford,West Brom,0,0,NH
15/08/15,West Ham,Leicester,1,2,NH
16/08/15,Crystal Palace,Arsenal,1,2,NH
16/08/15,Man City,Chelsea,3,0,H
17/08/15,Liverpool,Bournemouth,1,0,H
22/08/15,Crystal Palace,Aston Villa,2,1,H
22/08/15,Leicester,Tottenham,1,1,NH
22/08/15,Man United,Newcastle,0,0,NH
22/08/15,Norwich,Stoke,1,1,NH
22/08/15,Sunderland,Swansea,1,1,NH
22/08/15,West Ham,Bournemouth,3,4,NH
23/08/15,Everton,Man City,0,2,NH
23/08/15,Watford,Southampton,0,0,NH
23/08/15,West Brom,Chelsea,2,3,NH
24/08/15,Arsenal,Liverpool,0,0,NH
29/08/15,Aston Villa,Sunderland,2,2,NH
29/08/15,Bournemouth,Leicester,1,1,NH
29/08/15,Chelsea,Crystal Palace,1,2,NH
29/08/15,Liverpool,West Ham,0,3,NH
29/08/15,Man City,Watford,2,0,H
29/08/15,Newcastle,Arsenal,0,1,NH
29/08/15,Stoke,West Brom,0,1,NH
29/08/15,Tottenham,Everton,0,0,NH
30/08/15,Southampton,Norwich,3,0,H
30/08/15,Swansea,Man United,2,1,H
12/09/15,Arsenal,Stoke,2,0,H
12/09/15,Crystal Palace,Man City,0,1,NH
12/09/15,Everton,Chelsea,3,1,H
12/09/15,Man United,Liverpool,3,1,H
12/09/15,Norwich,Bournemouth,3,1,H
12/09/15,Watford,Swansea,1,0,H
12/09/15,West Brom,Southampton,0,0,NH
13/09/15,Leicester,Aston Villa,3,2,H
13/09/15,Sunderland,Tottenham,0,1,NH
14/09/15,West Ham,Newcastle,2,0,H
19/09/15,Aston Villa,West Brom,0,1,NH
19/09/15,Bournemouth,Sunderland,2,0,H
19/09/15,Chelsea,Arsenal,2,0,H
19/09/15,Man City,West Ham,1,2,NH
19/09/15,Newcastle,Watford,1,2,NH
19/09/15,Stoke,Leicester,2,2,NH
19/09/15,Swansea,Everton,0,0,NH
20/09/15,Liverpool,Norwich,1,1,NH
20/09/15,Southampton,Man United,2,3,NH
20/09/15,Tottenham,Crystal Palace,1,0,H
26/09/15,Leicester,Arsenal,2,5,NH
26/09/15,Liverpool,Aston Villa,3,2,H
26/09/15,Man United,Sunderland,3,0,H
26/09/15,Newcastle,Chelsea,2,2,NH
26/09/15,Southampton,Swansea,3,1,H
26/09/15,Stoke,Bournemouth,2,1,H
26/09/15,Tottenham,Man City,4,1,H
26/09/15,West Ham,Norwich,2,2,NH
27/09/15,Watford,Crystal Palace,0,1,NH
28/09/15,West Brom,Everton,2,3,NH
03/10/15,Aston Villa,Stoke,0,1,NH
03/10/15,Bournemouth,Watford,1,1,NH
03/10/15,Chelsea,Southampton,1,3,NH
03/10/15,Crystal Palace,West Brom,2,0,H
03/10/15,Man City,Newcastle,6,1,H
03/10/15,Norwich,Leicester,1,2,NH
03/10/15,Sunderland,West Ham,2,2,NH
04/10/15,Arsenal,Man United,3,0,H
04/10/15,Everton,Liverpool,1,1,NH
04/10/15,Swansea,Tottenham,2,2,NH
17/10/15,Chelsea,Aston Villa,2,0,H
17/10/15,Crystal Palace,West Ham,1,3,NH
17/10/15,Everton,Man United,0,3,NH
17/10/15,Man City,Bournemouth,5,1,H
17/10/15,Southampton,Leicester,2,2,NH
17/10/15,Tottenham,Liverpool,0,0,NH
17/10/15,Watford,Arsenal,0,3,NH
17/10/15,West Brom,Sunderland,1,0,H
18/10/15,Newcastle,Norwich,6,2,H
19/10/15,Swansea,Stoke,0,1,NH
24/10/15,Arsenal,Everton,2,1,H
24/10/15,Aston Villa,Swansea,1,2,NH
24/10/15,Leicester,Crystal Palace,1,0,H
24/10/15,Norwich,West Brom,0,1,NH
24/10/15,Stoke,Watford,0,2,NH
24/10/15,West Ham,Chelsea,2,1,H
25/10/15,Bournemouth,Tottenham,1,5,NH
25/10/15,Liverpool,Southampton,1,1,NH
25/10/15,Man United,Man City,0,0,NH
25/10/15,Sunderland,Newcastle,3,0,H
31/10/15,Chelsea,Liverpool,1,3,NH
31/10/15,Crystal Palace,Man United,0,0,NH
31/10/15,Man City,Norwich,2,1,H
31/10/15,Newcastle,Stoke,0,0,NH
31/10/15,Swansea,Arsenal,0,3,NH
31/10/15,Watford,West Ham,2,0,H
31/10/15,West Brom,Leicester,2,3,NH
01/11/15,Everton,Sunderland,6,2,H
01/11/15,Southampton,Bournemouth,2,0,H
02/11/15,Tottenham,Aston Villa,3,1,H
07/11/15,Bournemouth,Newcastle,0,1,NH
07/11/15,Leicester,Watford,2,1,H
07/11/15,Man United,West Brom,2,0,H
07/11/15,Norwich,Swansea,1,0,H
07/11/15,Stoke,Chelsea,1,0,H
07/11/15,Sunderland,Southampton,0,1,NH
07/11/15,West Ham,Everton,1,1,NH
08/11/15,Arsenal,Tottenham,1,1,NH
08/11/15,Aston Villa,Man City,0,0,NH
08/11/15,Liverpool,Crystal Palace,1,2,NH
21/11/15,Chelsea,Norwich,1,0,H
21/11/15,Everton,Aston Villa,4,0,H
21/11/15,Man City,Liverpool,1,4,NH
21/11/15,Newcastle,Leicester,0,3,NH
21/11/15,Southampton,Stoke,0,1,NH
21/11/15,Swansea,Bournemouth,2,2,NH
21/11/15,Watford,Man United,1,2,NH
21/11/15,West Brom,Arsenal,2,1,H
22/11/15,Tottenham,West Ham,4,1,H
23/11/15,Crystal Palace,Sunderland,0,1,NH
28/11/15,Aston Villa,Watford,2,3,NH
28/11/15,Bournemouth,Everton,3,3,NH
28/11/15,Crystal Palace,Newcastle,5,1,H
28/11/15,Leicester,Man United,1,1,NH
28/11/15,Man City,Southampton,3,1,H
28/11/15,Sunderland,Stoke,2,0,H
29/11/15,Liverpool,Swansea,1,0,H
29/11/15,Norwich,Arsenal,1,1,NH
29/11/15,Tottenham,Chelsea,0,0,NH
29/11/15,West Ham,West Brom,1,1,NH
05/12/15,Arsenal,Sunderland,3,1,H
05/12/15,Chelsea,Bournemouth,0,1,NH
05/12/15,Man United,West Ham,0,0,NH
05/12/15,Southampton,Aston Villa,1,1,NH
05/12/15,Stoke,Man City,2,0,H
05/12/15,Swansea,Leicester,0,3,NH
05/12/15,Watford,Norwich,2,0,H
05/12/15,West Brom,Tottenham,1,1,NH
06/12/15,Newcastle,Liverpool,2,0,H
07/12/15,Everton,Crystal Palace,1,1,NH
12/12/15,Bournemouth,Man United,2,1,H
12/12/15,Crystal Palace,Southampton,1,0,H
12/12/15,Man City,Swansea,2,1,H
12/12/15,Norwich,Everton,1,1,NH
12/12/15,Sunderland,Watford,0,1,NH
12/12/15,West Ham,Stoke,0,0,NH
13/12/15,Aston Villa,Arsenal,0,2,NH
13/12/15,Liverpool,West Brom,2,2,NH
13/12/15,Tottenham,Newcastle,1,2,NH
14/12/15,Leicester,Chelsea,2,1,H
19/12/15,Chelsea,Sunderland,3,1,H
19/12/15,Everton,Leicester,2,3,NH
19/12/15,Man United,Norwich,1,2,NH
19/12/15,Newcastle,Aston Villa,1,1,NH
19/12/15,Southampton,Tottenham,0,2,NH
19/12/15,Stoke,Crystal Palace,1,2,NH
19/12/15,West Brom,Bournemouth,1,2,NH
20/12/15,Swansea,West Ham,0,0,NH
20/12/15,Watford,Liverpool,3,0,H
21/12/15,Arsenal,Man City,2,1,H
26/12/15,Aston Villa,West Ham,1,1,NH
26/12/15,Bournemouth,Crystal Palace,0,0,NH
26/12/15,Chelsea,Watford,2,2,NH
26/12/15,Liverpool,Leicester,1,0,H
26/12/15,Man City,Sunderland,4,1,H
26/12/15,Newcastle,Everton,0,1,NH
26/12/15,Southampton,Arsenal,4,0,H
26/12/15,Stoke,Man United,2,0,H
26/12/15,Swansea,West Brom,1,0,H
26/12/15,Tottenham,Norwich,3,0,H
28/12/15,Arsenal,Bournemouth,2,0,H
28/12/15,Crystal Palace,Swansea,0,0,NH
28/12/15,Everton,Stoke,3,4,NH
28/12/15,Man United,Chelsea,0,0,NH
28/12/15,Norwich,Aston Villa,2,0,H
28/12/15,Watford,Tottenham,1,2,NH
28/12/15,West Brom,Newcastle,1,0,H
28/12/15,West Ham,Southampton,2,1,H
29/12/15,Leicester,Man City,0,0,NH
30/12/15,Sunderland,Liverpool,0,1,NH
02/01/16,Arsenal,Newcastle,1,0,H
02/01/16,Leicester,Bournemouth,0,0,NH
02/01/16,Man United,Swansea,2,1,H
02/01/16,Norwich,Southampton,1,0,H
02/01/16,Sunderland,Aston Villa,3,1,H
02/01/16,Watford,Man City,1,2,NH
02/01/16,West Brom,Stoke,2,1,H
02/01/16,West Ham,Liverpool,2,0,H
03/01/16,Crystal Palace,Chelsea,0,3,NH
03/01/16,Everton,Tottenham,1,1,NH
12/01/16,Aston Villa,Crystal Palace,1,0,H
12/01/16,Bournemouth,West Ham,1,3,NH
12/01/16,Newcastle,Man United,3,3,NH
13/01/16,Chelsea,West Brom,2,2,NH
13/01/16,Liverpool,Arsenal,3,3,NH
13/01/16,Man City,Everton,0,0,NH
13/01/16,Southampton,Watford,2,0,H
13/01/16,Stoke,Norwich,3,1,H
13/01/16,Swansea,Sunderland,2,4,NH
13/01/16,Tottenham,Leicester,0,1,NH
16/01/16,Aston Villa,Leicester,1,1,NH
16/01/16,Bournemouth,Norwich,3,0,H
16/01/16,Chelsea,Everton,3,3,NH
16/01/16,Man City,Crystal Palace,4,0,H
16/01/16,Newcastle,West Ham,2,1,H
16/01/16,Southampton,West Brom,3,0,H
16/01/16,Tottenham,Sunderland,4,1,H
17/01/16,Liverpool,Man United,0,1,NH
17/01/16,Stoke,Arsenal,0,0,NH
18/01/16,Swansea,Watford,1,0,H
23/01/16,Crystal Palace,Tottenham,1,3,NH
23/01/16,Leicester,Stoke,3,0,H
23/01/16,Man United,Southampton,0,1,NH
23/01/16,Norwich,Liverpool,4,5,NH
23/01/16,Sunderland,Bournemouth,1,1,NH
23/01/16,Watford,Newcastle,2,1,H
23/01/16,West Brom,Aston Villa,0,0,NH
23/01/16,West Ham,Man City,2,2,NH
24/01/16,Arsenal,Chelsea,0,1,NH
24/01/16,Everton,Swansea,1,2,NH
02/02/16,Arsenal,Southampton,0,0,NH
02/02/16,Crystal Palace,Bournemouth,1,2,NH
02/02/16,Leicester,Liverpool,2,0,H
02/02/16,Man United,Stoke,3,0,H
02/02/16,Norwich,Tottenham,0,3,NH
02/02/16,Sunderland,Man City,0,1,NH
02/02/16,West Brom,Swansea,1,1,NH
02/02/16,West Ham,Aston Villa,2,0,H
03/02/16,Everton,Newcastle,3,0,H
03/02/16,Watford,Chelsea,0,0,NH
06/02/16,Aston Villa,Norwich,2,0,H
06/02/16,Liverpool,Sunderland,2,2,NH
06/02/16,Man City,Leicester,1,3,NH
06/02/16,Newcastle,West Brom,1,0,H
06/02/16,Southampton,West Ham,1,0,H
06/02/16,Stoke,Everton,0,3,NH
06/02/16,Swansea,Crystal Palace,1,1,NH
06/02/16,Tottenham,Watford,1,0,H
07/02/16,Bournemouth,Arsenal,0,2,NH
07/02/16,Chelsea,Man United,1,1,NH
13/02/16,Bournemouth,Stoke,1,3,NH
13/02/16,Chelsea,Newcastle,5,1,H
13/02/16,Crystal Palace,Watford,1,2,NH
13/02/16,Everton,West Brom,0,1,NH
13/02/16,Norwich,West Ham,2,2,NH
13/02/16,Sunderland,Man United,2,1,H
13/02/16,Swansea,Southampton,0,1,NH
14/02/16,Arsenal,Leicester,2,1,H
14/02/16,Aston Villa,Liverpool,0,6,NH
14/02/16,Man City,Tottenham,1,2,NH
27/02/16,Leicester,Norwich,1,0,H
27/02/16,Southampton,Chelsea,1,2,NH
27/02/16,Stoke,Aston Villa,2,1,H
27/02/16,Watford,Bournemouth,0,0,NH
27/02/16,West Brom,Crystal Palace,3,2,H
27/02/16,West Ham,Sunderland,1,0,H
28/02/16,Tottenham,Swansea,2,1,H
28/02/16,Man United,Arsenal,3,2,H
01/03/16,Aston Villa,Everton,1,3,NH
01/03/16,Bournemouth,Southampton,2,0,H
01/03/16,Leicester,West Brom,2,2,NH
01/03/16,Norwich,Chelsea,1,2,NH
01/03/16,Sunderland,Crystal Palace,2,2,NH
02/03/16,Arsenal,Swansea,1,2,NH
02/03/16,Liverpool,Man City,3,0,H
02/03/16,Man United,Watford,1,0,H
02/03/16,Stoke,Newcastle,1,0,H
02/03/16,West Ham,Tottenham,1,0,H
05/03/16,Chelsea,Stoke,1,1,NH
05/03/16,Everton,West Ham,2,3,NH
05/03/16,Man City,Aston Villa,4,0,H
05/03/16,Newcastle,Bournemouth,1,3,NH
05/03/16,Southampton,Sunderland,1,1,NH
05/03/16,Swansea,Norwich,1,0,H
05/03/16,Tottenham,Arsenal,2,2,NH
05/03/16,Watford,Leicester,0,1,NH
06/03/16,Crystal Palace,Liverpool,1,2,NH
06/03/16,West Brom,Man United,1,0,H
12/03/16,Bournemouth,Swansea,3,2,H
12/03/16,Norwich,Man City,0,0,NH
12/03/16,Stoke,Southampton,1,2,NH
13/03/16,Aston Villa,Tottenham,0,2,NH
14/03/16,Leicester,Newcastle,1,0,H
19/03/16,Chelsea,West Ham,2,2,NH
19/03/16,Crystal Palace,Leicester,0,1,NH
19/03/16,Everton,Arsenal,0,2,NH
19/03/16,Swansea,Aston Villa,1,0,H
19/03/16,Watford,Stoke,1,2,NH
19/03/16,West Brom,Norwich,0,1,NH
20/03/16,Man City,Man United,0,1,NH
20/03/16,Newcastle,Sunderland,1,1,NH
20/03/16,Southampton,Liverpool,3,2,H
20/03/16,Tottenham,Bournemouth,3,0,H
02/04/16,Arsenal,Watford,4,0,H
02/04/16,Aston Villa,Chelsea,0,4,NH
02/04/16,Bournemouth,Man City,0,4,NH
02/04/16,Liverpool,Tottenham,1,1,NH
02/04/16,Norwich,Newcastle,3,2,H
02/04/16,Stoke,Swansea,2,2,NH
02/04/16,Sunderland,West Brom,0,0,NH
02/04/16,West Ham,Crystal Palace,2,2,NH
03/04/16,Leicester,Southampton,1,0,H
03/04/16,Man United,Everton,1,0,H
09/04/16,Aston Villa,Bournemouth,1,2,NH
09/04/16,Crystal Palace,Norwich,1,0,H
09/04/16,Man City,West Brom,2,1,H
09/04/16,Southampton,Newcastle,3,1,H
09/04/16,Swansea,Chelsea,1,0,H
09/04/16,Watford,Everton,1,1,NH
09/04/16,West Ham,Arsenal,3,3,NH
10/04/16,Liverpool,Stoke,4,1,H
10/04/16,Sunderland,Leicester,0,2,NH
10/04/16,Tottenham,Man United,3,0,H
13/04/16,Crystal Palace,Everton,0,0,NH
16/04/16,Chelsea,Man City,0,3,NH
16/04/16,Everton,Southampton,1,1,NH
16/04/16,Man United,Aston Villa,1,0,H
16/04/16,Newcastle,Swansea,3,0,H
16/04/16,Norwich,Sunderland,0,3,NH
16/04/16,West Brom,Watford,0,1,NH
17/04/16,Arsenal,Crystal Palace,1,1,NH
17/04/16,Bournemouth,Liverpool,1,2,NH
17/04/16,Leicester,West Ham,2,2,NH
18/04/16,Stoke,Tottenham,0,4,NH
19/04/16,Newcastle,Man City,1,1,NH
20/04/16,Liverpool,Everton,4,0,H
20/04/16,Man United,Crystal Palace,2,0,H
20/04/16,West Ham,Watford,3,1,H
21/04/16,Arsenal,West Brom,2,0,H
23/04/16,Aston Villa,Southampton,2,4,NH
23/04/16,Bournemouth,Chelsea,1,4,NH
23/04/16,Liverpool,Newcastle,2,2,NH
23/04/16,Man City,Stoke,4,0,H
24/04/16,Leicester,Swansea,4,0,H
24/04/16,Sunderland,Arsenal,0,0,NH
25/04/16,Tottenham,West Brom,1,1,NH
30/04/16,Arsenal,Norwich,1,0,H
30/04/16,Everton,Bournemouth,2,1,H
30/04/16,Newcastle,Crystal Palace,1,0,H
30/04/16,Stoke,Sunderland,1,1,NH
30/04/16,Watford,Aston Villa,3,2,H
30/04/16,West Brom,West Ham,0,3,NH
01/05/16,Man United,Leicester,1,1,NH
01/05/16,Southampton,Man City,4,2,H
01/05/16,Swansea,Liverpool,3,1,H
02/05/16,Chelsea,Tottenham,2,2,NH
07/05/16,Aston Villa,Newcastle,0,0,NH
07/05/16,Bournemouth,West Brom,1,1,NH
07/05/16,Crystal Palace,Stoke,2,1,H
07/05/16,Leicester,Everton,3,1,H
07/05/16,Norwich,Man United,0,1,NH
07/05/16,Sunderland,Chelsea,3,2,H
07/05/16,West Ham,Swansea,1,4,NH
08/05/16,Liverpool,Watford,2,0,H
08/05/16,Man City,Arsenal,2,2,NH
08/05/16,Tottenham,Southampton,1,2,NH
10/05/16,West Ham,Man United,3,2,H
11/05/16,Liverpool,Chelsea,1,1,NH
11/05/16,Norwich,Watford,4,2,H
11/05/16,Sunderland,Everton,3,0,H
15/05/16,Arsenal,Aston Villa,4,0,H
15/05/16,Chelsea,Leicester,1,1,NH
15/05/16,Everton,Norwich,3,0,H
15/05/16,Newcastle,Tottenham,5,1,H
15/05/16,Southampton,Crystal Palace,4,1,H
15/05/16,Stoke,West Ham,2,1,H
15/05/16,Swansea,Man City,1,1,NH
15/05/16,Watford,Sunderland,2,2,NH
15/05/16,West Brom,Liverpool,1,1,NH
17/05/16,Man United,Bournemouth,3,1,H
13/08/16,Burnley,Swansea,0,1,NH
13/08/16,Crystal Palace,West Brom,0,1,NH
13/08/16,Everton,Tottenham,1,1,NH
13/08/16,Hull,Leicester,2,1,H
13/08/16,Man City,Sunderland,2,1,H
13/08/16,Middlesbrough,Stoke,1,1,NH
13/08/16,Southampton,Watford,1,1,NH
14/08/16,Arsenal,Liverpool,3,4,NH
14/08/16,Bournemouth,Man United,1,3,NH
15/08/16,Chelsea,West Ham,2,1,H
19/08/16,Man United,Southampton,2,0,H
20/08/16,Burnley,Liverpool,2,0,H
20/08/16,Leicester,Arsenal,0,0,NH
20/08/16,Stoke,Man City,1,4,NH
20/08/16,Swansea,Hull,0,2,NH
20/08/16,Tottenham,Crystal Palace,1,0,H
20/08/16,Watford,Chelsea,1,2,NH
20/08/16,West Brom,Everton,1,2,NH
21/08/16,Sunderland,Middlesbrough,1,2,NH
21/08/16,West Ham,Bournemouth,1,0,H
27/08/16,Chelsea,Burnley,3,0,H
27/08/16,Crystal Palace,Bournemouth,1,1,NH
27/08/16,Everton,Stoke,1,0,H
27/08/16,Hull,Man United,0,1,NH
27/08/16,Leicester,Swansea,2,1,H
27/08/16,Southampton,Sunderland,1,1,NH
27/08/16,Tottenham,Liverpool,1,1,NH
27/08/16,Watford,Arsenal,1,3,NH
28/08/16,Man City,West Ham,3,1,H
28/08/16,West Brom,Middlesbrough,0,0,NH
10/09/16,Arsenal,Southampton,2,1,H
10/09/16,Bournemouth,West Brom,1,0,H
10/09/16,Burnley,Hull,1,1,NH
10/09/16,Liverpool,Leicester,4,1,H
10/09/16,Man United,Man City,1,2,NH
10/09/16,Middlesbrough,Crystal Palace,1,2,NH
10/09/16,Stoke,Tottenham,0,4,NH
10/09/16,West Ham,Watford,2,4,NH
11/09/16,Swansea,Chelsea,2,2,NH
12/09/16,Sunderland,Everton,0,3,NH
16/09/16,Chelsea,Liverpool,1,2,NH
17/09/16,Everton,Middlesbrough,3,1,H
17/09/16,Hull,Arsenal,1,4,NH
17/09/16,Leicester,Burnley,3,0,H
17/09/16,Man City,Bournemouth,4,0,H
17/09/16,West Brom,West Ham,4,2,H
18/09/16,Crystal Palace,Stoke,4,1,H
18/09/16,Southampton,Swansea,1,0,H
18/09/16,Tottenham,Sunderland,1,0,H
18/09/16,Watford,Man United,3,1,H
24/09/16,Arsenal,Chelsea,3,0,H
24/09/16,Bournemouth,Everton,1,0,H
24/09/16,Liverpool,Hull,5,1,H
24/09/16,Man United,Leicester,4,1,H
24/09/16,Middlesbrough,Tottenham,1,2,NH
24/09/16,Stoke,West Brom,1,1,NH
24/09/16,Sunderland,Crystal Palace,2,3,NH
24/09/16,Swansea,Man City,1,3,NH
25/09/16,West Ham,Southampton,0,3,NH
26/09/16,Burnley,Watford,2,0,H
30/09/16,Everton,Crystal Palace,1,1,NH
01/10/16,Hull,Chelsea,0,2,NH
01/10/16,Sunderland,West Brom,1,1,NH
01/10/16,Swansea,Liverpool,1,2,NH
01/10/16,Watford,Bournemouth,2,2,NH
01/10/16,West Ham,Middlesbrough,1,1,NH
02/10/16,Burnley,Arsenal,0,1,NH
02/10/16,Leicester,Southampton,0,0,NH
02/10/16,Man United,Stoke,1,1,NH
02/10/16,Tottenham,Man City,2,0,H
15/10/16,Arsenal,Swansea,3,2,H
15/10/16,Bournemouth,Hull,6,1,H
15/10/16,Chelsea,Leicester,3,0,H
15/10/16,Crystal Palace,West Ham,0,1,NH
15/10/16,Man City,Everton,1,1,NH
15/10/16,Stoke,Sunderland,2,0,H
15/10/16,West Brom,Tottenham,1,1,NH
16/10/16,Middlesbrough,Watford,0,1,NH
16/10/16,Southampton,Burnley,3,1,H
17/10/16,Liverpool,Man United,0,0,NH
22/10/16,Arsenal,Middlesbrough,0,0,NH
22/10/16,Bournemouth,Tottenham,0,0,NH
22/10/16,Burnley,Everton,2,1,H
22/10/16,Hull,Stoke,0,2,NH
22/10/16,Leicester,Crystal Palace,3,1,H
22/10/16,Liverpool,West Brom,2,1,H
22/10/16,Swansea,Watford,0,0,NH
22/10/16,West Ham,Sunderland,1,0,H
23/10/16,Chelsea,Man United,4,0,H
23/10/16,Man City,Southampton,1,1,NH
29/10/16,Crystal Palace,Liverpool,2,4,NH
29/10/16,Man United,Burnley,0,0,NH
29/10/16,Middlesbrough,Bournemouth,2,0,H
29/10/16,Sunderland,Arsenal,1,4,NH
29/10/16,Tottenham,Leicester,1,1,NH
29/10/16,Watford,Hull,1,0,H
29/10/16,West Brom,Man City,0,4,NH
30/10/16,Everton,West Ham,2,0,H
30/10/16,Southampton,Chelsea,0,2,NH
31/10/16,Stoke,Swansea,3,1,H
05/11/16,Bournemouth,Sunderland,1,2,NH
05/11/16,Burnley,Crystal Palace,3,2,H
05/11/16,Chelsea,Everton,5,0,H
05/11/16,Man City,Middlesbrough,1,1,NH
05/11/16,West Ham,Stoke,1,1,NH
06/11/16,Arsenal,Tottenham,1,1,NH
06/11/16,Hull,Southampton,2,1,H
06/11/16,Leicester,West Brom,1,2,NH
06/11/16,Liverpool,Watford,6,1,H
06/11/16,Swansea,Man United,1,3,NH
19/11/16,Crystal Palace,Man City,1,2,NH
19/11/16,Everton,Swansea,1,1,NH
19/11/16,Man United,Arsenal,1,1,NH
19/11/16,Southampton,Liverpool,0,0,NH
19/11/16,Stoke,Bournemouth,0,1,NH
19/11/16,Sunderland,Hull,3,0,H
19/11/16,Tottenham,West Ham,3,2,H
19/11/16,Watford,Leicester,2,1,H
20/11/16,Middlesbrough,Chelsea,0,1,NH
21/11/16,West Brom,Burnley,4,0,H
26/11/16,Burnley,Man City,1,2,NH
26/11/16,Chelsea,Tottenham,2,1,H
26/11/16,Hull,West Brom,1,1,NH
26/11/16,Leicester,Middlesbrough,2,2,NH
26/11/16,Liverpool,Sunderland,2,0,H
26/11/16,Swansea,Crystal Palace,5,4,H
27/11/16,Arsenal,Bournemouth,3,1,H
27/11/16,Man United,West Ham,1,1,NH
27/11/16,Southampton,Everton,1,0,H
27/11/16,Watford,Stoke,0,1,NH
03/12/16,Crystal Palace,Southampton,3,0,H
03/12/16,Man City,Chelsea,1,3,NH
03/12/16,Stoke,Burnley,2,0,H
03/12/16,Sunderland,Leicester,2,1,H
03/12/16,Tottenham,Swansea,5,0,H
03/12/16,West Brom,Watford,3,1,H
03/12/16,West Ham,Arsenal,1,5,NH
04/12/16,Bournemouth,Liverpool,4,3,H
04/12/16,Everton,Man United,1,1,NH
05/12/16,Middlesbrough,Hull,1,0,H
10/12/16,Arsenal,Stoke,3,1,H
10/12/16,Burnley,Bournemouth,3,2,H
10/12/16,Hull,Crystal Palace,3,3,NH
10/12/16,Leicester,Man City,4,2,H
10/12/16,Swansea,Sunderland,3,0,H
10/12/16,Watford,Everton,3,2,H
11/12/16,Chelsea,West Brom,1,0,H
11/12/16,Liverpool,West Ham,2,2,NH
11/12/16,Man United,Tottenham,1,0,H
11/12/16,Southampton,Middlesbrough,1,0,H
13/12/16,Bournemouth,Leicester,1,0,H
13/12/16,Everton,Arsenal,2,1,H
14/12/16,Crystal Palace,Man United,1,2,NH
14/12/16,Man City,Watford,2,0,H
14/12/16,Middlesbrough,Liverpool,0,3,NH
14/12/16,Stoke,Southampton,0,0,NH
14/12/16,Sunderland,Chelsea,0,1,NH
14/12/16,Tottenham,Hull,3,0,H
14/12/16,West Brom,Swansea,3,1,H
14/12/16,West Ham,Burnley,1,0,H
17/12/16,Crystal Palace,Chelsea,0,1,NH
17/12/16,Middlesbrough,Swansea,3,0,H
17/12/16,Stoke,Leicester,2,2,NH
17/12/16,Sunderland,Watford,1,0,H
17/12/16,West Brom,Man United,0,2,NH
17/12/16,West Ham,Hull,1,0,H
18/12/16,Bournemouth,Southampton,1,3,NH
18/12/16,Man City,Arsenal,2,1,H
18/12/16,Tottenham,Burnley,2,1,H
19/12/16,Everton,Liverpool,0,1,NH
26/12/16,Arsenal,West Brom,1,0,H
26/12/16,Burnley,Middlesbrough,1,0,H
26/12/16,Chelsea,Bournemouth,3,0,H
26/12/16,Hull,Man City,0,3,NH
26/12/16,Leicester,Everton,0,2,NH
26/12/16,Man United,Sunderland,3,1,H
26/12/16,Swansea,West Ham,1,4,NH
26/12/16,Watford,Crystal Palace,1,1,NH
27/12/16,Liverpool,Stoke,4,1,H
28/12/16,Southampton,Tottenham,1,4,NH
30/12/16,Hull,Everton,2,2,NH
31/12/16,Burnley,Sunderland,4,1,H
31/12/16,Chelsea,Stoke,4,2,H
31/12/16,Leicester,West Ham,1,0,H
31/12/16,Liverpool,Man City,1,0,H
31/12/16,Man United,Middlesbrough,2,1,H
31/12/16,Southampton,West Brom,1,2,NH
31/12/16,Swansea,Bournemouth,0,3,NH
01/01/17,Arsenal,Crystal Palace,2,0,H
01/01/17,Watford,Tottenham,1,4,NH
02/01/17,Everton,Southampton,3,0,H
02/01/17,Man City,Burnley,2,1,H
02/01/17,Middlesbrough,Leicester,0,0,NH
02/01/17,Sunderland,Liverpool,2,2,NH
02/01/17,West Brom,Hull,3,1,H
02/01/17,West Ham,Man United,0,2,NH
03/01/17,Bournemouth,Arsenal,3,3,NH
03/01/17,Crystal Palace,Swansea,1,2,NH
03/01/17,Stoke,Watford,2,0,H
04/01/17,Tottenham,Chelsea,2,0,H
14/01/17,Burnley,Southampton,1,0,H
14/01/17,Hull,Bournemouth,3,1,H
14/01/17,Leicester,Chelsea,0,3,NH
14/01/17,Sunderland,Stoke,1,3,NH
14/01/17,Swansea,Arsenal,0,4,NH
14/01/17,Tottenham,West Brom,4,0,H
14/01/17,Watford,Middlesbrough,0,0,NH
14/01/17,West Ham,Crystal Palace,3,0,H
15/01/17,Everton,Man City,4,0,H
15/01/17,Man United,Liverpool,1,1,NH
21/01/17,Bournemouth,Watford,2,2,NH
21/01/17,Crystal Palace,Everton,0,1,NH
21/01/17,Liverpool,Swansea,2,3,NH
21/01/17,Man City,Tottenham,2,2,NH
21/01/17,Middlesbrough,West Ham,1,3,NH
21/01/17,Stoke,Man United,1,1,NH
21/01/17,West Brom,Sunderland,2,0,H
22/01/17,Arsenal,Burnley,2,1,H
22/01/17,Chelsea,Hull,2,0,H
22/01/17,Southampton,Leicester,3,0,H
31/01/17,Arsenal,Watford,1,2,NH
31/01/17,Bournemouth,Crystal Palace,0,2,NH
31/01/17,Burnley,Leicester,1,0,H
31/01/17,Liverpool,Chelsea,1,1,NH
31/01/17,Middlesbrough,West Brom,1,1,NH
31/01/17,Sunderland,Tottenham,0,0,NH
31/01/17,Swansea,Southampton,2,1,H
01/02/17,Man United,Hull,0,0,NH
01/02/17,Stoke,Everton,1,1,NH
01/02/17,West Ham,Man City,0,4,NH
04/02/17,Chelsea,Arsenal,3,1,H
04/02/17,Crystal Palace,Sunderland,0,4,NH
04/02/17,Everton,Bournemouth,6,3,H
04/02/17,Hull,Liverpool,2,0,H
04/02/17,Southampton,West Ham,1,3,NH
04/02/17,Tottenham,Middlesbrough,1,0,H
04/02/17,Watford,Burnley,2,1,H
04/02/17,West Brom,Stoke,1,0,H
05/02/17,Leicester,Man United,0,3,NH
05/02/17,Man City,Swansea,2,1,H
11/02/17,Arsenal,Hull,2,0,H
11/02/17,Liverpool,Tottenham,2,0,H
11/02/17,Man United,Watford,2,0,H
11/02/17,Middlesbrough,Everton,0,0,NH
11/02/17,Stoke,Crystal Palace,1,0,H
11/02/17,Sunderland,Southampton,0,4,NH
11/02/17,West Ham,West Brom,2,2,NH
12/02/17,Burnley,Chelsea,1,1,NH
12/02/17,Swansea,Leicester,2,0,H
13/02/17,Bournemouth,Man City,0,2,NH
25/02/17,Chelsea,Swansea,3,1,H
25/02/17,Crystal Palace,Middlesbrough,1,0,H
25/02/17,Everton,Sunderland,2,0,H
25/02/17,Hull,Burnley,1,1,NH
25/02/17,Watford,West Ham,1,1,NH
25/02/17,West Brom,Bournemouth,2,1,H
26/02/17,Tottenham,Stoke,4,0,H
27/02/17,Leicester,Liverpool,3,1,H
04/03/17,Leicester,Hull,3,1,H
04/03/17,Liverpool,Arsenal,3,1,H
04/03/17,Man United,Bournemouth,1,1,NH
04/03/17,Stoke,Middlesbrough,2,0,H
04/03/17,Swansea,Burnley,3,2,H
04/03/17,Watford,Southampton,3,4,NH
04/03/17,West Brom,Crystal Palace,0,2,NH
05/03/17,Sunderland,Man City,0,2,NH
05/03/17,Tottenham,Everton,3,2,H
06/03/17,West Ham,Chelsea,1,2,NH
08/03/17,Man City,Stoke,0,0,NH
11/03/17,Bournemouth,West Ham,3,2,H
11/03/17,Everton,West Brom,3,0,H
11/03/17,Hull,Swansea,2,1,H
12/03/17,Liverpool,Burnley,2,1,H
18/03/17,Bournemouth,Swansea,2,0,H
18/03/17,Crystal Palace,Watford,1,0,H
18/03/17,Everton,Hull,4,0,H
18/03/17,Stoke,Chelsea,1,2,NH
18/03/17,Sunderland,Burnley,0,0,NH
18/03/17,West Brom,Arsenal,3,1,H
18/03/17,West Ham,Leicester,2,3,NH
19/03/17,Man City,Liverpool,1,1,NH
19/03/17,Middlesbrough,Man United,1,3,NH
19/03/17,Tottenham,Southampton,2,1,H
01/04/17,Burnley,Tottenham,0,2,NH
01/04/17,Chelsea,Crystal Palace,1,2,NH
01/04/17,Hull,West Ham,2,1,H
01/04/17,Leicester,Stoke,2,0,H
01/04/17,Liverpool,Everton,3,1,H
01/04/17,Man United,West Brom,0,0,NH
01/04/17,Southampton,Bournemouth,0,0,NH
01/04/17,Watford,Sunderland,1,0,H
02/04/17,Arsenal,Man City,2,2,NH
02/04/17,Swansea,Middlesbrough,0,0,NH
04/04/17,Burnley,Stoke,1,0,H
04/04/17,Leicester,Sunderland,2,0,H
04/04/17,Man United,Everton,1,1,NH
04/04/17,Watford,West Brom,2,0,H
05/04/17,Arsenal,West Ham,3,0,H
05/04/17,Chelsea,Man City,2,1,H
05/04/17,Hull,Middlesbrough,4,2,H
05/04/17,Liverpool,Bournemouth,2,2,NH
05/04/17,Southampton,Crystal Palace,3,1,H
05/04/17,Swansea,Tottenham,1,3,NH
08/04/17,Bournemouth,Chelsea,1,3,NH
08/04/17,Man City,Hull,3,1,H
08/04/17,Middlesbrough,Burnley,0,0,NH
08/04/17,Stoke,Liverpool,1,2,NH
08/04/17,Tottenham,Watford,4,0,H
08/04/17,West Brom,Southampton,0,1,NH
08/04/17,West Ham,Swansea,1,0,H
09/04/17,Everton,Leicester,4,2,H
09/04/17,Sunderland,Man United,0,3,NH
10/04/17,Crystal Palace,Arsenal,3,0,H
15/04/17,Crystal Palace,Leicester,2,2,NH
15/04/17,Everton,Burnley,3,1,H
15/04/17,Southampton,Man City,0,3,NH
15/04/17,Stoke,Hull,3,1,H
15/04/17,Sunderland,West Ham,2,2,NH
15/04/17,Tottenham,Bournemouth,4,0,H
15/04/17,Watford,Swansea,1,0,H
16/04/17,Man United,Chelsea,2,0,H
16/04/17,West Brom,Liverpool,0,1,NH
17/04/17,Middlesbrough,Arsenal,1,2,NH
22/04/17,Bournemouth,Middlesbrough,4,0,H
22/04/17,Hull,Watford,2,0,H
22/04/17,Swansea,Stoke,2,0,H
22/04/17,West Ham,Everton,0,0,NH
23/04/17,Burnley,Man United,0,2,NH
23/04/17,Liverpool,Crystal Palace,1,2,NH
25/04/17,Chelsea,Southampton,4,2,H
26/04/17,Arsenal,Leicester,1,0,H
26/04/17,Crystal Palace,Tottenham,0,1,NH
26/04/17,Middlesbrough,Sunderland,1,0,H
27/04/17,Man City,Man United,0,0,NH
29/04/17,Crystal Palace,Burnley,0,2,NH
29/04/17,Southampton,Hull,0,0,NH
29/04/17,Stoke,West Ham,0,0,NH
29/04/17,Sunderland,Bournemouth,0,1,NH
29/04/17,West Brom,Leicester,0,1,NH
30/04/17,Everton,Chelsea,0,3,NH
30/04/17,Man United,Swansea,1,1,NH
30/04/17,Middlesbrough,Man City,2,2,NH
30/04/17,Tottenham,Arsenal,2,0,H
01/05/17,Watford,Liverpool,0,1,NH
05/05/17,West Ham,Tottenham,1,0,H
06/05/17,Bournemouth,Stoke,2,2,NH
06/05/17,Burnley,West Brom,2,2,NH
06/05/17,Hull,Sunderland,0,2,NH
06/05/17,Leicester,Watford,3,0,H
06/05/17,Man City,Crystal Palace,5,0,H
06/05/17,Swansea,Everton,1,0,H
07/05/17,Arsenal,Man United,2,0,H
07/05/17,Liverpool,Southampton,0,0,NH
08/05/17,Chelsea,Middlesbrough,3,0,H
10/05/17,Southampton,Arsenal,0,2,NH
12/05/17,Everton,Watford,1,0,H
12/05/17,West Brom,Chelsea,0,1,NH
13/05/17,Bournemouth,Burnley,2,1,H
13/05/17,Man City,Leicester,2,1,H
13/05/17,Middlesbrough,Southampton,1,2,NH
13/05/17,Stoke,Arsenal,1,4,NH
13/05/17,Sunderland,Swansea,0,2,NH
14/05/17,Crystal Palace,Hull,4,0,H
14/05/17,Tottenham,Man United,2,1,H
14/05/17,West Ham,Liverpool,0,4,NH
15/05/17,Chelsea,Watford,4,3,H
16/05/17,Arsenal,Sunderland,2,0,H
16/05/17,Man City,West Brom,3,1,H
17/05/17,Southampton,Man United,0,0,NH
18/05/17,Leicester,Tottenham,1,6,NH
21/05/17,Arsenal,Everton,3,1,H
21/05/17,Burnley,West Ham,1,2,NH
21/05/17,Chelsea,Sunderland,5,1,H
21/05/17,Hull,Tottenham,1,7,NH
21/05/17,Leicester,Bournemouth,1,1,NH
21/05/17,Liverpool,Middlesbrough,3,0,H
21/05/17,Man United,Crystal Palace,2,0,H
21/05/17,Southampton,Stoke,0,1,NH
21/05/17,Swansea,West Brom,2,1,H
21/05/17,Watford,Man City,0,5,NH
11/08/17,Arsenal,Leicester,4,3,H
12/08/17,Brighton,Man City,0,2,NH
12/08/17,Chelsea,Burnley,2,3,NH
12/08/17,Crystal Palace,Huddersfield,0,3,NH
12/08/17,Everton,Stoke,1,0,H
12/08/17,Southampton,Swansea,0,0,NH
12/08/17,Watford,Liverpool,3,3,NH
12/08/17,West Brom,Bournemouth,1,0,H
13/08/17,Man United,West Ham,4,0,H
13/08/17,Newcastle,Tottenham,0,2,NH
19/08/17,Bournemouth,Watford,0,2,NH
19/08/17,Burnley,West Brom,0,1,NH
19/08/17,Leicester,Brighton,2,0,H
19/08/17,Liverpool,Crystal Palace,1,0,H
19/08/17,Southampton,West Ham,3,2,H
19/08/17,Stoke,Arsenal,1,0,H
19/08/17,Swansea,Man United,0,4,NH
20/08/17,Huddersfield,Newcastle,1,0,H
20/08/17,Tottenham,Chelsea,1,2,NH
21/08/17,Man City,Everton,1,1,NH
26/08/17,Bournemouth,Man City,1,2,NH
26/08/17,Crystal Palace,Swansea,0,2,NH
26/08/17,Huddersfield,Southampton,0,0,NH
26/08/17,Man United,Leicester,2,0,H
26/08/17,Newcastle,West Ham,3,0,H
26/08/17,Watford,Brighton,0,0,NH
27/08/17,Chelsea,Everton,2,0,H
27/08/17,Liverpool,Arsenal,4,0,H
27/08/17,Tottenham,Burnley,1,1,NH
27/08/17,West Brom,Stoke,1,1,NH
09/09/17,Arsenal,Bournemouth,3,0,H
09/09/17,Brighton,West Brom,3,1,H
09/09/17,Everton,Tottenham,0,3,NH
09/09/17,Leicester,Chelsea,1,2,NH
09/09/17,Man City,Liverpool,5,0,H
09/09/17,Southampton,Watford,0,2,NH
09/09/17,Stoke,Man United,2,2,NH
10/09/17,Burnley,Crystal Palace,1,0,H
10/09/17,Swansea,Newcastle,0,1,NH
11/09/17,West Ham,Huddersfield,2,0,H
15/09/17,Bournemouth,Brighton,2,1,H
16/09/17,Crystal Palace,Southampton,0,1,NH
16/09/17,Huddersfield,Leicester,1,1,NH
16/09/17,Liverpool,Burnley,1,1,NH
16/09/17,Newcastle,Stoke,2,1,H
16/09/17,Tottenham,Swansea,0,0,NH
16/09/17,Watford,Man City,0,6,NH
16/09/17,West Brom,West Ham,0,0,NH
17/09/17,Chelsea,Arsenal,0,0,NH
17/09/17,Man United,Everton,4,0,H
23/09/17,Burnley,Huddersfield,0,0,NH
23/09/17,Everton,Bournemouth,2,1,H
23/09/17,Leicester,Liverpool,2,3,NH
23/09/17,Man City,Crystal Palace,5,0,H
23/09/17,Southampton,Man United,0,1,NH
23/09/17,Stoke,Chelsea,0,4,NH
23/09/17,Swansea,Watford,1,2,NH
23/09/17,West Ham,Tottenham,2,3,NH
24/09/17,Brighton,Newcastle,1,0,H
25/09/17,Arsenal,West Brom,2,0,H
30/09/17,Bournemouth,Leicester,0,0,NH
30/09/17,Chelsea,Man City,0,1,NH
30/09/17,Huddersfield,Tottenham,0,4,NH
30/09/17,Man United,Crystal Palace,4,0,H
30/09/17,Stoke,Southampton,2,1,H
30/09/17,West Brom,Watford,2,2,NH
30/09/17,West Ham,Swansea,1,0,H
01/10/17,Arsenal,Brighton,2,0,H
01/10/17,Everton,Burnley,0,1,NH
01/10/17,Newcastle,Liverpool,1,1,NH
14/10/17,Burnley,West Ham,1,1,NH
14/10/17,Crystal Palace,Chelsea,2,1,H
14/10/17,Liverpool,Man United,0,0,NH
14/10/17,Man City,Stoke,7,2,H
14/10/17,Swansea,Huddersfield,2,0,H
14/10/17,Tottenham,Bournemouth,1,0,H
14/10/17,Watford,Arsenal,2,1,H
15/10/17,Brighton,Everton,1,1,NH
15/10/17,Southampton,Newcastle,2,2,NH
16/10/17,Leicester,West Brom,1,1,NH
20/10/17,West Ham,Brighton,0,3,NH
21/10/17,Chelsea,Watford,4,2,H
21/10/17,Huddersfield,Man United,2,1,H
21/10/17,Man City,Burnley,3,0,H
21/10/17,Newcastle,Crystal Palace,1,0,H
21/10/17,Southampton,West Brom,1,0,H
21/10/17,Stoke,Bournemouth,1,2,NH
21/10/17,Swansea,Leicester,1,2,NH
22/10/17,Everton,Arsenal,2,5,NH
22/10/17,Tottenham,Liverpool,4,1,H
28/10/17,Arsenal,Swansea,2,1,H
28/10/17,Bournemouth,Chelsea,0,1,NH
28/10/17,Crystal Palace,West Ham,2,2,NH
28/10/17,Liverpool,Huddersfield,3,0,H
28/10/17,Man United,Tottenham,1,0,H
28/10/17,Watford,Stoke,0,1,NH
28/10/17,West Brom,Man City,2,3,NH
29/10/17,Brighton,Southampton,1,1,NH
29/10/17,Leicester,Everton,2,0,H
30/10/17,Burnley,Newcastle,1,0,H
04/11/17,Huddersfield,West Brom,1,0,H
04/11/17,Newcastle,Bournemouth,0,1,NH
04/11/17,Southampton,Burnley,0,1,NH
04/11/17,Stoke,Leicester,2,2,NH
04/11/17,Swansea,Brighton,0,1,NH
04/11/17,West Ham,Liverpool,1,4,NH
05/11/17,Chelsea,Man United,1,0,H
05/11/17,Everton,Watford,3,2,H
05/11/17,Man City,Arsenal,3,1,H
05/11/17,Tottenham,Crystal Palace,1,0,H
18/11/17,Arsenal,Tottenham,2,0,H
18/11/17,Bournemouth,Huddersfield,4,0,H
18/11/17,Burnley,Swansea,2,0,H
18/11/17,Crystal Palace,Everton,2,2,NH
18/11/17,Leicester,Man City,0,2,NH
18/11/17,Liverpool,Southampton,3,0,H
18/11/17,Man United,Newcastle,4,1,H
18/11/17,West Brom,Chelsea,0,4,NH
19/11/17,Watford,West Ham,2,0,H
20/11/17,Brighton,Stoke,2,2,NH
24/11/17,West Ham,Leicester,1,1,NH
25/11/17,Crystal Palace,Stoke,2,1,H
25/11/17,Liverpool,Chelsea,1,1,NH
25/11/17,Man United,Brighton,1,0,H
25/11/17,Newcastle,Watford,0,3,NH
25/11/17,Swansea,Bournemouth,0,0,NH
25/11/17,Tottenham,West Brom,1,1,NH
26/11/17,Burnley,Arsenal,0,1,NH
26/11/17,Huddersfield,Man City,1,2,NH
26/11/17,Southampton,Everton,4,1,H
28/11/17,Brighton,Crystal Palace,0,0,NH
28/11/17,Leicester,Tottenham,2,1,H
28/11/17,Watford,Man United,2,4,NH
28/11/17,West Brom,Newcastle,2,2,NH
29/11/17,Arsenal,Huddersfield,5,0,H
29/11/17,Bournemouth,Burnley,1,2,NH
29/11/17,Chelsea,Swansea,1,0,H
29/11/17,Everton,West Ham,4,0,H
29/11/17,Man City,Southampton,2,1,H
29/11/17,Stoke,Liverpool,0,3,NH
02/12/17,Arsenal,Man United,1,3,NH
02/12/17,Brighton,Liverpool,1,5,NH
02/12/17,Chelsea,Newcastle,3,1,H
02/12/17,Everton,Huddersfield,2,0,H
02/12/17,Leicester,Burnley,1,0,H
02/12/17,Stoke,Swansea,2,1,H
02/12/17,Watford,Tottenham,1,1,NH
02/12/17,West Brom,Crystal Palace,0,0,NH
03/12/17,Bournemouth,Southampton,1,1,NH
03/12/17,Man City,West Ham,2,1,H
09/12/17,Burnley,Watford,1,0,H
09/12/17,Crystal Palace,Bournemouth,2,2,NH
09/12/17,Huddersfield,Brighton,2,0,H
09/12/17,Newcastle,Leicester,2,3,NH
09/12/17,Swansea,West Brom,1,0,H
09/12/17,Tottenham,Stoke,5,1,H
09/12/17,West Ham,Chelsea,1,0,H
10/12/17,Liverpool,Everton,1,1,NH
10/12/17,Man United,Man City,1,2,NH
10/12/17,Southampton,Arsenal,1,1,NH
12/12/17,Burnley,Stoke,1,0,H
12/12/17,Crystal Palace,Watford,2,1,H
12/12/17,Huddersfield,Chelsea,1,3,NH
13/12/17,Liverpool,West Brom,0,0,NH
13/12/17,Man United,Bournemouth,1,0,H
13/12/17,Newcastle,Everton,0,1,NH
13/12/17,Southampton,Leicester,1,4,NH
13/12/17,Swansea,Man City,0,4,NH
13/12/17,Tottenham,Brighton,2,0,H
13/12/17,West Ham,Arsenal,0,0,NH
16/12/17,Arsenal,Newcastle,1,0,H
16/12/17,Brighton,Burnley,0,0,NH
16/12/17,Chelsea,Southampton,1,0,H
16/12/17,Leicester,Crystal Palace,0,3,NH
16/12/17,Man City,Tottenham,4,1,H
16/12/17,Stoke,West Ham,0,3,NH
16/12/17,Watford,Huddersfield,1,4,NH
17/12/17,Bournemouth,Liverpool,0,4,NH
17/12/17,West Brom,Man United,1,2,NH
18/12/17,Everton,Swansea,3,1,H
22/12/17,Arsenal,Liverpool,3,3,NH
23/12/17,Brighton,Watford,1,0,H
23/12/17,Burnley,Tottenham,0,3,NH
23/12/17,Everton,Chelsea,0,0,NH
23/12/17,Leicester,Man United,2,2,NH
23/12/17,Man City,Bournemouth,4,0,H
23/12/17,Southampton,Huddersfield,1,1,NH
23/12/17,Stoke,West Brom,3,1,H
23/12/17,Swansea,Crystal Palace,1,1,NH
23/12/17,West Ham,Newcastle,2,3,NH
26/12/17,Bournemouth,West Ham,3,3,NH
26/12/17,Chelsea,Brighton,2,0,H
26/12/17,Huddersfield,Stoke,1,1,NH
26/12/17,Liverpool,Swansea,5,0,H
26/12/17,Man United,Burnley,2,2,NH
26/12/17,Tottenham,Southampton,5,2,H
26/12/17,Watford,Leicester,2,1,H
26/12/17,West Brom,Everton,0,0,NH
27/12/17,Newcastle,Man City,0,1,NH
28/12/17,Crystal Palace,Arsenal,2,3,NH
30/12/17,Bournemouth,Everton,2,1,H
30/12/17,Chelsea,Stoke,5,0,H
30/12/17,Huddersfield,Burnley,0,0,NH
30/12/17,Liverpool,Leicester,2,1,H
30/12/17,Man United,Southampton,0,0,NH
30/12/17,Newcastle,Brighton,0,0,NH
30/12/17,Watford,Swansea,1,2,NH
31/12/17,Crystal Palace,Man City,0,0,NH
31/12/17,West Brom,Arsenal,1,1,NH
01/01/18,Brighton,Bournemouth,2,2,NH
01/01/18,Burnley,Liverpool,1,2,NH
01/01/18,Everton,Man United,0,2,NH
01/01/18,Leicester,Huddersfield,3,0,H
01/01/18,Stoke,Newcastle,0,1,NH
02/01/18,Man City,Watford,3,1,H
02/01/18,Southampton,Crystal Palace,1,2,NH
02/01/18,Swansea,Tottenham,0,2,NH
02/01/18,West Ham,West Brom,2,1,H
03/01/18,Arsenal,Chelsea,2,2,NH
04/01/18,Tottenham,West Ham,1,1,NH
13/01/18,Chelsea,Leicester,0,0,NH
13/01/18,Crystal Palace,Burnley,1,0,H
13/01/18,Huddersfield,West Ham,1,4,NH
13/01/18,Newcastle,Swansea,1,1,NH
13/01/18,Tottenham,Everton,4,0,H
13/01/18,Watford,Southampton,2,2,NH
13/01/18,West Brom,Brighton,2,0,H
14/01/18,Bournemouth,Arsenal,2,1,H
14/01/18,Liverpool,Man City,4,3,H
15/01/18,Man United,Stoke,3,0,H
20/01/18,Arsenal,Crystal Palace,4,1,H
20/01/18,Brighton,Chelsea,0,4,NH
20/01/18,Burnley,Man United,0,1,NH
20/01/18,Everton,West Brom,1,1,NH
20/01/18,Leicester,Watford,2,0,H
20/01/18,Man City,Newcastle,3,1,H
20/01/18,Stoke,Huddersfield,2,0,H
20/01/18,West Ham,Bournemouth,1,1,NH
21/01/18,Southampton,Tottenham,1,1,NH
22/01/18,Swansea,Liverpool,1,0,H
30/01/18,Huddersfield,Liverpool,0,3,NH
30/01/18,Swansea,Arsenal,3,1,H
30/01/18,West Ham,Crystal Palace,1,1,NH
31/01/18,Chelsea,Bournemouth,0,3,NH
31/01/18,Everton,Leicester,2,1,H
31/01/18,Man City,West Brom,3,0,H
31/01/18,Newcastle,Burnley,1,1,NH
31/01/18,Southampton,Brighton,1,1,NH
31/01/18,Stoke,Watford,0,0,NH
31/01/18,Tottenham,Man United,2,0,H
03/02/18,Arsenal,Everton,5,1,H
03/02/18,Bournemouth,Stoke,2,1,H
03/02/18,Brighton,West Ham,3,1,H
03/02/18,Burnley,Man City,1,1,NH
03/02/18,Leicester,Swansea,1,1,NH
03/02/18,Man United,Huddersfield,2,0,H
03/02/18,West Brom,Southampton,2,3,NH
04/02/18,Crystal Palace,Newcastle,1,1,NH
04/02/18,Liverpool,Tottenham,2,2,NH
05/02/18,Watford,Chelsea,4,1,H
10/02/18,Everton,Crystal Palace,3,1,H
10/02/18,Man City,Leicester,5,1,H
10/02/18,Stoke,Brighton,1,1,NH
10/02/18,Swansea,Burnley,1,0,H
10/02/18,Tottenham,Arsenal,1,0,H
10/02/18,West Ham,Watford,2,0,H
11/02/18,Huddersfield,Bournemouth,4,1,H
11/02/18,Newcastle,Man United,1,0,H
11/02/18,Southampton,Liverpool,0,2,NH
12/02/18,Chelsea,West Brom,3,0,H
24/02/18,Bournemouth,Newcastle,2,2,NH
24/02/18,Brighton,Swansea,4,1,H
24/02/18,Burnley,Southampton,1,1,NH
24/02/18,Leicester,Stoke,1,1,NH
24/02/18,Liverpool,West Ham,4,1,H
24/02/18,Watford,Everton,1,0,H
24/02/18,West Brom,Huddersfield,1,2,NH
25/02/18,Crystal Palace,Tottenham,0,1,NH
25/02/18,Man United,Chelsea,2,1,H
01/03/18,Arsenal,Man City,0,3,NH
03/03/18,Burnley,Everton,2,1,H
03/03/18,Leicester,Bournemouth,1,1,NH
03/03/18,Liverpool,Newcastle,2,0,H
03/03/18,Southampton,Stoke,0,0,NH
03/03/18,Swansea,West Ham,4,1,H
03/03/18,Tottenham,Huddersfield,2,0,H
03/03/18,Watford,West Brom,1,0,H
04/03/18,Brighton,Arsenal,2,1,H
04/03/18,Man City,Chelsea,1,0,H
05/03/18,Crystal Palace,Man United,2,3,NH
10/03/18,Chelsea,Crystal Palace,2,1,H
10/03/18,Everton,Brighton,2,0,H
10/03/18,Huddersfield,Swansea,0,0,NH
10/03/18,Man United,Liverpool,2,1,H
10/03/18,Newcastle,Southampton,3,0,H
10/03/18,West Brom,Leicester,1,4,NH
10/03/18,West Ham,Burnley,0,3,NH
11/03/18,Arsenal,Watford,3,0,H
11/03/18,Bournemouth,Tottenham,1,4,NH
12/03/18,Stoke,Man City,0,2,NH
17/03/18,Bournemouth,West Brom,2,1,H
17/03/18,Huddersfield,Crystal Palace,0,2,NH
17/03/18,Liverpool,Watford,5,0,H
17/03/18,Stoke,Everton,1,2,NH
31/03/18,Brighton,Leicester,0,2,NH
31/03/18,Crystal Palace,Liverpool,1,2,NH
31/03/18,Everton,Man City,1,3,NH
31/03/18,Man United,Swansea,2,0,H
31/03/18,Newcastle,Huddersfield,1,0,H
31/03/18,Watford,Bournemouth,2,2,NH
31/03/18,West Brom,Burnley,1,2,NH
31/03/18,West Ham,Southampton,3,0,H
01/04/18,Arsenal,Stoke,3,0,H
01/04/18,Chelsea,Tottenham,1,3,NH
07/04/18,Bournemouth,Crystal Palace,2,2,NH
07/04/18,Brighton,Huddersfield,1,1,NH
07/04/18,Everton,Liverpool,0,0,NH
07/04/18,Leicester,Newcastle,1,2,NH
07/04/18,Man City,Man United,2,3,NH
07/04/18,Stoke,Tottenham,1,2,NH
07/04/18,Watford,Burnley,1,2,NH
07/04/18,West Brom,Swansea,1,1,NH
08/04/18,Arsenal,Southampton,3,2,H
08/04/18,Chelsea,West Ham,1,1,NH
14/04/18,Burnley,Leicester,2,1,H
14/04/18,Crystal Palace,Brighton,3,2,H
14/04/18,Huddersfield,Watford,1,0,H
14/04/18,Liverpool,Bournemouth,3,0,H
14/04/18,Southampton,Chelsea,2,3,NH
14/04/18,Swansea,Everton,1,1,NH
14/04/18,Tottenham,Man City,1,3,NH
15/04/18,Man United,West Brom,0,1,NH
15/04/18,Newcastle,Arsenal,2,1,H
16/04/18,West Ham,Stoke,1,1,NH
17/04/18,Brighton,Tottenham,1,1,NH
18/04/18,Bournemouth,Man United,0,2,NH
19/04/18,Burnley,Chelsea,1,2,NH
19/04/18,Leicester,Southampton,0,0,NH
21/04/18,Watford,Crystal Palace,0,0,NH
21/04/18,West Brom,Liverpool,2,2,NH
22/04/18,Arsenal,West Ham,4,1,H
22/04/18,Man City,Swansea,5,0,H
22/04/18,Stoke,Burnley,1,1,NH
23/04/18,Everton,Newcastle,1,0,H
28/04/18,Burnley,Brighton,0,0,NH
28/04/18,Crystal Palace,Leicester,5,0,H
28/04/18,Huddersfield,Everton,0,2,NH
28/04/18,Liverpool,Stoke,0,0,NH
28/04/18,Newcastle,West Brom,0,1,NH
28/04/18,Southampton,Bournemouth,2,1,H
28/04/18,Swansea,Chelsea,0,1,NH
29/04/18,Man United,Arsenal,2,1,H
29/04/18,West Ham,Man City,1,4,NH
30/04/18,Tottenham,Watford,2,0,H
04/05/18,Brighton,Man United,1,0,H
05/05/18,Bournemouth,Swansea,1,0,H
05/05/18,Everton,Southampton,1,1,NH
05/05/18,Leicester,West Ham,0,2,NH
05/05/18,Stoke,Crystal Palace,1,2,NH
05/05/18,Watford,Newcastle,2,1,H
05/05/18,West Brom,Tottenham,1,0,H
06/05/18,Arsenal,Burnley,5,0,H
06/05/18,Chelsea,Liverpool,1,0,H
06/05/18,Man City,Huddersfield,0,0,NH
08/05/18,Swansea,Southampton,0,1,NH
09/05/18,Chelsea,Huddersfield,1,1,NH
09/05/18,Leicester,Arsenal,3,1,H
09/05/18,Man City,Brighton,3,1,H
09/05/18,Tottenham,Newcastle,1,0,H
10/05/18,West Ham,Man United,0,0,NH
13/05/18,Burnley,Bournemouth,1,2,NH
13/05/18,Crystal Palace,West Brom,2,0,H
13/05/18,Huddersfield,Arsenal,0,1,NH
13/05/18,Liverpool,Brighton,4,0,H
13/05/18,Man United,Watford,1,0,H
13/05/18,Newcastle,Chelsea,3,0,H
13/05/18,Southampton,Man City,0,1,NH
13/05/18,Swansea,Stoke,1,2,NH
13/05/18,Tottenham,Leicester,5,4,H
13/05/18,West Ham,Everton,3,1,H
10/08/18,Man United,Leicester,2,1,H
11/08/18,Bournemouth,Cardiff,2,0,H
11/08/18,Fulham,Crystal Palace,0,2,A
11/08/18,Huddersfield,Chelsea,0,3,A
11/08/18,Newcastle,Tottenham,1,2,A
11/08/18,Watford,Brighton,2,0,H
11/08/18,Wolves,Everton,2,2,D
12/08/18,Arsenal,Man City,0,2,A
12/08/18,Liverpool,West Ham,4,0,H
12/08/18,Southampton,Burnley,0,0,D
18/08/18,Cardiff,Newcastle,0,0,D
18/08/18,Chelsea,Arsenal,3,2,H
18/08/18,Everton,Southampton,2,1,H
18/08/18,Leicester,Wolves,2,0,H
18/08/18,Tottenham,Fulham,3,1,H
18/08/18,West Ham,Bournemouth,1,2,A
19/08/18,Brighton,Man United,3,2,H
19/08/18,Burnley,Watford,1,3,A
19/08/18,Man City,Huddersfield,6,1,H
20/08/18,Crystal Palace,Liverpool,0,2,A
25/08/18,Arsenal,West Ham,3,1,H
25/08/18,Bournemouth,Everton,2,2,D
25/08/18,Huddersfield,Cardiff,0,0,D
25/08/18,Liverpool,Brighton,1,0,H
25/08/18,Southampton,Leicester,1,2,A
25/08/18,Wolves,Man City,1,1,D
26/08/18,Fulham,Burnley,4,2,H
26/08/18,Newcastle,Chelsea,1,2,A
26/08/18,Watford,Crystal Palace,2,1,H
27/08/18,Man United,Tottenham,0,3,A
01/09/18,Brighton,Fulham,2,2,D
01/09/18,Chelsea,Bournemouth,2,0,H
01/09/18,Crystal Palace,Southampton,0,2,A
01/09/18,Everton,Huddersfield,1,1,D
01/09/18,Leicester,Liverpool,1,2,A
01/09/18,Man City,Newcastle,2,1,H
01/09/18,West Ham,Wolves,0,1,A
02/09/18,Burnley,Man United,0,2,A
02/09/18,Cardiff,Arsenal,2,3,A
02/09/18,Watford,Tottenham,2,1,H
15/09/18,Bournemouth,Leicester,4,2,H
15/09/18,Chelsea,Cardiff,4,1,H
15/09/18,Huddersfield,Crystal Palace,0,1,A
15/09/18,Man City,Fulham,3,0,H
15/09/18,Newcastle,Arsenal,1,2,A
15/09/18,Tottenham,Liverpool,1,2,A
15/09/18,Watford,Man United,1,2,A
16/09/18,Everton,West Ham,1,3,A
16/09/18,Wolves,Burnley,1,0,H
17/09/18,Southampton,Brighton,2,2,D
22/09/18,Brighton,Tottenham,1,2,A
22/09/18,Burnley,Bournemouth,4,0,H
22/09/18,Cardiff,Man City,0,5,A
22/09/18,Crystal Palace,Newcastle,0,0,D
22/09/18,Fulham,Watford,1,1,D
22/09/18,Leicester,Huddersfield,3,1,H
22/09/18,Liverpool,Southampton,3,0,H
22/09/18,Man United,Wolves,1,1,D
23/09/18,Arsenal,Everton,2,0,H
23/09/18,West Ham,Chelsea,0,0,D
29/09/18,Arsenal,Watford,2,0,H
29/09/18,Chelsea,Liverpool,1,1,D
29/09/18,Everton,Fulham,3,0,H
29/09/18,Huddersfield,Tottenham,0,2,A
29/09/18,Man City,Brighton,2,0,H
29/09/18,Newcastle,Leicester,0,2,A
29/09/18,West Ham,Man United,3,1,H
29/09/18,Wolves,Southampton,2,0,H
30/09/18,Cardiff,Burnley,1,2,A
01/10/18,Bournemouth,Crystal Palace,2,1,H
05/10/18,Brighton,West Ham,1,0,H
06/10/18,Burnley,Huddersfield,1,1,D
06/10/18,Crystal Palace,Wolves,0,1,A
06/10/18,Leicester,Everton,1,2,A
06/10/18,Man United,Newcastle,3,2,H
06/10/18,Tottenham,Cardiff,1,0,H
06/10/18,Watford,Bournemouth,0,4,A
07/10/18,Fulham,Arsenal,1,5,A
07/10/18,Liverpool,Man City,0,0,D
07/10/18,Southampton,Chelsea,0,3,A
20/10/18,Bournemouth,Southampton,0,0,D
20/10/18,Cardiff,Fulham,4,2,H
20/10/18,Chelsea,Man United,2,2,D
20/10/18,Huddersfield,Liverpool,0,1,A
20/10/18,Man City,Burnley,5,0,H
20/10/18,Newcastle,Brighton,0,1,A
20/10/18,West Ham,Tottenham,0,1,A
20/10/18,Wolves,Watford,0,2,A
21/10/18,Everton,Crystal Palace,2,0,H
22/10/18,Arsenal,Leicester,3,1,H
27/10/18,Brighton,Wolves,1,0,H
27/10/18,Fulham,Bournemouth,0,3,A
27/10/18,Leicester,West Ham,1,1,D
27/10/18,Liverpool,Cardiff,4,1,H
27/10/18,Southampton,Newcastle,0,0,D
27/10/18,Watford,Huddersfield,3,0,H
28/10/18,Burnley,Chelsea,0,4,A
28/10/18,Crystal Palace,Arsenal,2,2,D
28/10/18,Man United,Everton,2,1,H
29/10/18,Tottenham,Man City,0,1,A
03/11/18,Arsenal,Liverpool,1,1,D
03/11/18,Bournemouth,Man United,1,2,A
03/11/18,Cardiff,Leicester,0,1,A
03/11/18,Everton,Brighton,3,1,H
03/11/18,Newcastle,Watford,1,0,H
03/11/18,West Ham,Burnley,4,2,H
03/11/18,Wolves,Tottenham,2,3,A
04/11/18,Chelsea,Crystal Palace,3,1,H
04/11/18,Man City,Southampton,6,1,H
05/11/18,Huddersfield,Fulham,1,0,H
10/11/18,Cardiff,Brighton,2,1,H
10/11/18,Crystal Palace,Tottenham,0,1,A
10/11/18,Huddersfield,West Ham,1,1,D
10/11/18,Leicester,Burnley,0,0,D
10/11/18,Newcastle,Bournemouth,2,1,H
10/11/18,Southampton,Watford,1,1,D
11/11/18,Arsenal,Wolves,1,1,D
11/11/18,Chelsea,Everton,0,0,D
11/11/18,Liverpool,Fulham,2,0,H
11/11/18,Man City,Man United,3,1,H
24/11/18,Brighton,Leicester,1,1,D
24/11/18,Everton,Cardiff,1,0,H
24/11/18,Fulham,Southampton,3,2,H
24/11/18,Man United,Crystal Palace,0,0,D
24/11/18,Tottenham,Chelsea,3,1,H
24/11/18,Watford,Liverpool,0,3,A
24/11/18,West Ham,Man City,0,4,A
25/11/18,Bournemouth,Arsenal,1,2,A
25/11/18,Wolves,Huddersfield,0,2,A
26/11/18,Burnley,Newcastle,1,2,A
30/11/18,Cardiff,Wolves,2,1,H
01/12/18,Crystal Palace,Burnley,2,0,H
01/12/18,Huddersfield,Brighton,1,2,A
01/12/18,Leicester,Watford,2,0,H
01/12/18,Man City,Bournemouth,3,1,H
01/12/18,Newcastle,West Ham,0,3,A
01/12/18,Southampton,Man United,2,2,D
02/12/18,Arsenal,Tottenham,4,2,H
02/12/18,Chelsea,Fulham,2,0,H
02/12/18,Liverpool,Everton,1,0,H
04/12/18,Bournemouth,Huddersfield,2,1,H
04/12/18,Brighton,Crystal Palace,3,1,H
04/12/18,Watford,Man City,1,2,A
04/12/18,West Ham,Cardiff,3,1,H
05/12/18,Burnley,Liverpool,1,3,A
05/12/18,Everton,Newcastle,1,1,D
05/12/18,Fulham,Leicester,1,1,D
05/12/18,Man United,Arsenal,2,2,D
05/12/18,Tottenham,Southampton,3,1,H
05/12/18,Wolves,Chelsea,2,1,H
08/12/18,Arsenal,Huddersfield,1,0,H
08/12/18,Bournemouth,Liverpool,0,4,A
08/12/18,Burnley,Brighton,1,0,H
08/12/18,Cardiff,Southampton,1,0,H
08/12/18,Chelsea,Man City,2,0,H
08/12/18,Leicester,Tottenham,0,2,A
08/12/18,Man United,Fulham,4,1,H
08/12/18,West Ham,Crystal Palace,3,2,H
09/12/18,Newcastle,Wolves,1,2,A
10/12/18,Everton,Watford,2,2,D
09/08/2019,Liverpool,Norwich,4,1,H
10/08/2019,West Ham,Man City,0,5,A
10/08/2019,Bournemouth,Sheffield United,1,1,D
10/08/2019,Burnley,Southampton,3,0,H
10/08/2019,Crystal Palace,Everton,0,0,D
10/08/2019,Watford,Brighton,0,3,A
10/08/2019,Tottenham,Aston Villa,3,1,H
11/08/2019,Leicester,Wolves,0,0,D
11/08/2019,Newcastle,Arsenal,0,1,A
11/08/2019,Man United,Chelsea,4,0,H
17/08/2019,Arsenal,Burnley,2,1,H
17/08/2019,Aston Villa,Bournemouth,1,2,A
17/08/2019,Brighton,West Ham,1,1,D
17/08/2019,Everton,Watford,1,0,H
17/08/2019,Norwich,Newcastle,3,1,H
17/08/2019,Southampton,Liverpool,1,2,A
17/08/2019,Man City,Tottenham,2,2,D
18/08/2019,Sheffield United,Crystal Palace,1,0,H
18/08/2019,Chelsea,Leicester,1,1,D
19/08/2019,Wolves,Man United,1,1,D
23/08/2019,Aston Villa,Everton,2,0,H
24/08/2019,Norwich,Chelsea,2,3,A
24/08/2019,Brighton,Southampton,0,2,A
24/08/2019,Man United,Crystal Palace,1,2,A
24/08/2019,Sheffield United,Leicester,1,2,A
24/08/2019,Watford,West Ham,1,3,A
24/08/2019,Liverpool,Arsenal,3,1,H
25/08/2019,Bournemouth,Man City,1,3,A
25/08/2019,Tottenham,Newcastle,0,1,A
25/08/2019,Wolves,Burnley,1,1,D
31/08/2019,Southampton,Man United,1,1,D
31/08/2019,Chelsea,Sheffield United,2,2,D
31/08/2019,Crystal Palace,Aston Villa,1,0,H
31/08/2019,Leicester,Bournemouth,3,1,H
31/08/2019,Man City,Brighton,4,0,H
31/08/2019,Newcastle,Watford,1,1,D
31/08/2019,West Ham,Norwich,2,0,H
31/08/2019,Burnley,Liverpool,0,3,A
01/09/2019,Everton,Wolves,3,2,H
01/09/2019,Arsenal,Tottenham,2,2,D
14/09/2019,Liverpool,Newcastle,3,1,H
14/09/2019,Brighton,Burnley,1,1,D
14/09/2019,Man United,Leicester,1,0,H
14/09/2019,Sheffield United,Southampton,0,1,A
14/09/2019,Tottenham,Crystal Palace,4,0,H
14/09/2019,Wolves,Chelsea,2,5,A
14/09/2019,Norwich,Man City,3,2,H
15/09/2019,Bournemouth,Everton,3,1,H
15/09/2019,Watford,Arsenal,2,2,D
16/09/2019,Aston Villa,West Ham,0,0,D
20/09/2019,Southampton,Bournemouth,1,3,A
21/09/2019,Leicester,Tottenham,2,1,H
21/09/2019,Burnley,Norwich,2,0,H
21/09/2019,Everton,Sheffield United,0,2,A
21/09/2019,Man City,Watford,8,0,H
21/09/2019,Newcastle,Brighton,0,0,D
22/09/2019,Crystal Palace,Wolves,1,1,D
22/09/2019,West Ham,Man United,2,0,H
22/09/2019,Arsenal,Aston Villa,3,2,H
22/09/2019,Chelsea,Liverpool,1,2,A
28/09/2019,Sheffield United,Liverpool,0,1,A
28/09/2019,Aston Villa,Burnley,2,2,D
28/09/2019,Bournemouth,West Ham,2,2,D
28/09/2019,Chelsea,Brighton,2,0,H
28/09/2019,Crystal Palace,Norwich,2,0,H
28/09/2019,Tottenham,Southampton,2,1,H
28/09/2019,Wolves,Watford,2,0,H
28/09/2019,Everton,Man City,1,3,A
29/09/2019,Leicester,Newcastle,5,0,H
30/09/2019,Man United,Arsenal,1,1,D
05/10/2019,Brighton,Tottenham,3,0,H
05/10/2019,Burnley,Everton,1,0,H
05/10/2019,Liverpool,Leicester,2,1,H
05/10/2019,Norwich,Aston Villa,1,5,A
05/10/2019,Watford,Sheffield United,0,0,D
05/10/2019,West Ham,Crystal Palace,1,2,A
06/10/2019,Arsenal,Bournemouth,1,0,H
06/10/2019,Man City,Wolves,0,2,A
06/10/2019,Southampton,Chelsea,1,4,A
06/10/2019,Newcastle,Man United,1,0,H
19/10/2019,Everton,West Ham,2,0,H
19/10/2019,Aston Villa,Brighton,2,1,H
19/10/2019,Bournemouth,Norwich,0,0,D
19/10/2019,Chelsea,Newcastle,1,0,H
19/10/2019,Leicester,Burnley,2,1,H
19/10/2019,Tottenham,Watford,1,1,D
19/10/2019,Wolves,Southampton,1,1,D
19/10/2019,Crystal Palace,Man City,0,2,A
20/10/2019,Man United,Liverpool,1,1,D
21/10/2019,Sheffield United,Arsenal,1,0,H
25/10/2019,Southampton,Leicester,0,9,A
26/10/2019,Man City,Aston Villa,3,0,H
26/10/2019,Brighton,Everton,3,2,H
26/10/2019,Watford,Bournemouth,0,0,D
26/10/2019,West Ham,Sheffield United,1,1,D
26/10/2019,Burnley,Chelsea,2,4,A
27/10/2019,Newcastle,Wolves,1,1,D
27/10/2019,Arsenal,Crystal Palace,2,2,D
27/10/2019,Liverpool,Tottenham,2,1,H
27/10/2019,Norwich,Man United,1,3,A
02/11/2019,Bournemouth,Man United,1,0,H
02/11/2019,Arsenal,Wolves,1,1,D
02/11/2019,Aston Villa,Liverpool,1,2,A
02/11/2019,Brighton,Norwich,2,0,H
02/11/2019,Man City,Southampton,2,1,H
02/11/2019,Sheffield United,Burnley,3,0,H
02/11/2019,West Ham,Newcastle,2,3,A
02/11/2019,Watford,Chelsea,1,2,A
03/11/2019,Crystal Palace,Leicester,0,2,A
03/11/2019,Everton,Tottenham,1,1,D
08/11/2019,Norwich,Watford,0,2,A
09/11/2019,Chelsea,Crystal Palace,2,0,H
09/11/2019,Burnley,West Ham,3,0,H
09/11/2019,Newcastle,Bournemouth,2,1,H
09/11/2019,Southampton,Everton,1,2,A
09/11/2019,Tottenham,Sheffield United,1,1,D
09/11/2019,Leicester,Arsenal,2,0,H
10/11/2019,Man United,Brighton,3,1,H
10/11/2019,Wolves,Aston Villa,2,1,H
10/11/2019,Liverpool,Man City,3,1,H
23/11/2019,West Ham,Tottenham,2,3,A
23/11/2019,Arsenal,Southampton,2,2,D
23/11/2019,Bournemouth,Wolves,1,2,A
23/11/2019,Brighton,Leicester,0,2,A
23/11/2019,Crystal Palace,Liverpool,1,2,A
23/11/2019,Everton,Norwich,0,2,A
23/11/2019,Watford,Burnley,0,3,A
23/11/2019,Man City,Chelsea,2,1,H
24/11/2019,Sheffield United,Man United,3,3,D
25/11/2019,Aston Villa,Newcastle,2,0,H
30/11/2019,Newcastle,Man City,2,2,D
30/11/2019,Burnley,Crystal Palace,0,2,A
30/11/2019,Chelsea,West Ham,0,1,A
30/11/2019,Liverpool,Brighton,2,1,H
30/11/2019,Tottenham,Bournemouth,3,2,H
30/11/2019,Southampton,Watford,2,1,H
01/12/2019,Norwich,Arsenal,2,2,D
01/12/2019,Wolves,Sheffield United,1,1,D
01/12/2019,Leicester,Everton,2,1,H
01/12/2019,Man United,Aston Villa,2,2,D
03/12/2019,Crystal Palace,Bournemouth,1,0,H
03/12/2019,Burnley,Man City,1,4,A
04/12/2019,Chelsea,Aston Villa,2,1,H
04/12/2019,Leicester,Watford,2,0,H
04/12/2019,Man United,Tottenham,2,1,H
04/12/2019,Southampton,Norwich,2,1,H
04/12/2019,Wolves,West Ham,2,0,H
04/12/2019,Liverpool,Everton,5,2,H
05/12/2019,Sheffield United,Newcastle,0,2,A
05/12/2019,Arsenal,Brighton,1,2,A
07/12/2019,Everton,Chelsea,3,1,H
07/12/2019,Bournemouth,Liverpool,0,3,A
07/12/2019,Tottenham,Burnley,5,0,H
07/12/2019,Watford,Crystal Palace,0,0,D
07/12/2019,Man City,Man United,1,2,A
08/12/2019,Aston Villa,Leicester,1,4,A
08/12/2019,Newcastle,Southampton,2,1,H
08/12/2019,Norwich,Sheffield United,1,2,A
08/12/2019,Brighton,Wolves,2,2,D
09/12/2019,West Ham,Arsenal,1,3,A
14/12/2019,Liverpool,Watford,2,0,H
14/12/2019,Burnley,Newcastle,1,0,H
14/12/2019,Chelsea,Bournemouth,0,1,A
14/12/2019,Leicester,Norwich,1,1,D
14/12/2019,Sheffield United,Aston Villa,2,0,H
14/12/2019,Southampton,West Ham,0,1,A
15/12/2019,Man United,Everton,1,1,D
15/12/2019,Wolves,Tottenham,1,2,A
15/12/2019,Arsenal,Man City,0,3,A
16/12/2019,Crystal Palace,Brighton,1,1,D
21/12/2019,Everton,Arsenal,0,0,D
21/12/2019,Aston Villa,Southampton,1,3,A
21/12/2019,Bournemouth,Burnley,0,1,A
21/12/2019,Brighton,Sheffield United,0,1,A
21/12/2019,Newcastle,Crystal Palace,1,0,H
21/12/2019,Norwich,Wolves,1,2,A
21/12/2019,Man City,Leicester,3,1,H
22/12/2019,Watford,Man United,2,0,H
22/12/2019,Tottenham,Chelsea,0,2,A
26/12/2019,Tottenham,Brighton,2,1,H
26/12/2019,Aston Villa,Norwich,1,0,H
26/12/2019,Bournemouth,Arsenal,1,1,D
26/12/2019,Chelsea,Southampton,0,2,A
26/12/2019,Crystal Palace,West Ham,2,1,H
26/12/2019,Everton,Burnley,1,0,H
26/12/2019,Sheffield United,Watford,1,1,D
26/12/2019,Man United,Newcastle,4,1,H
26/12/2019,Leicester,Liverpool,0,4,A
27/12/2019,Wolves,Man City,3,2,H
28/12/2019,Brighton,Bournemouth,2,0,H
28/12/2019,Newcastle,Everton,1,2,A
28/12/2019,Southampton,Crystal Palace,1,1,D
28/12/2019,Watford,Aston Villa,3,0,H
28/12/2019,Norwich,Tottenham,2,2,D
28/12/2019,West Ham,Leicester,1,2,A
28/12/2019,Burnley,Man United,0,2,A
29/12/2019,Arsenal,Chelsea,1,2,A
29/12/2019,Liverpool,Wolves,1,0,H
29/12/2019,Man City,Sheffield United,2,0,H
01/01/2020,Brighton,Chelsea,1,1,D
01/01/2020,Burnley,Aston Villa,1,2,A
01/01/2020,Newcastle,Leicester,0,3,A
01/01/2020,Southampton,Tottenham,1,0,H
01/01/2020,Watford,Wolves,2,1,H
01/01/2020,Man City,Everton,2,1,H
01/01/2020,Norwich,Crystal Palace,1,1,D
01/01/2020,West Ham,Bournemouth,4,0,H
01/01/2020,Arsenal,Man United,2,0,H
02/01/2020,Liverpool,Sheffield United,2,0,H
10/01/2020,Sheffield United,West Ham,1,0,H
11/01/2020,Crystal Palace,Arsenal,1,1,D
11/01/2020,Chelsea,Burnley,3,0,H
11/01/2020,Everton,Brighton,1,0,H
11/01/2020,Leicester,Southampton,1,2,A
11/01/2020,Man United,Norwich,4,0,H
11/01/2020,Wolves,Newcastle,1,1,D
11/01/2020,Tottenham,Liverpool,0,1,A
12/01/2020,Bournemouth,Watford,0,3,A
12/01/2020,Aston Villa,Man City,1,6,A
18/01/2020,Watford,Tottenham,0,0,D
18/01/2020,Arsenal,Sheffield United,1,1,D
18/01/2020,Brighton,Aston Villa,1,1,D
18/01/2020,Man City,Crystal Palace,2,2,D
18/01/2020,Norwich,Bournemouth,1,0,H
18/01/2020,Southampton,Wolves,2,3,A
18/01/2020,West Ham,Everton,1,1,D
18/01/2020,Newcastle,Chelsea,1,0,H
19/01/2020,Burnley,Leicester,2,1,H
19/01/2020,Liverpool,Man United,2,0,H
21/01/2020,Aston Villa,Watford,2,1,H
21/01/2020,Bournemouth,Brighton,3,1,H
21/01/2020,Crystal Palace,Southampton,0,2,A
21/01/2020,Everton,Newcastle,2,2,D
21/01/2020,Sheffield United,Man City,0,1,A
21/01/2020,Chelsea,Arsenal,2,2,D
22/01/2020,Leicester,West Ham,4,1,H
22/01/2020,Tottenham,Norwich,2,1,H
22/01/2020,Man United,Burnley,0,2,A
23/01/2020,Wolves,Liverpool,1,2,A
29/01/2020,West Ham,Liverpool,0,2,A
01/02/2020,Leicester,Chelsea,2,2,D
01/02/2020,Bournemouth,Aston Villa,2,1,H
01/02/2020,Crystal Palace,Sheffield United,0,1,A
01/02/2020,Liverpool,Southampton,4,0,H
01/02/2020,Newcastle,Norwich,0,0,D
01/02/2020,Watford,Everton,2,3,A
01/02/2020,West Ham,Brighton,3,3,D
01/02/2020,Man United,Wolves,0,0,D
02/02/2020,Burnley,Arsenal,0,0,D
02/02/2020,Tottenham,Man City,2,0,H
08/02/2020,Everton,Crystal Palace,3,1,H
08/02/2020,Brighton,Watford,1,1,D
09/02/2020,Sheffield United,Bournemouth,2,1,H
14/02/2020,Wolves,Leicester,0,0,D
15/02/2020,Southampton,Burnley,1,2,A
15/02/2020,Norwich,Liverpool,0,1,A
16/02/2020,Aston Villa,Tottenham,2,3,A
16/02/2020,Arsenal,Newcastle,4,0,H
17/02/2020,Chelsea,Man United,0,2,A
19/02/2020,Man City,West Ham,2,0,H
12/09/2020,Fulham,Arsenal,0,3,A
12/09/2020,Crystal Palace,Southampton,1,0,H
12/09/2020,Liverpool,Leeds,4,3,H
12/09/2020,West Ham,Newcastle,0,2,A
13/09/2020,West Brom,Leicester,0,3,A
13/09/2020,Tottenham,Everton,0,1,A
14/09/2020,Brighton,Chelsea,1,3,A
14/09/2020,Sheffield United,Wolves,0,2,A
19/09/2020,Everton,West Brom,5,2,H
19/09/2020,Leeds,Fulham,4,3,H
19/09/2020,Man United,Crystal Palace,1,3,A
19/09/2020,Arsenal,West Ham,2,1,H
20/09/2020,Southampton,Tottenham,2,5,A
20/09/2020,Newcastle,Brighton,0,3,A
20/09/2020,Chelsea,Liverpool,0,2,A
20/09/2020,Leicester,Burnley,4,2,H
21/09/2020,Aston Villa,Sheffield United,1,0,H
21/09/2020,Wolves,Man City,1,3,A
26/09/2020,Brighton,Man United,2,3,A
26/09/2020,Crystal Palace,Everton,1,2,A
26/09/2020,West Brom,Chelsea,3,3,D
26/09/2020,Burnley,Southampton,0,1,A
27/09/2020,Sheffield United,Leeds,0,1,A
27/09/2020,Tottenham,Newcastle,1,1,D
27/09/2020,Man City,Leicester,2,5,A
27/09/2020,West Ham,Wolves,4,0,H
28/09/2020,Fulham,Aston Villa,0,3,A
28/09/2020,Liverpool,Arsenal,3,1,H
03/10/2020,Chelsea,Crystal Palace,4,0,H
03/10/2020,Everton,Brighton,4,2,H
03/10/2020,Leeds,Man City,1,1,D
03/10/2020,Newcastle,Burnley,3,1,H
04/10/2020,Leicester,West Ham,0,3,A
04/10/2020,Southampton,West Brom,2,0,H
04/10/2020,Arsenal,Sheffield United,2,1,H
04/10/2020,Wolves,Fulham,1,0,H
04/10/2020,Man United,Tottenham,1,6,A
04/10/2020,Aston Villa,Liverpool,7,2,H
17/10/2020,Everton,Liverpool,2,2,D
17/10/2020,Chelsea,Southampton,3,3,D
17/10/2020,Man City,Arsenal,1,0,H
17/10/2020,Newcastle,Man United,1,4,A
18/10/2020,Sheffield United,Fulham,1,1,D
18/10/2020,Crystal Palace,Brighton,1,1,D
18/10/2020,Tottenham,West Ham,3,3,D
18/10/2020,Leicester,Aston Villa,0,1,A
19/10/2020,West Brom,Burnley,0,0,D
19/10/2020,Leeds,Wolves,0,1,A
23/10/2020,Aston Villa,Leeds,0,3,A
24/10/2020,West Ham,Man City,1,1,D
24/10/2020,Fulham,Crystal Palace,1,2,A
24/10/2020,Man United,Chelsea,0,0,D
24/10/2020,Liverpool,Sheffield United,2,1,H
25/10/2020,Southampton,Everton,2,0,H
25/10/2020,Wolves,Newcastle,1,1,D
25/10/2020,Arsenal,Leicester,0,1,A
26/10/2020,Brighton,West Brom,1,1,D
26/10/2020,Burnley,Tottenham,0,1,A
30/10/2020,Wolves,Crystal Palace,2,0,H
31/10/2020,Sheffield United,Man City,0,1,A
31/10/2020,Burnley,Chelsea,0,3,A
31/10/2020,Liverpool,West Ham,2,1,H
01/11/2020,Aston Villa,Southampton,3,4,A
01/11/2020,Newcastle,Everton,2,1,H
01/11/2020,Man United,Arsenal,0,1,A
01/11/2020,Tottenham,Brighton,2,1,H
02/11/2020,Fulham,West Brom,2,0,H
02/11/2020,Leeds,Leicester,1,4,A
06/11/2020,Brighton,Burnley,0,0,D
06/11/2020,Southampton,Newcastle,2,0,H
07/11/2020,Everton,Man United,1,3,A
07/11/2020,Crystal Palace,Leeds,4,1,H
07/11/2020,Chelsea,Sheffield United,4,1,H
07/11/2020,West Ham,Fulham,1,0,H
08/11/2020,West Brom,Tottenham,0,1,A
08/11/2020,Leicester,Wolves,1,0,H
08/11/2020,Man City,Liverpool,1,1,D
08/11/2020,Arsenal,Aston Villa,0,3,A
21/11/2020,Newcastle,Chelsea,0,2,A
21/11/2020,Aston Villa,Brighton,1,2,A
21/11/2020,Tottenham,Man City,2,0,H
21/11/2020,Man United,West Brom,1,0,H
22/11/2020,Fulham,Everton,2,3,A
22/11/2020,Sheffield United,West Ham,0,1,A
22/11/2020,Leeds,Arsenal,0,0,D
22/11/2020,Liverpool,Leicester,3,0,H
23/11/2020,Burnley,Crystal Palace,1,0,H
23/11/2020,Wolves,Southampton,1,1,D
27/11/2020,Crystal Palace,Newcastle,0,2,A
28/11/2020,Brighton,Liverpool,1,1,D
28/11/2020,Man City,Burnley,5,0,H
28/11/2020,Everton,Leeds,0,1,A
28/11/2020,West Brom,Sheffield United,1,0,H
29/11/2020,Southampton,Man United,2,3,A
29/11/2020,Chelsea,Tottenham,0,0,D
29/11/2020,Arsenal,Wolves,1,2,A
30/11/2020,Leicester,Fulham,1,2,A
30/11/2020,West Ham,Aston Villa,2,1,H
05/12/2020,Burnley,Everton,1,1,D
05/12/2020,Man City,Fulham,2,0,H
05/12/2020,West Ham,Man United,1,3,A
05/12/2020,Chelsea,Leeds,3,1,H
06/12/2020,West Brom,Crystal Palace,1,5,A
06/12/2020,Sheffield United,Leicester,1,2,A
06/12/2020,Tottenham,Arsenal,2,0,H
06/12/2020,Liverpool,Wolves,4,0,H
07/12/2020,Brighton,Southampton,1,2,A
11/12/2020,Leeds,West Ham,1,2,A
12/12/2020,Wolves,Aston Villa,0,1,A
12/12/2020,Newcastle,West Brom,2,1,H
12/12/2020,Man United,Man City,0,0,D
12/12/2020,Everton,Chelsea,1,0,H
13/12/2020,Southampton,Sheffield United,3,0,H
13/12/2020,Crystal Palace,Tottenham,1,1,D
13/12/2020,Fulham,Liverpool,1,1,D
13/12/2020,Arsenal,Burnley,0,1,A
13/12/2020,Leicester,Brighton,3,0,H
15/12/2020,Wolves,Chelsea,2,1,H
15/12/2020,Man City,West Brom,1,1,D
16/12/2020,Arsenal,Southampton,1,1,D
16/12/2020,Leeds,Newcastle,5,2,H
16/12/2020,Leicester,Everton,0,2,A
16/12/2020,Fulham,Brighton,0,0,D
16/12/2020,Liverpool,Tottenham,2,1,H
16/12/2020,West Ham,Crystal Palace,1,1,D
17/12/2020,Aston Villa,Burnley,0,0,D
17/12/2020,Sheffield United,Man United,2,3,A
19/12/2020,Crystal Palace,Liverpool,0,7,A
19/12/2020,Southampton,Man City,0,1,A
19/12/2020,Everton,Arsenal,2,1,H
19/12/2020,Newcastle,Fulham,1,1,D
20/12/2020,Brighton,Sheffield United,1,1,D
20/12/2020,Tottenham,Leicester,0,2,A
20/12/2020,Man United,Leeds,6,2,H
20/12/2020,West Brom,Aston Villa,0,3,A
21/12/2020,Burnley,Wolves,2,1,H
21/12/2020,Chelsea,West Ham,3,0,H
26/12/2020,Leicester,Man United,2,2,D
26/12/2020,Aston Villa,Crystal Palace,3,0,H
26/12/2020,Fulham,Southampton,0,0,D
26/12/2020,Arsenal,Chelsea,3,1,H
26/12/2020,Man City,Newcastle,2,0,H
26/12/2020,Sheffield United,Everton,0,1,A
27/12/2020,Leeds,Burnley,1,0,H
27/12/2020,West Ham,Brighton,2,2,D
27/12/2020,Liverpool,West Brom,1,1,D
27/12/2020,Wolves,Tottenham,1,1,D
28/12/2020,Crystal Palace,Leicester,1,1,D
28/12/2020,Chelsea,Aston Villa,1,1,D
29/12/2020,Brighton,Arsenal,0,1,A
29/12/2020,Burnley,Sheffield United,1,0,H
29/12/2020,Southampton,West Ham,0,0,D
29/12/2020,West Brom,Leeds,0,5,A
29/12/2020,Man United,Wolves,1,0,H
30/12/2020,Newcastle,Liverpool,0,0,D
01/01/2021,Everton,West Ham,0,1,A
01/01/2021,Man United,Aston Villa,2,1,H
02/01/2021,Tottenham,Leeds,3,0,H
02/01/2021,Crystal Palace,Sheffield United,2,0,H
02/01/2021,Brighton,Wolves,3,3,D
02/01/2021,West Brom,Arsenal,0,4,A
03/01/2021,Newcastle,Leicester,1,2,A
03/01/2021,Chelsea,Man City,1,3,A
04/01/2021,Southampton,Liverpool,1,0,H
12/01/2021,Sheffield United,Newcastle,1,0,H
12/01/2021,Burnley,Man United,0,1,A
12/01/2021,Wolves,Everton,1,2,A
13/01/2021,Man City,Brighton,1,0,H
13/01/2021,Tottenham,Fulham,1,1,D
14/01/2021,Arsenal,Crystal Palace,0,0,D
16/01/2021,Wolves,West Brom,2,3,A
16/01/2021,Leeds,Brighton,0,1,A
16/01/2021,West Ham,Burnley,1,0,H
16/01/2021,Fulham,Chelsea,0,1,A
16/01/2021,Leicester,Southampton,2,0,H
17/01/2021,Sheffield United,Tottenham,1,3,A
17/01/2021,Liverpool,Man United,0,0,D
17/01/2021,Man City,Crystal Palace,4,0,H
18/01/2021,Arsenal,Newcastle,3,0,H
19/01/2021,West Ham,West Brom,2,1,H
19/01/2021,Leicester,Chelsea,2,0,H
20/01/2021,Man City,Aston Villa,2,0,H
20/01/2021,Fulham,Man United,1,2,A
21/01/2021,Liverpool,Burnley,0,1,A
23/01/2021,Aston Villa,Newcastle,2,0,H
26/01/2021,Crystal Palace,West Ham,2,3,A
26/01/2021,Newcastle,Leeds,1,2,A
26/01/2021,Southampton,Arsenal,1,3,A
26/01/2021,West Brom,Man City,0,5,A
27/01/2021,Burnley,Aston Villa,3,2,H
27/01/2021,Chelsea,Wolves,0,0,D
27/01/2021,Brighton,Fulham,0,0,D
27/01/2021,Everton,Leicester,1,1,D
27/01/2021,Man United,Sheffield United,1,2,A
28/01/2021,Tottenham,Liverpool,1,3,A
30/01/2021,Everton,Newcastle,0,2,A
30/01/2021,Crystal Palace,Wolves,1,0,H
30/01/2021,Man City,Sheffield United,1,0,H
30/01/2021,West Brom,Fulham,2,2,D
30/01/2021,Arsenal,Man United,0,0,D
30/01/2021,Southampton,Aston Villa,0,1,A
31/01/2021,Chelsea,Burnley,2,0,H
31/01/2021,Leicester,Leeds,1,3,A
31/01/2021,West Ham,Liverpool,1,3,A
31/01/2021,Brighton,Tottenham,1,0,H
02/02/2021,Sheffield United,West Brom,2,1,H
02/02/2021,Wolves,Arsenal,2,1,H
02/02/2021,Man United,Southampton,9,0,H
02/02/2021,Newcastle,Crystal Palace,1,2,A
03/02/2021,Burnley,Man City,0,2,A
03/02/2021,Fulham,Leicester,0,2,A
03/02/2021,Leeds,Everton,1,2,A
03/02/2021,Aston Villa,West Ham,1,3,A
03/02/2021,Liverpool,Brighton,0,1,A
04/02/2021,Tottenham,Chelsea,0,1,A
06/02/2021,Aston Villa,Arsenal,1,0,H
06/02/2021,Burnley,Brighton,1,1,D
06/02/2021,Newcastle,Southampton,3,2,H
06/02/2021,Fulham,West Ham,0,0,D
06/02/2021,Man United,Everton,3,3,D
07/02/2021,Tottenham,West Brom,2,0,H
07/02/2021,Wolves,Leicester,0,0,D
07/02/2021,Liverpool,Man City,1,4,A
07/02/2021,Sheffield United,Chelsea,1,2,A
08/02/2021,Leeds,Crystal Palace,2,0,H
13/02/2021,Leicester,Liverpool,3,1,H
13/02/2021,Crystal Palace,Burnley,0,3,A
13/02/2021,Man City,Tottenham,3,0,H
13/02/2021,Brighton,Aston Villa,0,0,D
14/02/2021,Southampton,Wolves,1,2,A
14/02/2021,West Brom,Man United,1,1,D
14/02/2021,Arsenal,Leeds,4,2,H
14/02/2021,Everton,Fulham,0,2,A
15/02/2021,West Ham,Sheffield United,3,0,H
15/02/2021,Chelsea,Newcastle,2,0,H
17/02/2021,Burnley,Fulham,1,1,D
17/02/2021,Everton,Man City,1,3,A
19/02/2021,Wolves,Leeds,1,0,H
20/02/2021,Southampton,Chelsea,1,1,D
20/02/2021,Burnley,West Brom,0,0,D
20/02/2021,Liverpool,Everton,0,2,A
20/02/2021,Fulham,Sheffield United,1,0,H
21/02/2021,West Ham,Tottenham,2,1,H
21/02/2021,Aston Villa,Leicester,1,2,A
21/02/2021,Arsenal,Man City,0,1,A
21/02/2021,Man United,Newcastle,3,1,H
22/02/2021,Brighton,Crystal Palace,1,2,A
23/02/2021,Leeds,Southampton,3,0,H
27/02/2021,Man City,West Ham,2,1,H
27/02/2021,West Brom,Brighton,1,0,H
27/02/2021,Leeds,Aston Villa,0,1,A
27/02/2021,Newcastle,Wolves,1,1,D
28/02/2021,Crystal Palace,Fulham,0,0,D
28/02/2021,Leicester,Arsenal,1,3,A
28/02/2021,Tottenham,Burnley,4,0,H
28/02/2021,Chelsea,Man United,0,0,D
28/02/2021,Sheffield United,Liverpool,0,2,A
01/03/2021,Everton,Southampton,1,0,H
02/03/2021,Man City,Wolves,4,1,H
03/03/2021,Burnley,Leicester,1,1,D
03/03/2021,Sheffield United,Aston Villa,1,0,H
03/03/2021,Crystal Palace,Man United,0,0,D
04/03/2021,Fulham,Tottenham,0,1,A
04/03/2021,West Brom,Everton,0,1,A
04/03/2021,Liverpool,Chelsea,0,1,A
06/03/2021,Burnley,Arsenal,1,1,D
06/03/2021,Sheffield United,Southampton,0,2,A
06/03/2021,Aston Villa,Wolves,0,0,D
06/03/2021,Brighton,Leicester,1,2,A
07/03/2021,West Brom,Newcastle,0,0,D
07/03/2021,Liverpool,Fulham,0,1,A
07/03/2021,Man City,Man United,0,2,A
07/03/2021,Tottenham,Crystal Palace,4,1,H
08/03/2021,Chelsea,Everton,2,0,H
08/03/2021,West Ham,Leeds,2,0,H
10/03/2021,Man City,Southampton,5,2,H
12/03/2021,Newcastle,Aston Villa,1,1,D
13/03/2021,Leeds,Chelsea,0,0,D
13/03/2021,Crystal Palace,West Brom,1,0,H
13/03/2021,Everton,Burnley,1,2,A
13/03/2021,Fulham,Man City,0,3,A
14/03/2021,Southampton,Brighton,1,2,A
14/03/2021,Leicester,Sheffield United,5,0,H
14/03/2021,Arsenal,Tottenham,2,1,H
14/03/2021,Man United,West Ham,1,0,H
15/03/2021,Wolves,Liverpool,0,1,A
19/03/2021,Fulham,Leeds,1,2,A
20/03/2021,Brighton,Newcastle,3,0,H
21/03/2021,West Ham,Arsenal,3,3,D
21/03/2021,Aston Villa,Tottenham,0,2,A
03/04/2021,Chelsea,West Brom,2,5,A
03/04/2021,Leeds,Sheffield United,2,1,H
03/04/2021,Leicester,Man City,0,2,A
03/04/2021,Arsenal,Liverpool,0,3,A
04/04/2021,Southampton,Burnley,3,2,H
04/04/2021,Newcastle,Tottenham,2,2,D
04/04/2021,Aston Villa,Fulham,3,1,H
04/04/2021,Man United,Brighton,2,1,H
05/04/2021,Everton,Crystal Palace,1,1,D
05/04/2021,Wolves,West Ham,2,3,A
09/04/2021,Fulham,Wolves,0,1,A
10/04/2021,Man City,Leeds,1,2,A
10/04/2021,Liverpool,Aston Villa,2,1,H
10/04/2021,Crystal Palace,Chelsea,1,4,A
11/04/2021,Burnley,Newcastle,1,2,A
11/04/2021,West Ham,Leicester,3,2,H
11/04/2021,Tottenham,Man United,1,3,A
11/04/2021,Sheffield United,Arsenal,0,3,A
12/04/2021,West Brom,Southampton,3,0,H
12/04/2021,Brighton,Everton,0,0,D
16/04/2021,Everton,Tottenham,2,2,D
17/04/2021,Newcastle,West Ham,3,2,H
17/04/2021,Wolves,Sheffield United,1,0,H
18/04/2021,Arsenal,Fulham,1,1,D
18/04/2021,Man United,Burnley,3,1,H
19/04/2021,Leeds,Liverpool,1,1,D
20/04/2021,Chelsea,Brighton,0,0,D
21/04/2021,Tottenham,Southampton,2,1,H
21/04/2021,Aston Villa,Man City,1,2,A
22/04/2021,Leicester,West Brom,3,0,H
23/04/2021,Arsenal,Everton,0,1,A
24/04/2021,Liverpool,Newcastle,1,1,D
24/04/2021,West Ham,Chelsea,0,1,A
24/04/2021,Sheffield United,Brighton,1,0,H
25/04/2021,Wolves,Burnley,0,4,A
25/04/2021,Leeds,Man United,0,0,D
25/04/2021,Aston Villa,West Brom,2,2,D
26/04/2021,Leicester,Crystal Palace,2,1,H
30/04/2021,Southampton,Leicester,1,1,D
01/05/2021,Crystal Palace,Man City,0,2,A
01/05/2021,Brighton,Leeds,2,0,H
01/05/2021,Chelsea,Fulham,2,0,H
01/05/2021,Everton,Aston Villa,1,2,A
02/05/2021,Newcastle,Arsenal,0,2,A
02/05/2021,Tottenham,Sheffield United,4,0,H
03/05/2021,West Brom,Wolves,1,1,D
03/05/2021,Burnley,West Ham,1,2,A
07/05/2021,Leicester,Newcastle,2,4,A
08/05/2021,Leeds,Tottenham,3,1,H
08/05/2021,Sheffield United,Crystal Palace,0,2,A
08/05/2021,Man City,Chelsea,1,2,A
08/05/2021,Liverpool,Southampton,2,0,H
09/05/2021,Wolves,Brighton,2,1,H
09/05/2021,Aston Villa,Man United,1,3,A
09/05/2021,West Ham,Everton,0,1,A
09/05/2021,Arsenal,West Brom,3,1,H
10/05/2021,Fulham,Burnley,0,2,A
11/05/2021,Man United,Leicester,1,2,A
11/05/2021,Southampton,Crystal Palace,3,1,H
12/05/2021,Chelsea,Arsenal,0,1,A
13/05/2021,Aston Villa,Everton,0,0,D
13/05/2021,Man United,Liverpool,2,4,A
14/05/2021,Newcastle,Man City,3,4,A
15/05/2021,Burnley,Leeds,0,4,A
15/05/2021,Southampton,Fulham,3,1,H
15/05/2021,Brighton,West Ham,1,1,D
16/05/2021,Crystal Palace,Aston Villa,3,2,H
16/05/2021,Tottenham,Wolves,2,0,H
16/05/2021,West Brom,Liverpool,1,2,A
16/05/2021,Everton,Sheffield United,0,1,A
18/05/2021,Man United,Fulham,1,1,D
18/05/2021,Southampton,Leeds,0,2,A
18/05/2021,Brighton,Man City,3,2,H
18/05/2021,Chelsea,Leicester,2,1,H
19/05/2021,Everton,Wolves,1,0,H
19/05/2021,Newcastle,Sheffield United,1,0,H
19/05/2021,Tottenham,Aston Villa,1,2,A
19/05/2021,Crystal Palace,Arsenal,1,3,A
19/05/2021,Burnley,Liverpool,0,3,A
19/05/2021,West Brom,West Ham,1,3,A
23/05/2021,Arsenal,Brighton,2,0,H
23/05/2021,Aston Villa,Chelsea,2,1,H
23/05/2021,Fulham,Newcastle,0,2,A
23/05/2021,Leeds,West Brom,3,1,H
23/05/2021,Leicester,Tottenham,2,4,A
23/05/2021,Liverpool,Crystal Palace,2,0,H
23/05/2021,Man City,Everton,5,0,H
23/05/2021,Sheffield United,Burnley,1,0,H
23/05/2021,West Ham,Southampton,3,0,H
23/05/2021,Wolves,Man United,1,2,A
13/08/2021,Brentford,Arsenal,2,0,H
14/08/2021,Man United,Leeds,5,1,H
14/08/2021,Burnley,Brighton,1,2,A
14/08/2021,Chelsea,Crystal Palace,3,0,H
14/08/2021,Everton,Southampton,3,1,H
14/08/2021,Leicester,Wolves,1,0,H
14/08/2021,Watford,Aston Villa,3,2,H
14/08/2021,Norwich,Liverpool,0,3,A
15/08/2021,Newcastle,West Ham,2,4,A
15/08/2021,Tottenham,Man City,1,0,H
21/08/2021,Liverpool,Burnley,2,0,H
21/08/2021,Aston Villa,Newcastle,2,0,H
21/08/2021,Crystal Palace,Brentford,0,0,D
21/08/2021,Leeds,Everton,2,2,D
21/08/2021,Man City,Norwich,5,0,H
21/08/2021,Brighton,Watford,2,0,H
22/08/2021,Southampton,Man United,1,1,D
22/08/2021,Wolves,Tottenham,0,1,A
22/08/2021,Arsenal,Chelsea,0,2,A
23/08/2021,West Ham,Leicester,4,1,H
28/08/2021,Man City,Arsenal,5,0,H
28/08/2021,Aston Villa,Brentford,1,1,D
28/08/2021,Brighton,Everton,0,2,A
28/08/2021,Newcastle,Southampton,2,2,D
28/08/2021,Norwich,Leicester,1,2,A
28/08/2021,West Ham,Crystal Palace,2,2,D
28/08/2021,Liverpool,Chelsea,1,1,D
29/08/2021,Burnley,Leeds,1,1,D
29/08/2021,Tottenham,Watford,1,0,H
29/08/2021,Wolves,Man United,0,1,A
11/09/2021,Crystal Palace,Tottenham,3,0,H
11/09/2021,Arsenal,Norwich,1,0,H
11/09/2021,Brentford,Brighton,0,1,A
11/09/2021,Leicester,Man City,0,1,A
11/09/2021,Man United,Newcastle,4,1,H
11/09/2021,Southampton,West Ham,0,0,D
11/09/2021,Watford,Wolves,0,2,A
11/09/2021,Chelsea,Aston Villa,3,0,H
12/09/2021,Leeds,Liverpool,0,3,A
13/09/2021,Everton,Burnley,3,1,H
17/09/2021,Newcastle,Leeds,1,1,D
18/09/2021,Wolves,Brentford,0,2,A
18/09/2021,Burnley,Arsenal,0,1,A
18/09/2021,Liverpool,Crystal Palace,3,0,H
18/09/2021,Man City,Southampton,0,0,D
18/09/2021,Norwich,Watford,1,3,A
18/09/2021,Aston Villa,Everton,3,0,H
19/09/2021,Brighton,Leicester,2,1,H
19/09/2021,West Ham,Man United,1,2,A
19/09/2021,Tottenham,Chelsea,0,3,A
25/09/2021,Chelsea,Man City,0,1,A
25/09/2021,Man United,Aston Villa,0,1,A
25/09/2021,Everton,Norwich,2,0,H
25/09/2021,Leeds,West Ham,1,2,A
25/09/2021,Leicester,Burnley,2,2,D
25/09/2021,Watford,Newcastle,1,1,D
25/09/2021,Brentford,Liverpool,3,3,D
26/09/2021,Southampton,Wolves,0,1,A
26/09/2021,Arsenal,Tottenham,3,1,H
27/09/2021,Crystal Palace,Brighton,1,1,D
02/10/2021,Man United,Everton,1,1,D
02/10/2021,Burnley,Norwich,0,0,D
02/10/2021,Chelsea,Southampton,3,1,H
02/10/2021,Leeds,Watford,1,0,H
02/10/2021,Wolves,Newcastle,2,1,H
02/10/2021,Brighton,Arsenal,0,0,D
03/10/2021,Crystal Palace,Leicester,2,2,D
03/10/2021,Tottenham,Aston Villa,2,1,H
03/10/2021,West Ham,Brentford,1,2,A
03/10/2021,Liverpool,Man City,2,2,D
16/10/2021,Watford,Liverpool,0,5,A
16/10/2021,Aston Villa,Wolves,2,3,A
16/10/2021,Leicester,Man United,4,2,H
16/10/2021,Man City,Burnley,2,0,H
16/10/2021,Norwich,Brighton,0,0,D
16/10/2021,Southampton,Leeds,1,0,H
16/10/2021,Brentford,Chelsea,0,1,A
17/10/2021,Everton,West Ham,0,1,A
17/10/2021,Newcastle,Tottenham,2,3,A
18/10/2021,Arsenal,Crystal Palace,2,2,D
22/10/2021,Arsenal,Aston Villa,3,1,H
23/10/2021,Chelsea,Norwich,7,0,H
23/10/2021,Crystal Palace,Newcastle,1,1,D
23/10/2021,Everton,Watford,2,5,A
23/10/2021,Leeds,Wolves,1,1,D
23/10/2021,Southampton,Burnley,2,2,D
23/10/2021,Brighton,Man City,1,4,A
24/10/2021,Brentford,Leicester,1,2,A
24/10/2021,West Ham,Tottenham,1,0,H
24/10/2021,Man United,Liverpool,0,5,A
30/10/2021,Leicester,Arsenal,0,2,A
30/10/2021,Burnley,Brentford,3,1,H
30/10/2021,Liverpool,Brighton,2,2,D
30/10/2021,Man City,Crystal Palace,0,2,A
30/10/2021,Newcastle,Chelsea,0,3,A
30/10/2021,Watford,Southampton,0,1,A
30/10/2021,Tottenham,Man United,0,3,A
31/10/2021,Norwich,Leeds,1,2,A
31/10/2021,Aston Villa,West Ham,1,4,A
01/11/2021,Wolves,Everton,2,1,H
05/11/2021,Southampton,Aston Villa,1,0,H
06/11/2021,Man United,Man City,0,2,A
06/11/2021,Brentford,Norwich,1,2,A
06/11/2021,Chelsea,Burnley,1,1,D
06/11/2021,Crystal Palace,Wolves,2,0,H
06/11/2021,Brighton,Newcastle,1,1,D
07/11/2021,Arsenal,Watford,1,0,H
07/11/2021,Everton,Tottenham,0,0,D
07/11/2021,Leeds,Leicester,1,1,D
07/11/2021,West Ham,Liverpool,3,2,H
20/11/2021,Leicester,Chelsea,0,3,A
20/11/2021,Aston Villa,Brighton,2,0,H
20/11/2021,Burnley,Crystal Palace,3,3,D
20/11/2021,Newcastle,Brentford,3,3,D
20/11/2021,Norwich,Southampton,2,1,H
20/11/2021,Watford,Man United,4,1,H
20/11/2021,Wolves,West Ham,1,0,H
20/11/2021,Liverpool,Arsenal,4,0,H
21/11/2021,Man City,Everton,3,0,H
21/11/2021,Tottenham,Leeds,2,1,H
27/11/2021,Arsenal,Newcastle,2,0,H
27/11/2021,Crystal Palace,Aston Villa,1,2,A
27/11/2021,Liverpool,Southampton,4,0,H
27/11/2021,Norwich,Wolves,0,0,D
27/11/2021,Brighton,Leeds,0,0,D
28/11/2021,Brentford,Everton,1,0,H
28/11/2021,Leicester,Watford,4,2,H
28/11/2021,Man City,West Ham,2,1,H
28/11/2021,Chelsea,Man United,1,1,D
30/11/2021,Newcastle,Norwich,1,1,D
30/11/2021,Leeds,Crystal Palace,1,0,H
01/12/2021,Southampton,Leicester,2,2,D
01/12/2021,Watford,Chelsea,1,2,A
01/12/2021,West Ham,Brighton,1,1,D
01/12/2021,Wolves,Burnley,0,0,D
01/12/2021,Aston Villa,Man City,1,2,A
01/12/2021,Everton,Liverpool,1,4,A
02/12/2021,Tottenham,Brentford,2,0,H
02/12/2021,Man United,Arsenal,3,2,H
04/12/2021,West Ham,Chelsea,3,2,H
04/12/2021,Newcastle,Burnley,1,0,H
04/12/2021,Southampton,Brighton,1,1,D
04/12/2021,Wolves,Liverpool,0,1,A
04/12/2021,Watford,Man City,1,3,A
05/12/2021,Leeds,Brentford,2,2,D
05/12/2021,Man United,Crystal Palace,1,0,H
05/12/2021,Tottenham,Norwich,3,0,H
05/12/2021,Aston Villa,Leicester,2,1,H
06/12/2021,Everton,Arsenal,2,1,H
10/12/2021,Brentford,Watford,2,1,H
11/12/2021,Man City,Wolves,1,0,H
11/12/2021,Arsenal,Southampton,3,0,H
11/12/2021,Chelsea,Leeds,3,2,H
11/12/2021,Liverpool,Aston Villa,1,0,H
11/12/2021,Norwich,Man United,0,1,A
12/12/2021,Burnley,West Ham,0,0,D
12/12/2021,Leicester,Newcastle,4,0,H
12/12/2021,Crystal Palace,Everton,3,1,H
14/12/2021,Norwich,Aston Villa,0,2,A
14/12/2021,Man City,Leeds,7,0,H
15/12/2021,Brighton,Wolves,0,1,A
15/12/2021,Crystal Palace,Southampton,2,2,D
15/12/2021,Arsenal,West Ham,2,0,H
16/12/2021,Chelsea,Everton,1,1,D
16/12/2021,Liverpool,Newcastle,3,1,H
18/12/2021,Leeds,Arsenal,1,4,A
19/12/2021,Newcastle,Man City,0,4,A
19/12/2021,Wolves,Chelsea,0,0,D
19/12/2021,Tottenham,Liverpool,2,2,D
26/12/2021,Man City,Leicester,6,3,H
26/12/2021,Norwich,Arsenal,0,5,A
26/12/2021,Tottenham,Crystal Palace,3,0,H
26/12/2021,West Ham,Southampton,2,3,A
26/12/2021,Aston Villa,Chelsea,1,3,A
26/12/2021,Brighton,Brentford,2,0,H
27/12/2021,Newcastle,Man United,1,1,D
28/12/2021,Crystal Palace,Norwich,3,0,H
28/12/2021,Southampton,Tottenham,1,1,D
28/12/2021,Watford,West Ham,1,4,A
28/12/2021,Leicester,Liverpool,1,0,H
29/12/2021,Chelsea,Brighton,1,1,D
29/12/2021,Brentford,Man City,0,1,A
30/12/2021,Man United,Burnley,3,1,H
01/01/2022,Arsenal,Man City,1,2,A
01/01/2022,Watford,Tottenham,0,1,A
01/01/2022,Crystal Palace,West Ham,2,3,A
02/01/2022,Brentford,Aston Villa,2,1,H
02/01/2022,Everton,Brighton,2,3,A
02/01/2022,Leeds,Burnley,3,1,H
02/01/2022,Chelsea,Liverpool,2,2,D
03/01/2022,Man United,Wolves,0,1,A
11/01/2022,Southampton,Brentford,4,1,H
12/01/2022,West Ham,Norwich,2,0,H
14/01/2022,Brighton,Crystal Palace,1,1,D
15/01/2022,Man City,Chelsea,1,0,H
15/01/2022,Newcastle,Watford,1,1,D
15/01/2022,Norwich,Everton,2,1,H
15/01/2022,Wolves,Southampton,3,1,H
15/01/2022,Aston Villa,Man United,2,2,D
16/01/2022,Liverpool,Brentford,3,0,H
16/01/2022,West Ham,Leeds,2,3,A
18/01/2022,Brighton,Chelsea,1,1,D
19/01/2022,Leicester,Tottenham,2,3,A
19/01/2022,Brentford,Man United,1,3,A
21/01/2022,Watford,Norwich,0,3,A
22/01/2022,Everton,Aston Villa,0,1,A
22/01/2022,Brentford,Wolves,1,2,A
22/01/2022,Leeds,Newcastle,0,1,A
22/01/2022,Man United,West Ham,1,0,H
22/01/2022,Southampton,Man City,1,1,D
23/01/2022,Arsenal,Burnley,0,0,D
23/01/2022,Crystal Palace,Liverpool,1,3,A
23/01/2022,Leicester,Brighton,1,1,D
23/01/2022,Chelsea,Tottenham,2,0,H
05/02/2022,Burnley,Watford,0,0,D
08/02/2022,Newcastle,Everton,3,1,H
08/02/2022,West Ham,Watford,1,0,H
08/02/2022,Burnley,Man United,1,1,D
09/02/2022,Man City,Brentford,2,0,H
09/02/2022,Norwich,Crystal Palace,1,1,D
09/02/2022,Tottenham,Southampton,2,3,A
09/02/2022,Aston Villa,Leeds,3,3,D
10/02/2022,Liverpool,Leicester,2,0,H
10/02/2022,Wolves,Arsenal,0,1,A
12/02/2022,Man United,Southampton,1,1,D
12/02/2022,Brentford,Crystal Palace,0,0,D
12/02/2022,Everton,Leeds,3,0,H
12/02/2022,Watford,Brighton,0,2,A
12/02/2022,Norwich,Man City,0,4,A
13/02/2022,Burnley,Liverpool,0,1,A
13/02/2022,Newcastle,Aston Villa,1,0,H
13/02/2022,Tottenham,Wolves,0,2,A
13/02/2022,Leicester,West Ham,2,2,D
15/02/2022,Man United,Brighton,2,0,H
19/02/2022,West Ham,Newcastle,1,1,D
19/02/2022,Arsenal,Brentford,2,1,H
19/02/2022,Aston Villa,Watford,0,1,A
19/02/2022,Brighton,Burnley,0,3,A
19/02/2022,Crystal Palace,Chelsea,0,1,A
19/02/2022,Liverpool,Norwich,3,1,H
19/02/2022,Southampton,Everton,2,0,H
19/02/2022,Man City,Tottenham,2,3,A
20/02/2022,Leeds,Man United,2,4,A
20/02/2022,Wolves,Leicester,2,1,H
23/02/2022,Burnley,Tottenham,1,0,H
23/02/2022,Watford,Crystal Palace,1,4,A
23/02/2022,Liverpool,Leeds,6,0,H
24/02/2022,Arsenal,Wolves,2,1,H
25/02/2022,Southampton,Norwich,2,0,H
26/02/2022,Leeds,Tottenham,0,4,A
26/02/2022,Brentford,Newcastle,0,2,A
26/02/2022,Crystal Palace,Burnley,1,1,D
26/02/2022,Man United,Watford,0,0,D
26/02/2022,Brighton,Aston Villa,0,2,A
26/02/2022,Everton,Man City,0,1,A
27/02/2022,West Ham,Wolves,1,0,H
01/03/2022,Burnley,Leicester,0,2,A
05/03/2022,Leicester,Leeds,1,0,H
05/03/2022,Aston Villa,Southampton,4,0,H
05/03/2022,Burnley,Chelsea,0,4,A
05/03/2022,Newcastle,Brighton,2,1,H
05/03/2022,Norwich,Brentford,1,3,A
05/03/2022,Wolves,Crystal Palace,0,2,A
05/03/2022,Liverpool,West Ham,1,0,H
06/03/2022,Watford,Arsenal,2,3,A
06/03/2022,Man City,Man United,4,1,H
07/03/2022,Tottenham,Everton,5,0,H
10/03/2022,Norwich,Chelsea,1,3,A
10/03/2022,Southampton,Newcastle,1,2,A
10/03/2022,Wolves,Watford,4,0,H
10/03/2022,Leeds,Aston Villa,0,3,A
12/03/2022,Brighton,Liverpool,0,2,A
12/03/2022,Brentford,Burnley,2,0,H
12/03/2022,Man United,Tottenham,3,2,H
13/03/2022,Chelsea,Newcastle,1,0,H
13/03/2022,Everton,Wolves,0,1,A
13/03/2022,Leeds,Norwich,2,1,H
13/03/2022,Southampton,Watford,1,2,A
13/03/2022,West Ham,Aston Villa,2,1,H
13/03/2022,Arsenal,Leicester,2,0,H
14/03/2022,Crystal Palace,Man City,0,0,D
16/03/2022,Brighton,Tottenham,0,2,A
16/03/2022,Arsenal,Liverpool,0,2,A
17/03/2022,Everton,Newcastle,1,0,H
18/03/2022,Wolves,Leeds,2,3,A
19/03/2022,Aston Villa,Arsenal,0,1,A
20/03/2022,Leicester,Brentford,2,1,H
20/03/2022,Tottenham,West Ham,3,1,H
02/04/2022,Liverpool,Watford,2,0,H
02/04/2022,Brighton,Norwich,0,0,D
02/04/2022,Burnley,Man City,0,2,A
02/04/2022,Chelsea,Brentford,1,4,A
02/04/2022,Leeds,Southampton,1,1,D
02/04/2022,Wolves,Aston Villa,2,1,H
02/04/2022,Man United,Leicester,1,1,D
03/04/2022,West Ham,Everton,2,1,H
03/04/2022,Tottenham,Newcastle,5,1,H
04/04/2022,Crystal Palace,Arsenal,3,0,H
06/04/2022,Burnley,Everton,3,2,H
08/04/2022,Newcastle,Wolves,1,0,H
09/04/2022,Everton,Man United,1,0,H
09/04/2022,Arsenal,Brighton,1,2,A
09/04/2022,Southampton,Chelsea,0,6,A
09/04/2022,Watford,Leeds,0,3,A
09/04/2022,Aston Villa,Tottenham,0,4,A
10/04/2022,Brentford,West Ham,2,0,H
10/04/2022,Leicester,Crystal Palace,2,1,H
10/04/2022,Norwich,Burnley,2,0,H
10/04/2022,Man City,Liverpool,2,2,D
16/04/2022,Tottenham,Brighton,0,1,A
16/04/2022,Man United,Norwich,3,2,H
16/04/2022,Southampton,Arsenal,1,0,H
16/04/2022,Watford,Brentford,1,2,A
17/04/2022,Newcastle,Leicester,2,1,H
17/04/2022,West Ham,Burnley,1,1,D
19/04/2022,Liverpool,Man United,4,0,H
20/04/2022,Chelsea,Arsenal,2,4,A
20/04/2022,Everton,Leicester,1,1,D
20/04/2022,Newcastle,Crystal Palace,1,0,H
20/04/2022,Man City,Brighton,3,0,H
21/04/2022,Burnley,Southampton,2,0,H
23/04/2022,Arsenal,Man United,3,1,H
23/04/2022,Leicester,Aston Villa,0,0,D
23/04/2022,Man City,Watford,5,1,H
23/04/2022,Norwich,Newcastle,0,3,A
23/04/2022,Brentford,Tottenham,0,0,D
24/04/2022,Brighton,Southampton,2,2,D
24/04/2022,Burnley,Wolves,1,0,H
24/04/2022,Chelsea,West Ham,1,0,H
24/04/2022,Liverpool,Everton,2,0,H
25/04/2022,Crystal Palace,Leeds,0,0,D
28/04/2022,Man United,Chelsea,1,1,D
30/04/2022,Newcastle,Liverpool,0,1,A
30/04/2022,Aston Villa,Norwich,2,0,H
30/04/2022,Southampton,Crystal Palace,1,2,A
30/04/2022,Watford,Burnley,1,2,A
30/04/2022,Wolves,Brighton,0,3,A
30/04/2022,Leeds,Man City,0,4,A
01/05/2022,Everton,Chelsea,1,0,H
01/05/2022,Tottenham,Leicester,3,1,H
01/05/2022,West Ham,Arsenal,1,2,A
02/05/2022,Man United,Brentford,3,0,H
07/05/2022,Brentford,Southampton,3,0,H
07/05/2022,Burnley,Aston Villa,1,3,A
07/05/2022,Chelsea,Wolves,2,2,D
07/05/2022,Crystal Palace,Watford,1,0,H
07/05/2022,Brighton,Man United,4,0,H
07/05/2022,Liverpool,Tottenham,1,1,D
08/05/2022,Arsenal,Leeds,2,1,H
08/05/2022,Leicester,Everton,1,2,A
08/05/2022,Norwich,West Ham,0,4,A
08/05/2022,Man City,Newcastle,5,0,H
10/05/2022,Aston Villa,Liverpool,1,2,A
11/05/2022,Leeds,Chelsea,0,3,A
11/05/2022,Leicester,Norwich,3,0,H
11/05/2022,Watford,Everton,0,0,D
11/05/2022,Wolves,Man City,1,5,A
12/05/2022,Tottenham,Arsenal,3,0,H
15/05/2022,Tottenham,Burnley,1,0,H
15/05/2022,Aston Villa,Crystal Palace,1,1,D
15/05/2022,Leeds,Brighton,1,1,D
15/05/2022,Watford,Leicester,1,5,A
15/05/2022,West Ham,Man City,2,2,D
15/05/2022,Wolves,Norwich,1,1,D
15/05/2022,Everton,Brentford,2,3,A
16/05/2022,Newcastle,Arsenal,2,0,H
17/05/2022,Southampton,Liverpool,1,2,A
19/05/2022,Everton,Crystal Palace,3,2,H
19/05/2022,Aston Villa,Burnley,1,1,D
19/05/2022,Chelsea,Leicester,1,1,D
22/05/2022,Arsenal,Everton,5,1,H
22/05/2022,Brentford,Leeds,1,2,A
22/05/2022,Brighton,West Ham,3,1,H
22/05/2022,Burnley,Newcastle,1,2,A
22/05/2022,Chelsea,Watford,2,1,H
22/05/2022,Crystal Palace,Man United,1,0,H
22/05/2022,Leicester,Southampton,4,1,H
22/05/2022,Liverpool,Wolves,3,1,H
22/05/2022,Man City,Aston Villa,3,2,H
22/05/2022,Norwich,Tottenham,0,5,A
